Quest Link	Same	Max	Guess
"=HYPERLINK(""https://www.wowhead.com/classic/quest=2418"", ""Power Stones"")"			
"=HYPERLINK(""https://www.wowhead.com/classic/quest=705"", ""Pearl Diving"")"			
"=HYPERLINK(""https://www.wowhead.com/classic/quest=710"", ""Study of the Elements: Rock"")"			
"=HYPERLINK(""https://www.wowhead.com/classic/quest=713"", ""Coolant Heads Prevail"")"			
"=HYPERLINK(""https://www.wowhead.com/classic/quest=714"", ""Gyro... What?"")"			
"=HYPERLINK(""https://www.wowhead.com/classic/quest=715"", ""Liquid Stone"")"			
"=HYPERLINK(""https://www.wowhead.com/classic/quest=1108"", ""Indurium"")"			
"=HYPERLINK(""https://www.wowhead.com/classic/quest=2258"", ""Badlands Reagent Run"")"			
"=HYPERLINK(""https://www.wowhead.com/classic/quest=703"", ""Barbecued Buzzard Wings"")"			
"=HYPERLINK(""https://www.wowhead.com/classic/quest=709"", ""Solution to Doom"")"			
"=HYPERLINK(""https://www.wowhead.com/classic/quest=1419"", ""Coyote Thieves"")"			
"=HYPERLINK(""https://www.wowhead.com/tbc/quest=9439"", ""Unclaimed Baggage"")"			
"=HYPERLINK(""https://www.wowhead.com/classic/quest=692"", ""The Lost Fragments"")"			
"=HYPERLINK(""https://www.wowhead.com/classic/quest=716"", ""Stone Is Better than Cloth"")"			
"=HYPERLINK(""https://www.wowhead.com/classic/quest=782"", ""Broken Alliances"")"			
"=HYPERLINK(""https://www.wowhead.com/classic/quest=2203"", ""Badlands Reagent Run II"")"			
"=HYPERLINK(""https://www.wowhead.com/classic/quest=2339"", ""Find the Gems and Power Source"")"			
"=HYPERLINK(""https://www.wowhead.com/classic/quest=656"", ""Summoning the Princess"")"			
"=HYPERLINK(""https://www.wowhead.com/classic/quest=3906"", ""Disharmony of Flame"")"			
"=HYPERLINK(""https://www.wowhead.com/classic/quest=4081"", ""KILL ON SIGHT: Dark Iron Dwarves"")"			
"=HYPERLINK(""https://www.wowhead.com/classic/quest=3822"", ""Krom'Grul"")"			
"=HYPERLINK(""https://www.wowhead.com/classic/quest=4061"", ""The Rise of the Machines"")"			
"=HYPERLINK(""https://www.wowhead.com/classic/quest=4082"", ""KILL ON SIGHT: High Ranking Dark Iron Officials"")"			
"=HYPERLINK(""https://www.wowhead.com/classic/quest=4134"", ""Lost Thunderbrew Recipe"")"			
"=HYPERLINK(""https://www.wowhead.com/classic/quest=3907"", ""Disharmony of Fire"")"			
"=HYPERLINK(""https://www.wowhead.com/classic/quest=4121"", ""Precarious Predicament"")"			
"=HYPERLINK(""https://www.wowhead.com/classic/quest=4132"", ""Operation: Death to Angerforge"")"			
"=HYPERLINK(""https://www.wowhead.com/classic/quest=4724"", ""The Pack Mistress"")"			
"=HYPERLINK(""https://www.wowhead.com/classic/quest=4768"", ""The Darkstone Tablet"")"			
"=HYPERLINK(""https://www.wowhead.com/classic/quest=4903"", ""Warlord's Command"")"			
"=HYPERLINK(""https://www.wowhead.com/classic/quest=2581"", ""Snickerfang Jowls"")"			
"=HYPERLINK(""https://www.wowhead.com/classic/quest=2583"", ""A Boar's Vitality"")"			
"=HYPERLINK(""https://www.wowhead.com/classic/quest=2585"", ""The Decisive Striker"")"			
"=HYPERLINK(""https://www.wowhead.com/classic/quest=2601"", ""The Basilisk's Bite"")"			
"=HYPERLINK(""https://www.wowhead.com/classic/quest=2603"", ""Vulture's Vigor"")"			
"=HYPERLINK(""https://www.wowhead.com/classic/quest=2521"", ""To Serve Kum'isha"")"			
"=HYPERLINK(""https://www.wowhead.com/classic/quest=3501"", ""Everything Counts In Large Amounts"")"			
"=HYPERLINK(""https://www.wowhead.com/classic/quest=1389"", ""Draenethyst Crystals"")"			
"=HYPERLINK(""https://www.wowhead.com/tbc/quest=9440"", ""Little Morsels"")"			
"=HYPERLINK(""https://www.wowhead.com/tbc/quest=9448"", ""Mercy for the Cursed"")"			
"=HYPERLINK(""https://www.wowhead.com/classic/quest=698"", ""Lack of Surplus"")"			
"=HYPERLINK(""https://www.wowhead.com/classic/quest=1424"", ""Pool of Tears"")"			
"=HYPERLINK(""https://www.wowhead.com/classic/quest=1430"", ""Fresh Meat"")"			
"=HYPERLINK(""https://www.wowhead.com/classic/quest=1428"", ""Continued Threat"")"			
"=HYPERLINK(""https://www.wowhead.com/classic/quest=1445"", ""The Temple of Atal'Hakkar"")"			
"=HYPERLINK(""https://www.wowhead.com/classic/quest=2623"", ""The Swamp Talker"")"			
"=HYPERLINK(""https://www.wowhead.com/classic/quest=2681"", ""The Stones That Bind Us"")"			
"=HYPERLINK(""https://www.wowhead.com/classic/quest=3627"", ""Uniting the Shattered Amulet"")"			
"=HYPERLINK(""https://www.wowhead.com/classic/quest=3628"", ""You Are Rakh'likh, Demon"")"			
"=HYPERLINK(""https://www.wowhead.com/classic/quest=228"", ""Mor'Ladim"")"			
"=HYPERLINK(""https://www.wowhead.com/classic/quest=55"", ""Morbent Fel"")"			
"=HYPERLINK(""https://www.wowhead.com/classic/quest=470"", ""Digging Through the Ooze"")"			
"=HYPERLINK(""https://www.wowhead.com/classic/quest=788"", ""Cutting Teeth"")"			
"=HYPERLINK(""https://www.wowhead.com/classic/quest=789"", ""Sting of the Scorpid"")"			120
"=HYPERLINK(""https://www.wowhead.com/classic/quest=4402"", ""Galgar's Cactus Apple Surprise"")"			60
"=HYPERLINK(""https://www.wowhead.com/classic/quest=792"", ""Vile Familiars"")"			100
"=HYPERLINK(""https://www.wowhead.com/classic/quest=5441"", ""Lazy Peons"")"			180
"=HYPERLINK(""https://www.wowhead.com/classic/quest=6394"", ""Thazz'ril's Pick"")"			60
"=HYPERLINK(""https://www.wowhead.com/classic/quest=790"", ""Sarkoth"")"			60
"=HYPERLINK(""https://www.wowhead.com/classic/quest=794"", ""Burning Blade Medallion"")"			120
"=HYPERLINK(""https://www.wowhead.com/classic/quest=784"", ""Vanquish the Betrayers"")"			300
"=HYPERLINK(""https://www.wowhead.com/classic/quest=791"", ""Carry Your Weight"")"			100
"=HYPERLINK(""https://www.wowhead.com/classic/quest=818"", ""A Solvent Spirit"")"			
"=HYPERLINK(""https://www.wowhead.com/classic/quest=786"", ""Thwarting Kolkar Aggression"")"			
"=HYPERLINK(""https://www.wowhead.com/classic/quest=815"", ""Break a Few Eggs"")"			180
"=HYPERLINK(""https://www.wowhead.com/classic/quest=817"", ""Practical Prey"")"			
"=HYPERLINK(""https://www.wowhead.com/classic/quest=825"", ""From The Wreckage...."")"			
"=HYPERLINK(""https://www.wowhead.com/classic/quest=808"", ""Minshina's Skull"")"			30
"=HYPERLINK(""https://www.wowhead.com/classic/quest=812"", ""Need for a Cure"")"			
"=HYPERLINK(""https://www.wowhead.com/classic/quest=834"", ""Winds in the Desert"")"			
"=HYPERLINK(""https://www.wowhead.com/classic/quest=826"", ""Zalazane"")"			300
"=HYPERLINK(""https://www.wowhead.com/classic/quest=837"", ""Encroachment"")"			240
"=HYPERLINK(""https://www.wowhead.com/classic/quest=816"", ""Lost But Not Forgotten"")"			240
"=HYPERLINK(""https://www.wowhead.com/classic/quest=835"", ""Securing the Lines"")"			300
"=HYPERLINK(""https://www.wowhead.com/classic/quest=806"", ""Dark Storms"")"			300
"=HYPERLINK(""https://www.wowhead.com/classic/quest=827"", ""Skull Rock"")"			120
"=HYPERLINK(""https://www.wowhead.com/classic/quest=2937"", ""Summoning Shadra"")"			
"=HYPERLINK(""https://www.wowhead.com/classic/quest=1201"", ""Theramore Spies"")"			
"=HYPERLINK(""https://www.wowhead.com/classic/quest=1202"", ""The Theramore Docks"")"			
"=HYPERLINK(""https://www.wowhead.com/classic/quest=1203"", ""Jarl Needs a Blade"")"			
"=HYPERLINK(""https://www.wowhead.com/classic/quest=1206"", ""Jarl Needs Eyes"")"			
"=HYPERLINK(""https://www.wowhead.com/classic/quest=1218"", ""Marsh Frog Legs"")"			
"=HYPERLINK(""https://www.wowhead.com/classic/quest=1177"", ""Hungry!"")"			
"=HYPERLINK(""https://www.wowhead.com/tbc/quest=11180"", ""What's Haunting Witch Hill?"")"			
"=HYPERLINK(""https://www.wowhead.com/tbc/quest=11181"", ""The Witch's Bane"")"			
"=HYPERLINK(""https://www.wowhead.com/tbc/quest=11183"", ""Cleansing Witch Hill"")"			
"=HYPERLINK(""https://www.wowhead.com/tbc/quest=9437"", ""Twilight of the Dawn Runner"")"			
"=HYPERLINK(""https://www.wowhead.com/tbc/quest=11200"", ""More than Coincidence"")"			
"=HYPERLINK(""https://www.wowhead.com/tbc/quest=11169"", ""The Grimtotem Weapon"")"			
"=HYPERLINK(""https://www.wowhead.com/tbc/quest=11201"", ""The Grimtotem Plot"")"			
"=HYPERLINK(""https://www.wowhead.com/tbc/quest=11156"", ""Direhorn Raiders"")"			
"=HYPERLINK(""https://www.wowhead.com/tbc/quest=11158"", ""Bloodfen Feathers"")"			
"=HYPERLINK(""https://www.wowhead.com/tbc/quest=11160"", ""Banner of the Stonemaul"")"			
"=HYPERLINK(""https://www.wowhead.com/tbc/quest=11161"", ""The Essence of Enmity"")"			
"=HYPERLINK(""https://www.wowhead.com/tbc/quest=11173"", ""The Reagent Thief"")"			
"=HYPERLINK(""https://www.wowhead.com/tbc/quest=11184"", ""WANTED: Goreclaw the Ravenous"")"			
"=HYPERLINK(""https://www.wowhead.com/tbc/quest=11207"", ""Secure the Cargo!"")"			
"=HYPERLINK(""https://www.wowhead.com/classic/quest=1261"", ""Marg Speaks"")"			
"=HYPERLINK(""https://www.wowhead.com/tbc/quest=11174"", ""Corrosion Prevention"")"			
"=HYPERLINK(""https://www.wowhead.com/tbc/quest=11217"", ""Catch a Dragon by the Tail"")"			
"=HYPERLINK(""https://www.wowhead.com/classic/quest=1166"", ""Overlord Mok'Morokk's Concern"")"			
"=HYPERLINK(""https://www.wowhead.com/classic/quest=1168"", ""Army of the Black Dragon"")"			
"=HYPERLINK(""https://www.wowhead.com/classic/quest=1169"", ""Identifying the Brood"")"			
"=HYPERLINK(""https://www.wowhead.com/tbc/quest=11159"", ""Spirits of Stonemaul Hold"")"			
"=HYPERLINK(""https://www.wowhead.com/tbc/quest=11162"", ""Challenge to the Black Flight"")"			
"=HYPERLINK(""https://www.wowhead.com/classic/quest=6607"", ""Nat Pagle, Angler Extreme"")"			
"=HYPERLINK(""https://www.wowhead.com/classic/quest=2846"", ""Tiara of the Deep"")"			
"=HYPERLINK(""https://www.wowhead.com/classic/quest=6582"", ""The Test of Skulls, Scryer"")"			
"=HYPERLINK(""https://www.wowhead.com/classic/quest=6583"", ""The Test of Skulls, Somnus"")"			
"=HYPERLINK(""https://www.wowhead.com/classic/quest=6584"", ""The Test of Skulls, Chronalis"")"			
"=HYPERLINK(""https://www.wowhead.com/classic/quest=6585"", ""The Test of Skulls, Axtroz"")"			
"=HYPERLINK(""https://www.wowhead.com/classic/quest=5535"", ""Spiritual Unrest"")"			
"=HYPERLINK(""https://www.wowhead.com/classic/quest=5536"", ""A Land Filled with Hatred"")"			
"=HYPERLINK(""https://www.wowhead.com/classic/quest=3517"", ""Stealing Knowledge"")"			
"=HYPERLINK(""https://www.wowhead.com/classic/quest=3601"", ""Kim'jael Indeed!"")"			
"=HYPERLINK(""https://www.wowhead.com/classic/quest=5534"", ""Kim'jael's \""""Missing\"""" Equipment"")"			
"=HYPERLINK(""https://www.wowhead.com/classic/quest=6805"", ""Stormers and Rumblers"")"			
"=HYPERLINK(""https://www.wowhead.com/classic/quest=3602"", ""Azsharite"")"			
"=HYPERLINK(""https://www.wowhead.com/classic/quest=6821"", ""Eye of the Emberseer"")"			
"=HYPERLINK(""https://www.wowhead.com/classic/quest=6822"", ""The Molten Core"")"			
"=HYPERLINK(""https://www.wowhead.com/classic/quest=6824"", ""Hands of the Enemy"")"			
"=HYPERLINK(""https://www.wowhead.com/classic/quest=844"", ""Plainstrider Menace"")"			180
"=HYPERLINK(""https://www.wowhead.com/classic/quest=871"", ""Disrupt the Attacks"")"			240
"=HYPERLINK(""https://www.wowhead.com/classic/quest=845"", ""The Zhevra"")"			120
"=HYPERLINK(""https://www.wowhead.com/classic/quest=869"", ""Raptor Thieves"")"			240
"=HYPERLINK(""https://www.wowhead.com/classic/quest=870"", ""The Forgotten Pools"")"			120
"=HYPERLINK(""https://www.wowhead.com/classic/quest=855"", ""Centaur Bracers"")"			300
"=HYPERLINK(""https://www.wowhead.com/classic/quest=887"", ""Southsea Freebooters"")"			300
"=HYPERLINK(""https://www.wowhead.com/classic/quest=924"", ""The Demon Seed"")"			120
"=HYPERLINK(""https://www.wowhead.com/classic/quest=5041"", ""Supplies for the Crossroads"")"			
"=HYPERLINK(""https://www.wowhead.com/classic/quest=848"", ""Fungal Spores"")"			180
"=HYPERLINK(""https://www.wowhead.com/classic/quest=867"", ""Harpy Raiders"")"			240
"=HYPERLINK(""https://www.wowhead.com/classic/quest=872"", ""The Disruption Ends"")"			300
"=HYPERLINK(""https://www.wowhead.com/classic/quest=903"", ""Prowlers of the Barrens"")"			180
"=HYPERLINK(""https://www.wowhead.com/classic/quest=3922"", ""Nugget Slugs"")"			
"=HYPERLINK(""https://www.wowhead.com/classic/quest=850"", ""Kolkar Leaders"")"			120
"=HYPERLINK(""https://www.wowhead.com/classic/quest=866"", ""Root Samples"")"			
"=HYPERLINK(""https://www.wowhead.com/classic/quest=875"", ""Harpy Lieutenants"")"			240
"=HYPERLINK(""https://www.wowhead.com/classic/quest=877"", ""The Stagnant Oasis"")"			30
"=HYPERLINK(""https://www.wowhead.com/classic/quest=880"", ""Altered Beings"")"			240
"=HYPERLINK(""https://www.wowhead.com/classic/quest=881"", ""Echeyakee"")"			60
"=HYPERLINK(""https://www.wowhead.com/classic/quest=888"", ""Stolen Booty"")"			
"=HYPERLINK(""https://www.wowhead.com/classic/quest=895"", ""WANTED: Baron Longshore"")"			120
"=HYPERLINK(""https://www.wowhead.com/classic/quest=905"", ""The Angry Scytheclaws"")"			
"=HYPERLINK(""https://www.wowhead.com/classic/quest=1486"", ""Deviate Hides"")"			
"=HYPERLINK(""https://www.wowhead.com/classic/quest=851"", ""Verog the Dervish"")"			360
"=HYPERLINK(""https://www.wowhead.com/classic/quest=858"", ""Ignition"")"			240
"=HYPERLINK(""https://www.wowhead.com/classic/quest=865"", ""Raptor Horns"")"			240
"=HYPERLINK(""https://www.wowhead.com/classic/quest=896"", ""Miner's Fortune"")"			300
"=HYPERLINK(""https://www.wowhead.com/classic/quest=907"", ""Enraged Thunder Lizards"")"			
"=HYPERLINK(""https://www.wowhead.com/classic/quest=959"", ""Trouble at the Docks"")"			
"=HYPERLINK(""https://www.wowhead.com/classic/quest=1491"", ""Smart Drinks"")"			
"=HYPERLINK(""https://www.wowhead.com/classic/quest=3281"", ""Stolen Silver"")"			180
"=HYPERLINK(""https://www.wowhead.com/classic/quest=6548"", ""Avenge My Village"")"			
"=HYPERLINK(""https://www.wowhead.com/classic/quest=6629"", ""Kill Grundig Darkcloud"")"			
"=HYPERLINK(""https://www.wowhead.com/classic/quest=852"", ""Hezrul Bloodmark"")"			
"=HYPERLINK(""https://www.wowhead.com/classic/quest=882"", ""Ishamuhale"")"			60
"=HYPERLINK(""https://www.wowhead.com/classic/quest=1062"", ""Goblin Invaders"")"			
"=HYPERLINK(""https://www.wowhead.com/classic/quest=6543"", ""The Warsong Reports"")"			
"=HYPERLINK(""https://www.wowhead.com/classic/quest=876"", ""Serena Bloodfeather"")"			180
"=HYPERLINK(""https://www.wowhead.com/classic/quest=891"", ""The Guns of Northwatch"")"			
"=HYPERLINK(""https://www.wowhead.com/classic/quest=899"", ""Consumed by Hatred"")"			300
"=HYPERLINK(""https://www.wowhead.com/classic/quest=913"", ""Cry of the Thunderhawk"")"			
"=HYPERLINK(""https://www.wowhead.com/classic/quest=1069"", ""Deepmoss Spider Eggs"")"			
"=HYPERLINK(""https://www.wowhead.com/classic/quest=4021"", ""Counterattack!"")"			240
"=HYPERLINK(""https://www.wowhead.com/classic/quest=4921"", ""Lost in Battle"")"			60
"=HYPERLINK(""https://www.wowhead.com/classic/quest=878"", ""Tribes at War"")"			500
"=HYPERLINK(""https://www.wowhead.com/classic/quest=1487"", ""Deviate Eradication"")"			
"=HYPERLINK(""https://www.wowhead.com/classic/quest=5052"", ""Blood Shards of Agamaggan"")"			1
"=HYPERLINK(""https://www.wowhead.com/classic/quest=868"", ""Egg Hunt"")"			300
"=HYPERLINK(""https://www.wowhead.com/classic/quest=843"", ""Gann's Reclamation"")"			
"=HYPERLINK(""https://www.wowhead.com/classic/quest=862"", ""Dig Rat Stew"")"			
"=HYPERLINK(""https://www.wowhead.com/classic/quest=1068"", ""Shredding Machines"")"			
"=HYPERLINK(""https://www.wowhead.com/classic/quest=893"", ""Weapons of Choice"")"			400
"=HYPERLINK(""https://www.wowhead.com/classic/quest=879"", ""Betrayal from Within"")"			
"=HYPERLINK(""https://www.wowhead.com/classic/quest=846"", ""Revenge of Gann"")"			30
"=HYPERLINK(""https://www.wowhead.com/classic/quest=1221"", ""Blueleaf Tubers"")"			
"=HYPERLINK(""https://www.wowhead.com/classic/quest=873"", ""Isha Awak"")"			120
"=HYPERLINK(""https://www.wowhead.com/classic/quest=1153"", ""A New Ore Sample"")"			60
"=HYPERLINK(""https://www.wowhead.com/classic/quest=3514"", ""Horde Presence"")"			
"=HYPERLINK(""https://www.wowhead.com/classic/quest=857"", ""The Tear of the Moons"")"			
"=HYPERLINK(""https://www.wowhead.com/classic/quest=1148"", ""Parts of the Swarm"")"			
"=HYPERLINK(""https://www.wowhead.com/classic/quest=6626"", ""A Host of Evil"")"			
"=HYPERLINK(""https://www.wowhead.com/classic/quest=4146"", ""Zapper Fuel"")"			
"=HYPERLINK(""https://www.wowhead.com/classic/quest=4502"", ""Volcanic Activity"")"			
"=HYPERLINK(""https://www.wowhead.com/classic/quest=4984"", ""The Wildlife Suffers Too"")"			
"=HYPERLINK(""https://www.wowhead.com/classic/quest=5051"", ""Two Halves Become One"")"			
"=HYPERLINK(""https://www.wowhead.com/classic/quest=4971"", ""A Matter of Time"")"			
"=HYPERLINK(""https://www.wowhead.com/classic/quest=4972"", ""Counting Out Time"")"			
"=HYPERLINK(""https://www.wowhead.com/classic/quest=5153"", ""A Strange Historian"")"			
"=HYPERLINK(""https://www.wowhead.com/classic/quest=5154"", ""The Annals of Darrowshire"")"			
"=HYPERLINK(""https://www.wowhead.com/classic/quest=6004"", ""Unfinished Business"")"			
"=HYPERLINK(""https://www.wowhead.com/tbc/quest=9444"", ""Defiling Uther's Tomb"")"			
"=HYPERLINK(""https://www.wowhead.com/classic/quest=5166"", ""Breastplate of the Chromatic Flight"")"			
"=HYPERLINK(""https://www.wowhead.com/classic/quest=5167"", ""Legplates of the Chromatic Defier"")"			
"=HYPERLINK(""https://www.wowhead.com/classic/quest=5382"", ""Doctor Theolen Krastinov, the Butcher"")"			
"=HYPERLINK(""https://www.wowhead.com/classic/quest=5384"", ""Kirtonos the Herald"")"			
"=HYPERLINK(""https://www.wowhead.com/classic/quest=5461"", ""The Human, Ras Frostwhisper"")"			
"=HYPERLINK(""https://www.wowhead.com/classic/quest=5466"", ""The Lich, Ras Frostwhisper"")"			
"=HYPERLINK(""https://www.wowhead.com/classic/quest=5721"", ""The Battle of Darrowshire"")"			
"=HYPERLINK(""https://www.wowhead.com/classic/quest=6569"", ""Oculus Illusions"")"			
"=HYPERLINK(""https://www.wowhead.com/classic/quest=185"", ""Tiger Mastery"")"			
"=HYPERLINK(""https://www.wowhead.com/classic/quest=190"", ""Panther Mastery"")"			
"=HYPERLINK(""https://www.wowhead.com/classic/quest=575"", ""Supply and Demand"")"			
"=HYPERLINK(""https://www.wowhead.com/classic/quest=201"", ""Investigate the Camp"")"			
"=HYPERLINK(""https://www.wowhead.com/classic/quest=194"", ""Raptor Mastery"")"			
"=HYPERLINK(""https://www.wowhead.com/classic/quest=581"", ""Hunt for Yenniku"")"			
"=HYPERLINK(""https://www.wowhead.com/tbc/quest=9436"", ""Bloodscalp Insight"")"			
"=HYPERLINK(""https://www.wowhead.com/classic/quest=189"", ""Bloodscalp Ears"")"			
"=HYPERLINK(""https://www.wowhead.com/classic/quest=605"", ""Singing Blue Shards"")"			
"=HYPERLINK(""https://www.wowhead.com/classic/quest=213"", ""Hostile Takeover"")"			
"=HYPERLINK(""https://www.wowhead.com/classic/quest=568"", ""The Defense of Grom'gol"")"			
"=HYPERLINK(""https://www.wowhead.com/classic/quest=577"", ""Some Assembly Required"")"			
"=HYPERLINK(""https://www.wowhead.com/classic/quest=1116"", ""Dream Dust in the Swamp"")"			
"=HYPERLINK(""https://www.wowhead.com/tbc/quest=9457"", ""An Unusual Patron"")"			
"=HYPERLINK(""https://www.wowhead.com/classic/quest=582"", ""Headhunting"")"			
"=HYPERLINK(""https://www.wowhead.com/classic/quest=596"", ""Bloody Bone Necklaces"")"			
"=HYPERLINK(""https://www.wowhead.com/classic/quest=629"", ""The Vile Reef"")"			
"=HYPERLINK(""https://www.wowhead.com/classic/quest=570"", ""Mok'thardin's Enchantment"")"			
"=HYPERLINK(""https://www.wowhead.com/classic/quest=628"", ""Excelsior"")"			
"=HYPERLINK(""https://www.wowhead.com/classic/quest=338"", ""The Green Hills of Stranglethorn"")"			
"=HYPERLINK(""https://www.wowhead.com/classic/quest=339"", ""Chapter I"")"			
"=HYPERLINK(""https://www.wowhead.com/classic/quest=340"", ""Chapter II"")"			
"=HYPERLINK(""https://www.wowhead.com/classic/quest=341"", ""Chapter III"")"			
"=HYPERLINK(""https://www.wowhead.com/classic/quest=342"", ""Chapter IV"")"			
"=HYPERLINK(""https://www.wowhead.com/classic/quest=585"", ""Speaking with Nezzliok"")"			
"=HYPERLINK(""https://www.wowhead.com/classic/quest=584"", ""Bloodscalp Clan Heads"")"			
"=HYPERLINK(""https://www.wowhead.com/classic/quest=587"", ""Up to Snuff"")"			
"=HYPERLINK(""https://www.wowhead.com/classic/quest=600"", ""Venture Company Mining"")"			
"=HYPERLINK(""https://www.wowhead.com/classic/quest=606"", ""Scaring Shaky"")"			
"=HYPERLINK(""https://www.wowhead.com/classic/quest=209"", ""Skullsplitter Tusks"")"			
"=HYPERLINK(""https://www.wowhead.com/classic/quest=576"", ""Keep An Eye Out"")"			
"=HYPERLINK(""https://www.wowhead.com/classic/quest=598"", ""Split Bone Necklace"")"			
"=HYPERLINK(""https://www.wowhead.com/classic/quest=208"", ""Big Game Hunter"")"			
"=HYPERLINK(""https://www.wowhead.com/classic/quest=617"", ""Akiris by the Bundle"")"			
"=HYPERLINK(""https://www.wowhead.com/classic/quest=609"", ""Voodoo Dues"")"			
"=HYPERLINK(""https://www.wowhead.com/classic/quest=613"", ""Cracking Maury's Foot"")"			
"=HYPERLINK(""https://www.wowhead.com/classic/quest=621"", ""Zanzil's Secret"")"			
"=HYPERLINK(""https://www.wowhead.com/classic/quest=348"", ""Stranglethorn Fever"")"			
"=HYPERLINK(""https://www.wowhead.com/classic/quest=589"", ""The Singing Crystals"")"			
"=HYPERLINK(""https://www.wowhead.com/classic/quest=2761"", ""Smelt On, Smelt Off"")"			
"=HYPERLINK(""https://www.wowhead.com/classic/quest=2762"", ""The Great Silver Deceiver"")"			
"=HYPERLINK(""https://www.wowhead.com/classic/quest=2763"", ""The Art of the Imbue"")"			
"=HYPERLINK(""https://www.wowhead.com/classic/quest=586"", ""Speaking with Gan'zulah"")"			
"=HYPERLINK(""https://www.wowhead.com/classic/quest=591"", ""The Mind's Eye"")"			
"=HYPERLINK(""https://www.wowhead.com/classic/quest=592"", ""Saving Yenniku"")"			
"=HYPERLINK(""https://www.wowhead.com/classic/quest=580"", ""Whiskey Slim's Lost Grog"")"			
"=HYPERLINK(""https://www.wowhead.com/classic/quest=4621"", ""Avast Ye, Admiral!"")"			
"=HYPERLINK(""https://www.wowhead.com/classic/quest=8201"", ""A Collection of Heads"")"			
"=HYPERLINK(""https://www.wowhead.com/classic/quest=535"", ""Valik"")"			
"=HYPERLINK(""https://www.wowhead.com/classic/quest=503"", ""Gol'dir"")"			
"=HYPERLINK(""https://www.wowhead.com/classic/quest=507"", ""Lord Aliden Perenolde"")"			
"=HYPERLINK(""https://www.wowhead.com/classic/quest=7181"", ""The Legend of Korrak"")"			
"=HYPERLINK(""https://www.wowhead.com/classic/quest=103"", ""Keeper of the Flame"")"			
"=HYPERLINK(""https://www.wowhead.com/classic/quest=152"", ""The Coast Isn't Clear"")"			
"=HYPERLINK(""https://www.wowhead.com/classic/quest=104"", ""The Coastal Menace"")"			
"=HYPERLINK(""https://www.wowhead.com/tbc/quest=9644"", ""Nightbane"")"			
"=HYPERLINK(""https://www.wowhead.com/tbc/quest=9645"", ""The Master's Terrace"")"			
"=HYPERLINK(""https://www.wowhead.com/tbc/quest=9680"", ""Digging Up the Past"")"			
"=HYPERLINK(""https://www.wowhead.com/tbc/quest=9824"", ""Arcane Disturbances"")"			
"=HYPERLINK(""https://www.wowhead.com/tbc/quest=9825"", ""Restless Activity"")"			
"=HYPERLINK(""https://www.wowhead.com/tbc/quest=9843"", ""Keanna's Log"")"			
"=HYPERLINK(""https://www.wowhead.com/tbc/quest=9844"", ""A Demonic Presence"")"			
"=HYPERLINK(""https://www.wowhead.com/classic/quest=3741"", ""Hilary's Necklace"")"			
"=HYPERLINK(""https://www.wowhead.com/classic/quest=122"", ""Underbelly Scales"")"			
"=HYPERLINK(""https://www.wowhead.com/classic/quest=124"", ""A Baying of Gnolls"")"			
"=HYPERLINK(""https://www.wowhead.com/classic/quest=126"", ""Howling in the Hills"")"			
"=HYPERLINK(""https://www.wowhead.com/classic/quest=681"", ""Northfold Manor"")"			
"=HYPERLINK(""https://www.wowhead.com/classic/quest=676"", ""The Hammer May Fall"")"			
"=HYPERLINK(""https://www.wowhead.com/classic/quest=677"", ""Call to Arms"")"			
"=HYPERLINK(""https://www.wowhead.com/classic/quest=671"", ""Foul Magics"")"			
"=HYPERLINK(""https://www.wowhead.com/classic/quest=672"", ""Raising Spirits"")"			
"=HYPERLINK(""https://www.wowhead.com/classic/quest=639"", ""Sigil of Strom"")"			
"=HYPERLINK(""https://www.wowhead.com/classic/quest=642"", ""The Princess Trapped"")"			
"=HYPERLINK(""https://www.wowhead.com/classic/quest=701"", ""Guile of the Raptor"")"			
"=HYPERLINK(""https://www.wowhead.com/classic/quest=651"", ""Stones of Binding"")"			
"=HYPERLINK(""https://www.wowhead.com/classic/quest=640"", ""The Broken Sigil"")"			
"=HYPERLINK(""https://www.wowhead.com/classic/quest=662"", ""Deep Sea Salvage"")"			
"=HYPERLINK(""https://www.wowhead.com/classic/quest=664"", ""Drowned Sorrows"")"			
"=HYPERLINK(""https://www.wowhead.com/classic/quest=680"", ""The Real Threat"")"			
"=HYPERLINK(""https://www.wowhead.com/classic/quest=643"", ""Sigil of Arathor"")"			
"=HYPERLINK(""https://www.wowhead.com/classic/quest=644"", ""Sigil of Trollbane"")"			
"=HYPERLINK(""https://www.wowhead.com/classic/quest=652"", ""Breaking the Keystone"")"			
"=HYPERLINK(""https://www.wowhead.com/classic/quest=4296"", ""Tablet of the Seven"")"			
"=HYPERLINK(""https://www.wowhead.com/classic/quest=4726"", ""Broodling Essence"")"			
"=HYPERLINK(""https://www.wowhead.com/classic/quest=4136"", ""Ribbly Screwspigot"")"			
"=HYPERLINK(""https://www.wowhead.com/classic/quest=4022"", ""A Taste of Flame"")"			
"=HYPERLINK(""https://www.wowhead.com/classic/quest=4123"", ""The Heart of the Mountain"")"			
"=HYPERLINK(""https://www.wowhead.com/classic/quest=4701"", ""Put Her Down"")"			
"=HYPERLINK(""https://www.wowhead.com/classic/quest=4729"", ""Kibler's Exotic Pets"")"			
"=HYPERLINK(""https://www.wowhead.com/classic/quest=4862"", ""En-Ay-Es-Tee-Why"")"			
"=HYPERLINK(""https://www.wowhead.com/classic/quest=4735"", ""Egg Collection"")"			
"=HYPERLINK(""https://www.wowhead.com/classic/quest=8961"", ""Three Kings of Flame"")"			
"=HYPERLINK(""https://www.wowhead.com/classic/quest=8970"", ""I See Alcaz Island In Your Future..."")"			
"=HYPERLINK(""https://www.wowhead.com/classic/quest=8994"", ""Final Preparations"")"			
"=HYPERLINK(""https://www.wowhead.com/classic/quest=8995"", ""Mea Culpa, Lord Valthalak"")"			
"=HYPERLINK(""https://www.wowhead.com/classic/quest=8996"", ""Return to Bodley"")"			
"=HYPERLINK(""https://www.wowhead.com/classic/quest=2880"", ""Troll Necklace Bounty"")"			
"=HYPERLINK(""https://www.wowhead.com/tbc/quest=9470"", ""A Gesture of Goodwill"")"			
"=HYPERLINK(""https://www.wowhead.com/classic/quest=2995"", ""Lines of Communication"")"			
"=HYPERLINK(""https://www.wowhead.com/classic/quest=77"", ""A Sticky Situation"")"			
"=HYPERLINK(""https://www.wowhead.com/classic/quest=7816"", ""Gammerita, Mon!"")"			
"=HYPERLINK(""https://www.wowhead.com/classic/quest=7828"", ""Stalking the Stalkers"")"			
"=HYPERLINK(""https://www.wowhead.com/classic/quest=7829"", ""Hunt the Savages"")"			
"=HYPERLINK(""https://www.wowhead.com/classic/quest=7830"", ""Avenging the Fallen"")"			
"=HYPERLINK(""https://www.wowhead.com/classic/quest=7839"", ""Vilebranch Hooligans"")"			
"=HYPERLINK(""https://www.wowhead.com/classic/quest=7841"", ""Message to the Wildhammer"")"			
"=HYPERLINK(""https://www.wowhead.com/classic/quest=7842"", ""Another Message to the Wildhammer"")"			
"=HYPERLINK(""https://www.wowhead.com/classic/quest=7844"", ""Cannibalistic Cousins"")"			
"=HYPERLINK(""https://www.wowhead.com/classic/quest=7840"", ""Lard Lost His Lunch"")"			
"=HYPERLINK(""https://www.wowhead.com/classic/quest=7815"", ""Snapjaws, Mon!"")"			
"=HYPERLINK(""https://www.wowhead.com/classic/quest=7843"", ""The Final Message to the Wildhammer"")"			
"=HYPERLINK(""https://www.wowhead.com/classic/quest=7849"", ""Separation Anxiety"")"			
"=HYPERLINK(""https://www.wowhead.com/classic/quest=7850"", ""Dark Vessels"")"			
"=HYPERLINK(""https://www.wowhead.com/classic/quest=7846"", ""Recover the Key!"")"			
"=HYPERLINK(""https://www.wowhead.com/classic/quest=7861"", ""Wanted: Vile Priestess Hexx and Her Minions"")"			
"=HYPERLINK(""https://www.wowhead.com/classic/quest=7862"", ""Job Opening: Guard Captain of Revantusk Village"")"			
"=HYPERLINK(""https://www.wowhead.com/classic/quest=1446"", ""Jammal'an the Prophet"")"			
"=HYPERLINK(""https://www.wowhead.com/classic/quest=4449"", ""Caught!"")"			
"=HYPERLINK(""https://www.wowhead.com/classic/quest=4450"", ""Ledger from Tanaris"")"			
"=HYPERLINK(""https://www.wowhead.com/classic/quest=3442"", ""The Flawless Flame"")"			
"=HYPERLINK(""https://www.wowhead.com/classic/quest=3443"", ""Forging the Shaft"")"			
"=HYPERLINK(""https://www.wowhead.com/classic/quest=7728"", ""STOLEN: Smithing Tuyere and Lookout's Spyglass"")"			
"=HYPERLINK(""https://www.wowhead.com/classic/quest=7729"", ""JOB OPPORTUNITY: Culling the Competition"")"			
"=HYPERLINK(""https://www.wowhead.com/classic/quest=7702"", ""Kill 'Em With Sleep Deprivation"")"			
"=HYPERLINK(""https://www.wowhead.com/classic/quest=7723"", ""Curse These Fat Fingers"")"			
"=HYPERLINK(""https://www.wowhead.com/classic/quest=7724"", ""Fiery Menace!"")"			
"=HYPERLINK(""https://www.wowhead.com/classic/quest=7727"", ""Incendosaurs? Whateverosaur is More Like It"")"			
"=HYPERLINK(""https://www.wowhead.com/classic/quest=3379"", ""Shadoweaver"")"			
"=HYPERLINK(""https://www.wowhead.com/classic/quest=3385"", ""The Undermarket"")"			
"=HYPERLINK(""https://www.wowhead.com/classic/quest=3452"", ""The Flame's Casing"")"			
"=HYPERLINK(""https://www.wowhead.com/classic/quest=7701"", ""WANTED: Overseer Maltorius"")"			
"=HYPERLINK(""https://www.wowhead.com/classic/quest=7722"", ""What the Flux?"")"			
"=HYPERLINK(""https://www.wowhead.com/classic/quest=3463"", ""Set Them Ablaze!"")"			
"=HYPERLINK(""https://www.wowhead.com/classic/quest=7487"", ""Attunement to the Core"")"			
"=HYPERLINK(""https://www.wowhead.com/wotlk/quest=11958"", ""Let Nothing Go To Waste"")"			
"=HYPERLINK(""https://www.wowhead.com/wotlk/quest=11960"", ""Planning for the Future"")"			
"=HYPERLINK(""https://www.wowhead.com/wotlk/quest=11978"", ""Into the Fold"")"			
"=HYPERLINK(""https://www.wowhead.com/wotlk/quest=11980"", ""Pride of the Horde"")"			
"=HYPERLINK(""https://www.wowhead.com/wotlk/quest=11983"", ""Blood Oath of the Horde"")"			
"=HYPERLINK(""https://www.wowhead.com/wotlk/quest=11999"", ""Rifle the Bodies"")"			
"=HYPERLINK(""https://www.wowhead.com/wotlk/quest=12006"", ""Avenge this Atrocity!"")"			
"=HYPERLINK(""https://www.wowhead.com/wotlk/quest=12009"", ""Tua'kea's Crab Traps"")"			
"=HYPERLINK(""https://www.wowhead.com/wotlk/quest=12016"", ""The Bait"")"			
"=HYPERLINK(""https://www.wowhead.com/wotlk/quest=12028"", ""Spiritual Insight"")"			
"=HYPERLINK(""https://www.wowhead.com/wotlk/quest=12031"", ""Freedom for the Lingering"")"			
"=HYPERLINK(""https://www.wowhead.com/wotlk/quest=12036"", ""From the Depths of Azjol-Nerub"")"			
"=HYPERLINK(""https://www.wowhead.com/wotlk/quest=12039"", ""Black Blood of Yogg-Saron"")"			
"=HYPERLINK(""https://www.wowhead.com/wotlk/quest=12040"", ""An Enemy in Arthas"")"			
"=HYPERLINK(""https://www.wowhead.com/wotlk/quest=12048"", ""Scourge Armaments"")"			
"=HYPERLINK(""https://www.wowhead.com/wotlk/quest=12056"", ""Marked for Death: High Cultist Zangus"")"			
"=HYPERLINK(""https://www.wowhead.com/wotlk/quest=12064"", ""Chains of the Anub'ar"")"			
"=HYPERLINK(""https://www.wowhead.com/wotlk/quest=12072"", ""Blightbeasts be Damned!"")"			
"=HYPERLINK(""https://www.wowhead.com/wotlk/quest=12100"", ""Containing the Rot"")"			
"=HYPERLINK(""https://www.wowhead.com/wotlk/quest=12188"", ""The Forsaken Blight and You: How Not to Die"")"			
"=HYPERLINK(""https://www.wowhead.com/wotlk/quest=12200"", ""Emerald Dragon Tears"")"			
"=HYPERLINK(""https://www.wowhead.com/wotlk/quest=12205"", ""Wanted: The Scarlet Onslaught"")"			
"=HYPERLINK(""https://www.wowhead.com/wotlk/quest=12206"", ""Blighted Last Rites"")"			
"=HYPERLINK(""https://www.wowhead.com/wotlk/quest=12209"", ""Materiel Plunder"")"			
"=HYPERLINK(""https://www.wowhead.com/wotlk/quest=12211"", ""Let Them Not Rise!"")"			
"=HYPERLINK(""https://www.wowhead.com/wotlk/quest=12214"", ""Fresh Remounts"")"			
"=HYPERLINK(""https://www.wowhead.com/wotlk/quest=12218"", ""Spread the Good Word"")"			
"=HYPERLINK(""https://www.wowhead.com/wotlk/quest=12230"", ""Stealing from the Siegesmiths"")"			
"=HYPERLINK(""https://www.wowhead.com/wotlk/quest=12232"", ""Bombard the Ballistae"")"			
"=HYPERLINK(""https://www.wowhead.com/wotlk/quest=12234"", ""Need to Know"")"			
"=HYPERLINK(""https://www.wowhead.com/wotlk/quest=12240"", ""A Means to an End"")"			
"=HYPERLINK(""https://www.wowhead.com/wotlk/quest=12243"", ""Fire Upon the Waters"")"			
"=HYPERLINK(""https://www.wowhead.com/wotlk/quest=12245"", ""No Mercy for the Captured"")"			
"=HYPERLINK(""https://www.wowhead.com/wotlk/quest=12252"", ""Torture the Torturer"")"			
"=HYPERLINK(""https://www.wowhead.com/wotlk/quest=12254"", ""Without a Prayer"")"			
"=HYPERLINK(""https://www.wowhead.com/wotlk/quest=12260"", ""The Perfect Dissemblance"")"			
"=HYPERLINK(""https://www.wowhead.com/wotlk/quest=12283"", ""The Truth Will Out"")"			
"=HYPERLINK(""https://www.wowhead.com/wotlk/quest=12303"", ""Funding the War Effort"")"			
"=HYPERLINK(""https://www.wowhead.com/wotlk/quest=12304"", ""Beachfront Property"")"			
"=HYPERLINK(""https://www.wowhead.com/wotlk/quest=11959"", ""Slay Loguhn"")"			
"=HYPERLINK(""https://www.wowhead.com/wotlk/quest=12013"", ""End Arcanimus"")"			
"=HYPERLINK(""https://www.wowhead.com/wotlk/quest=12017"", ""Meat on the Hook"")"			
"=HYPERLINK(""https://www.wowhead.com/wotlk/quest=12069"", ""Return of the High Chief"")"			
"=HYPERLINK(""https://www.wowhead.com/wotlk/quest=12102"", ""In Search of the Ruby Lilac"")"			
"=HYPERLINK(""https://www.wowhead.com/wotlk/quest=12111"", ""Where the Wild Things Roam"")"			
"=HYPERLINK(""https://www.wowhead.com/wotlk/quest=12125"", ""In Service of Blood"")"			
"=HYPERLINK(""https://www.wowhead.com/wotlk/quest=12126"", ""In Service of the Unholy"")"			
"=HYPERLINK(""https://www.wowhead.com/wotlk/quest=12127"", ""In Service of Frost"")"			
"=HYPERLINK(""https://www.wowhead.com/wotlk/quest=12132"", ""The Power to Destroy"")"			
"=HYPERLINK(""https://www.wowhead.com/wotlk/quest=12140"", ""All Hail Roanauk!"")"			
"=HYPERLINK(""https://www.wowhead.com/wotlk/quest=12148"", ""One of a Kind"")"			
"=HYPERLINK(""https://www.wowhead.com/wotlk/quest=12149"", ""Mighty Magnataur"")"			
"=HYPERLINK(""https://www.wowhead.com/wotlk/quest=12273"", ""The Denouncement"")"			
"=HYPERLINK(""https://www.wowhead.com/wotlk/quest=12274"", ""A Fall From Grace"")"			
"=HYPERLINK(""https://www.wowhead.com/wotlk/quest=12285"", ""Do Unto Others"")"			
"=HYPERLINK(""https://www.wowhead.com/wotlk/quest=12043"", ""Nozzlerust Defense"")"			
"=HYPERLINK(""https://www.wowhead.com/wotlk/quest=12044"", ""Stocking Up"")"			
"=HYPERLINK(""https://www.wowhead.com/wotlk/quest=12045"", ""Shaved Ice"")"			
"=HYPERLINK(""https://www.wowhead.com/wotlk/quest=12046"", ""Soft Packaging"")"			
"=HYPERLINK(""https://www.wowhead.com/wotlk/quest=12047"", ""Something That Doesn't Melt"")"			
"=HYPERLINK(""https://www.wowhead.com/wotlk/quest=12049"", ""Hard to Swallow"")"			
"=HYPERLINK(""https://www.wowhead.com/wotlk/quest=12050"", ""Lumber Hack"")"			
"=HYPERLINK(""https://www.wowhead.com/wotlk/quest=12052"", ""Harp on This!"")"			
"=HYPERLINK(""https://www.wowhead.com/wotlk/quest=12075"", ""Slim Pickings"")"			
"=HYPERLINK(""https://www.wowhead.com/wotlk/quest=12076"", ""Messy Business"")"			
"=HYPERLINK(""https://www.wowhead.com/wotlk/quest=12078"", ""Worm Wrangler"")"			
"=HYPERLINK(""https://www.wowhead.com/wotlk/quest=12079"", ""Stomping Grounds"")"			
"=HYPERLINK(""https://www.wowhead.com/wotlk/quest=12080"", ""Really Big Worm"")"			
"=HYPERLINK(""https://www.wowhead.com/wotlk/quest=12089"", ""Wanted: Magister Keldonus"")"			
"=HYPERLINK(""https://www.wowhead.com/wotlk/quest=12090"", ""Wanted: Gigantaur"")"			
"=HYPERLINK(""https://www.wowhead.com/wotlk/quest=12091"", ""Wanted: Dreadtalon"")"			
"=HYPERLINK(""https://www.wowhead.com/wotlk/quest=12151"", ""Wanton Warlord"")"			
"=HYPERLINK(""https://www.wowhead.com/wotlk/quest=12261"", ""No Place to Run"")"			
"=HYPERLINK(""https://www.wowhead.com/wotlk/quest=12262"", ""No One to Save You"")"			
"=HYPERLINK(""https://www.wowhead.com/wotlk/quest=12263"", ""The Best of Intentions"")"			
"=HYPERLINK(""https://www.wowhead.com/wotlk/quest=12264"", ""Culling the Damned"")"			
"=HYPERLINK(""https://www.wowhead.com/wotlk/quest=12265"", ""Defiling the Defilers"")"			
"=HYPERLINK(""https://www.wowhead.com/wotlk/quest=12372"", ""Defending Wyrmrest Temple"")"			
"=HYPERLINK(""https://www.wowhead.com/wotlk/quest=12454"", ""Cycle of Life"")"			
"=HYPERLINK(""https://www.wowhead.com/wotlk/quest=12456"", ""The Plume of Alystros"")"			
"=HYPERLINK(""https://www.wowhead.com/wotlk/quest=12458"", ""Seeds of the Lashers"")"			
"=HYPERLINK(""https://www.wowhead.com/wotlk/quest=12459"", ""That Which Creates Can Also Destroy"")"			
"=HYPERLINK(""https://www.wowhead.com/wotlk/quest=12498"", ""On Ruby Wings"")"			
"=HYPERLINK(""https://www.wowhead.com/wotlk/quest=12545"", ""The Cleansing Of Jintha'kalar"")"			
"=HYPERLINK(""https://www.wowhead.com/wotlk/quest=13167"", ""Death to the Traitor King"")"			
"=HYPERLINK(""https://www.wowhead.com/wotlk/quest=13182"", ""Don't Forget the Eggs!"")"			
"=HYPERLINK(""https://www.wowhead.com/wotlk/quest=13242"", ""Darkness Stirs"")"			
"=HYPERLINK(""https://www.wowhead.com/wotlk/quest=12097"", ""Sarathstra, Scourge of the North"")"			
"=HYPERLINK(""https://www.wowhead.com/wotlk/quest=12267"", ""Neltharion's Flame"")"			
"=HYPERLINK(""https://www.wowhead.com/wotlk/quest=12470"", ""Mystery of the Infinite"")"			
"=HYPERLINK(""https://www.wowhead.com/wotlk/quest=13187"", ""The Faceless Ones"")"			
"=HYPERLINK(""https://www.wowhead.com/wotlk/quest=13204"", ""Funky Fungi"")"			
"=HYPERLINK(""https://www.wowhead.com/wotlk/quest=13078"", ""Dahlia's Tears"")"			
"=HYPERLINK(""https://www.wowhead.com/wotlk/quest=13190"", ""All Things in Good Time"")"			
"=HYPERLINK(""https://www.wowhead.com/wotlk/quest=13343"", ""Mystery of the Infinite, Redux"")"			
"=HYPERLINK(""https://www.wowhead.com/wotlk/quest=13384"", ""Judgment at the Eye of Eternity"")"			
"=HYPERLINK(""https://www.wowhead.com/wotlk/quest=13385"", ""Heroic Judgment at the Eye of Eternity"")"			
"=HYPERLINK(""https://www.wowhead.com/wotlk/quest=24872"", ""Respite for a Tormented Soul"")"			
"=HYPERLINK(""https://www.wowhead.com/wotlk/quest=12629"", ""You Can Run, But You Can't Hide"")"			
"=HYPERLINK(""https://www.wowhead.com/wotlk/quest=12630"", ""Kickin' Nass and Takin' Manes"")"			
"=HYPERLINK(""https://www.wowhead.com/wotlk/quest=12637"", ""Near Miss"")"			
"=HYPERLINK(""https://www.wowhead.com/wotlk/quest=12638"", ""Close Call"")"			
"=HYPERLINK(""https://www.wowhead.com/wotlk/quest=12643"", ""Silver Lining"")"			
"=HYPERLINK(""https://www.wowhead.com/wotlk/quest=12648"", ""Dressing Down"")"			
"=HYPERLINK(""https://www.wowhead.com/wotlk/quest=12649"", ""Suit Up!"")"			
"=HYPERLINK(""https://www.wowhead.com/wotlk/quest=12652"", ""Feedin' Da Goolz"")"			
"=HYPERLINK(""https://www.wowhead.com/wotlk/quest=12661"", ""Infiltrating Voltarus"")"			
"=HYPERLINK(""https://www.wowhead.com/wotlk/quest=12669"", ""So Far, So Bad"")"			
"=HYPERLINK(""https://www.wowhead.com/wotlk/quest=12673"", ""It Rolls Downhill"")"			
"=HYPERLINK(""https://www.wowhead.com/wotlk/quest=12676"", ""Sabotage"")"			
"=HYPERLINK(""https://www.wowhead.com/wotlk/quest=12677"", ""Hazardous Materials"")"			
"=HYPERLINK(""https://www.wowhead.com/wotlk/quest=12686"", ""Zero Tolerance"")"			
"=HYPERLINK(""https://www.wowhead.com/wotlk/quest=12690"", ""Fuel for the Fire"")"			
"=HYPERLINK(""https://www.wowhead.com/wotlk/quest=12710"", ""Disclosure"")"			
"=HYPERLINK(""https://www.wowhead.com/wotlk/quest=12799"", ""Siphoning the Spirits"")"			
"=HYPERLINK(""https://www.wowhead.com/wotlk/quest=12857"", ""Wanted: Ragemane's Flipper"")"			
"=HYPERLINK(""https://www.wowhead.com/wotlk/quest=12859"", ""This Just In: Fire Still Hot!"")"			
"=HYPERLINK(""https://www.wowhead.com/wotlk/quest=12861"", ""Trolls Is Gone Crazy!"")"			
"=HYPERLINK(""https://www.wowhead.com/wotlk/quest=12501"", ""Troll Patrol"")"			
"=HYPERLINK(""https://www.wowhead.com/wotlk/quest=12502"", ""Troll Patrol: High Standards"")"			
"=HYPERLINK(""https://www.wowhead.com/wotlk/quest=12503"", ""Defend the Stand"")"			
"=HYPERLINK(""https://www.wowhead.com/wotlk/quest=12504"", ""Argent Crusade, We Are Leaving!"")"			
"=HYPERLINK(""https://www.wowhead.com/wotlk/quest=12506"", ""Trouble at the Altar of Sseratus"")"			
"=HYPERLINK(""https://www.wowhead.com/wotlk/quest=12508"", ""Mopping Up"")"			
"=HYPERLINK(""https://www.wowhead.com/wotlk/quest=12509"", ""Troll Patrol: Intestinal Fortitude"")"			
"=HYPERLINK(""https://www.wowhead.com/wotlk/quest=12510"", ""Precious Elemental Fluids"")"			
"=HYPERLINK(""https://www.wowhead.com/wotlk/quest=12512"", ""Leave No One Behind"")"			
"=HYPERLINK(""https://www.wowhead.com/wotlk/quest=12514"", ""Mushroom Mixer"")"			
"=HYPERLINK(""https://www.wowhead.com/wotlk/quest=12516"", ""Too Much of a Good Thing"")"			
"=HYPERLINK(""https://www.wowhead.com/wotlk/quest=12519"", ""Troll Patrol: Whatdya Want, a Medal?"")"			
"=HYPERLINK(""https://www.wowhead.com/wotlk/quest=12527"", ""Gluttonous Lurkers"")"			
"=HYPERLINK(""https://www.wowhead.com/wotlk/quest=12541"", ""Troll Patrol: The Alchemist's Apprentice"")"			
"=HYPERLINK(""https://www.wowhead.com/wotlk/quest=12552"", ""Death to the Necromagi"")"			
"=HYPERLINK(""https://www.wowhead.com/wotlk/quest=12553"", ""Skimmer Spinnerets"")"			
"=HYPERLINK(""https://www.wowhead.com/wotlk/quest=12554"", ""Malas the Corrupter"")"			
"=HYPERLINK(""https://www.wowhead.com/wotlk/quest=12555"", ""A Tangled Skein"")"			
"=HYPERLINK(""https://www.wowhead.com/wotlk/quest=12557"", ""Lab Work"")"			
"=HYPERLINK(""https://www.wowhead.com/wotlk/quest=12562"", ""The Drakkari Do Not Need Water Elementals!"")"			
"=HYPERLINK(""https://www.wowhead.com/wotlk/quest=12564"", ""Troll Patrol: Something for the Pain"")"			
"=HYPERLINK(""https://www.wowhead.com/wotlk/quest=12565"", ""The Blessing of Zim'Abwa"")"			
"=HYPERLINK(""https://www.wowhead.com/wotlk/quest=12568"", ""Troll Patrol: Done to Death"")"			
"=HYPERLINK(""https://www.wowhead.com/wotlk/quest=12583"", ""Crashed Sprayer"")"			
"=HYPERLINK(""https://www.wowhead.com/wotlk/quest=12584"", ""Pure Evil"")"			
"=HYPERLINK(""https://www.wowhead.com/wotlk/quest=12585"", ""Troll Patrol: Creature Comforts"")"			
"=HYPERLINK(""https://www.wowhead.com/wotlk/quest=12588"", ""Troll Patrol: Can You Dig It?"")"			
"=HYPERLINK(""https://www.wowhead.com/wotlk/quest=12591"", ""Troll Patrol: Throwing Down"")"			
"=HYPERLINK(""https://www.wowhead.com/wotlk/quest=12594"", ""Troll Patrol: Couldn't Care Less"")"			
"=HYPERLINK(""https://www.wowhead.com/wotlk/quest=12596"", ""Pa'Troll"")"			
"=HYPERLINK(""https://www.wowhead.com/wotlk/quest=12597"", ""Something for the Pain"")"			
"=HYPERLINK(""https://www.wowhead.com/wotlk/quest=12598"", ""Throwing Down"")"			
"=HYPERLINK(""https://www.wowhead.com/wotlk/quest=12599"", ""Creature Comforts"")"			
"=HYPERLINK(""https://www.wowhead.com/wotlk/quest=12606"", ""Cocooned!"")"			
"=HYPERLINK(""https://www.wowhead.com/wotlk/quest=12609"", ""Stocking the Shelves"")"			
"=HYPERLINK(""https://www.wowhead.com/wotlk/quest=12610"", ""Clipping Their Wings"")"			
"=HYPERLINK(""https://www.wowhead.com/wotlk/quest=12713"", ""Betrayal"")"			
"=HYPERLINK(""https://www.wowhead.com/wotlk/quest=12740"", ""Parachutes for the Argent Crusade"")"			
"=HYPERLINK(""https://www.wowhead.com/wotlk/quest=12901"", ""Making Something Out Of Nothing"")"			
"=HYPERLINK(""https://www.wowhead.com/wotlk/quest=12903"", ""That's What Friends Are For..."")"			
"=HYPERLINK(""https://www.wowhead.com/wotlk/quest=12904"", ""Light Won't Grant Me Vengeance"")"			
"=HYPERLINK(""https://www.wowhead.com/wotlk/quest=12914"", ""Gymer's Salvation"")"			
"=HYPERLINK(""https://www.wowhead.com/wotlk/quest=12916"", ""Our Only Hope"")"			
"=HYPERLINK(""https://www.wowhead.com/wotlk/quest=12919"", ""The Storm King's Vengeance"")"			
"=HYPERLINK(""https://www.wowhead.com/wotlk/quest=12615"", ""The Blessing of Zim'Torga"")"			
"=HYPERLINK(""https://www.wowhead.com/wotlk/quest=12622"", ""The Leaders at Jin'Alai"")"			
"=HYPERLINK(""https://www.wowhead.com/wotlk/quest=12627"", ""Breaking Through Jin'Alai"")"			
"=HYPERLINK(""https://www.wowhead.com/wotlk/quest=12632"", ""But First My Offspring"")"			
"=HYPERLINK(""https://www.wowhead.com/wotlk/quest=12635"", ""Relics of the Snow Leopard Goddess"")"			
"=HYPERLINK(""https://www.wowhead.com/wotlk/quest=12639"", ""The Frozen Earth"")"			
"=HYPERLINK(""https://www.wowhead.com/wotlk/quest=12640"", ""Sealing the Rifts"")"			
"=HYPERLINK(""https://www.wowhead.com/wotlk/quest=12646"", ""My Prophet, My Enemy"")"			
"=HYPERLINK(""https://www.wowhead.com/wotlk/quest=12647"", ""An End to the Suffering"")"			
"=HYPERLINK(""https://www.wowhead.com/wotlk/quest=12650"", ""Plundering Their Own"")"			
"=HYPERLINK(""https://www.wowhead.com/wotlk/quest=12655"", ""The Blessing of Zim'Rhuk"")"			
"=HYPERLINK(""https://www.wowhead.com/wotlk/quest=12659"", ""Scalps!"")"			
"=HYPERLINK(""https://www.wowhead.com/wotlk/quest=12662"", ""Bringing Down Heb'Jin"")"			
"=HYPERLINK(""https://www.wowhead.com/wotlk/quest=12665"", ""I Sense a Disturbance"")"			
"=HYPERLINK(""https://www.wowhead.com/wotlk/quest=12666"", ""Preparations for the Underworld"")"			
"=HYPERLINK(""https://www.wowhead.com/wotlk/quest=12668"", ""Foundation for Revenge"")"			
"=HYPERLINK(""https://www.wowhead.com/wotlk/quest=12672"", ""Setting the Stage"")"			
"=HYPERLINK(""https://www.wowhead.com/wotlk/quest=12674"", ""Hell Hath a Fury"")"			
"=HYPERLINK(""https://www.wowhead.com/wotlk/quest=12684"", ""Blood of a Dead God"")"			
"=HYPERLINK(""https://www.wowhead.com/wotlk/quest=12685"", ""You Reap What You Sow"")"			
"=HYPERLINK(""https://www.wowhead.com/wotlk/quest=12707"", ""Wooly Justice"")"			
"=HYPERLINK(""https://www.wowhead.com/wotlk/quest=12708"", ""Enchanted Tiki Warriors"")"			
"=HYPERLINK(""https://www.wowhead.com/wotlk/quest=12709"", ""Hexed Caches"")"			
"=HYPERLINK(""https://www.wowhead.com/wotlk/quest=12712"", ""The Key of Warlord Zol'Maz"")"			
"=HYPERLINK(""https://www.wowhead.com/wotlk/quest=12729"", ""The Gods Have Spoken"")"			
"=HYPERLINK(""https://www.wowhead.com/wotlk/quest=13549"", ""Tails Up"")"			
"=HYPERLINK(""https://www.wowhead.com/wotlk/quest=13556"", ""Eggs for Dubra'Jin"")"			
"=HYPERLINK(""https://www.wowhead.com/wotlk/quest=12730"", ""Convocation at Zol'Heb"")"			
"=HYPERLINK(""https://www.wowhead.com/wotlk/quest=13096"", ""Gal'darah Must Pay"")"			
"=HYPERLINK(""https://www.wowhead.com/wotlk/quest=13098"", ""For Posterity"")"			
"=HYPERLINK(""https://www.wowhead.com/wotlk/quest=12818"", ""Clean Up"")"			
"=HYPERLINK(""https://www.wowhead.com/wotlk/quest=12819"", ""Just Around the Corner"")"			
"=HYPERLINK(""https://www.wowhead.com/wotlk/quest=12820"", ""A Delicate Touch"")"			
"=HYPERLINK(""https://www.wowhead.com/wotlk/quest=12821"", ""Opening the Backdoor"")"			
"=HYPERLINK(""https://www.wowhead.com/wotlk/quest=12822"", ""Know No Fear"")"			
"=HYPERLINK(""https://www.wowhead.com/wotlk/quest=12823"", ""A Flawless Plan"")"			
"=HYPERLINK(""https://www.wowhead.com/wotlk/quest=12827"", ""Reclaimed Rations"")"			
"=HYPERLINK(""https://www.wowhead.com/wotlk/quest=12828"", ""Ample Inspiration"")"			
"=HYPERLINK(""https://www.wowhead.com/wotlk/quest=12829"", ""Moving In"")"			
"=HYPERLINK(""https://www.wowhead.com/wotlk/quest=12830"", ""Ore Repossession"")"			
"=HYPERLINK(""https://www.wowhead.com/wotlk/quest=12831"", ""Only Partly Forgotten"")"			
"=HYPERLINK(""https://www.wowhead.com/wotlk/quest=12833"", ""Overstock"")"			
"=HYPERLINK(""https://www.wowhead.com/wotlk/quest=12836"", ""Expression of Gratitude"")"			
"=HYPERLINK(""https://www.wowhead.com/wotlk/quest=12841"", ""The Crone's Bargain"")"			
"=HYPERLINK(""https://www.wowhead.com/wotlk/quest=12843"", ""They Took Our Men!"")"			
"=HYPERLINK(""https://www.wowhead.com/wotlk/quest=12844"", ""Equipment Recovery"")"			
"=HYPERLINK(""https://www.wowhead.com/wotlk/quest=12906"", ""Discipline"")"			
"=HYPERLINK(""https://www.wowhead.com/wotlk/quest=12907"", ""Examples to be Made"")"			
"=HYPERLINK(""https://www.wowhead.com/wotlk/quest=13000"", ""Emergency Measures"")"			
"=HYPERLINK(""https://www.wowhead.com/wotlk/quest=13422"", ""Maintaining Discipline"")"			
"=HYPERLINK(""https://www.wowhead.com/wotlk/quest=12851"", ""Going Bearback"")"			
"=HYPERLINK(""https://www.wowhead.com/wotlk/quest=12856"", ""Cold Hearted"")"			
"=HYPERLINK(""https://www.wowhead.com/wotlk/quest=12886"", ""The Drakkensryd"")"			
"=HYPERLINK(""https://www.wowhead.com/wotlk/quest=12888"", ""SCRAP-E"")"			
"=HYPERLINK(""https://www.wowhead.com/wotlk/quest=12895"", ""The Missing Bronzebeard"")"			
"=HYPERLINK(""https://www.wowhead.com/wotlk/quest=12900"", ""Making a Harness"")"			
"=HYPERLINK(""https://www.wowhead.com/wotlk/quest=12915"", ""Mending Fences"")"			
"=HYPERLINK(""https://www.wowhead.com/wotlk/quest=12917"", ""Speaking with the Wind's Voice"")"			
"=HYPERLINK(""https://www.wowhead.com/wotlk/quest=12920"", ""Catching up with Brann"")"			
"=HYPERLINK(""https://www.wowhead.com/wotlk/quest=12922"", ""The Refiner's Fire"")"			
"=HYPERLINK(""https://www.wowhead.com/wotlk/quest=12924"", ""Forging an Alliance"")"			
"=HYPERLINK(""https://www.wowhead.com/wotlk/quest=12925"", ""Aberrations"")"			
"=HYPERLINK(""https://www.wowhead.com/wotlk/quest=12926"", ""Pieces of the Puzzle"")"			
"=HYPERLINK(""https://www.wowhead.com/wotlk/quest=12930"", ""Rare Earth"")"			
"=HYPERLINK(""https://www.wowhead.com/wotlk/quest=12931"", ""Fighting Back"")"			
"=HYPERLINK(""https://www.wowhead.com/wotlk/quest=12937"", ""Relief for the Fallen"")"			
"=HYPERLINK(""https://www.wowhead.com/wotlk/quest=12942"", ""Off With Their Black Wings"")"			
"=HYPERLINK(""https://www.wowhead.com/wotlk/quest=12953"", ""Valkyrion Must Burn"")"			
"=HYPERLINK(""https://www.wowhead.com/wotlk/quest=12957"", ""Slaves of the Stormforged"")"			
"=HYPERLINK(""https://www.wowhead.com/wotlk/quest=12964"", ""The Dark Ore"")"			
"=HYPERLINK(""https://www.wowhead.com/wotlk/quest=12965"", ""The Gifts of Loken"")"			
"=HYPERLINK(""https://www.wowhead.com/wotlk/quest=12967"", ""Battling the Elements"")"			
"=HYPERLINK(""https://www.wowhead.com/wotlk/quest=12968"", ""Yulda's Folly"")"			
"=HYPERLINK(""https://www.wowhead.com/wotlk/quest=12969"", ""Is That Your Goblin?"")"			
"=HYPERLINK(""https://www.wowhead.com/wotlk/quest=12970"", ""The Hyldsmeet"")"			
"=HYPERLINK(""https://www.wowhead.com/wotlk/quest=12971"", ""Taking on All Challengers"")"			
"=HYPERLINK(""https://www.wowhead.com/wotlk/quest=12975"", ""In Memoriam"")"			
"=HYPERLINK(""https://www.wowhead.com/wotlk/quest=12977"", ""Blowing Hodir's Horn"")"			
"=HYPERLINK(""https://www.wowhead.com/wotlk/quest=12978"", ""Facing the Storm"")"			
"=HYPERLINK(""https://www.wowhead.com/wotlk/quest=12980"", ""The Armor's Secrets"")"			
"=HYPERLINK(""https://www.wowhead.com/wotlk/quest=12981"", ""Hot and Cold"")"			
"=HYPERLINK(""https://www.wowhead.com/wotlk/quest=12983"", ""The Last of Her Kind"")"			
"=HYPERLINK(""https://www.wowhead.com/wotlk/quest=12984"", ""Valduran the Stormborn"")"			
"=HYPERLINK(""https://www.wowhead.com/wotlk/quest=12985"", ""Forging a Head"")"			
"=HYPERLINK(""https://www.wowhead.com/wotlk/quest=12987"", ""Mounting Hodir's Helm"")"			
"=HYPERLINK(""https://www.wowhead.com/wotlk/quest=12988"", ""Destroy the Forges!"")"			
"=HYPERLINK(""https://www.wowhead.com/wotlk/quest=12989"", ""The Slithering Darkness"")"			
"=HYPERLINK(""https://www.wowhead.com/wotlk/quest=12991"", ""Hit Them Where it Hurts"")"			
"=HYPERLINK(""https://www.wowhead.com/wotlk/quest=12993"", ""A Colossal Threat"")"			
"=HYPERLINK(""https://www.wowhead.com/wotlk/quest=12994"", ""Spy Hunter"")"			
"=HYPERLINK(""https://www.wowhead.com/wotlk/quest=12997"", ""Into the Pit"")"			
"=HYPERLINK(""https://www.wowhead.com/wotlk/quest=12998"", ""The Heart of the Storm"")"			
"=HYPERLINK(""https://www.wowhead.com/wotlk/quest=13001"", ""Raising Hodir's Spear"")"			
"=HYPERLINK(""https://www.wowhead.com/wotlk/quest=13003"", ""Thrusting Hodir's Spear"")"			
"=HYPERLINK(""https://www.wowhead.com/wotlk/quest=13005"", ""The Earthen Oath"")"			
"=HYPERLINK(""https://www.wowhead.com/wotlk/quest=13006"", ""Polishing the Helm"")"			
"=HYPERLINK(""https://www.wowhead.com/wotlk/quest=13007"", ""The Iron Colossus"")"			
"=HYPERLINK(""https://www.wowhead.com/wotlk/quest=13010"", ""Krolmir, Hammer of Storms"")"			
"=HYPERLINK(""https://www.wowhead.com/wotlk/quest=13011"", ""Jormuttar is Soo Fat..."")"			
"=HYPERLINK(""https://www.wowhead.com/wotlk/quest=13034"", ""The Witness and the Hero"")"			
"=HYPERLINK(""https://www.wowhead.com/wotlk/quest=13035"", ""Loken's Lackeys"")"			
"=HYPERLINK(""https://www.wowhead.com/wotlk/quest=13037"", ""Memories of Stormhoof"")"			
"=HYPERLINK(""https://www.wowhead.com/wotlk/quest=13038"", ""Distortions in Time"")"			
"=HYPERLINK(""https://www.wowhead.com/wotlk/quest=13046"", ""Feeding Arngrim"")"			
"=HYPERLINK(""https://www.wowhead.com/wotlk/quest=13048"", ""Where Time Went Wrong"")"			
"=HYPERLINK(""https://www.wowhead.com/wotlk/quest=13049"", ""The Hero's Arms"")"			
"=HYPERLINK(""https://www.wowhead.com/wotlk/quest=13050"", ""Veranus"")"			
"=HYPERLINK(""https://www.wowhead.com/wotlk/quest=13051"", ""Territorial Trespass"")"			
"=HYPERLINK(""https://www.wowhead.com/wotlk/quest=13055"", ""Cave Medicine"")"			
"=HYPERLINK(""https://www.wowhead.com/wotlk/quest=13056"", ""There's Always Time for Revenge"")"			
"=HYPERLINK(""https://www.wowhead.com/wotlk/quest=13058"", ""Changing the Wind's Course"")"			
"=HYPERLINK(""https://www.wowhead.com/wotlk/quest=13064"", ""Sibling Rivalry"")"			
"=HYPERLINK(""https://www.wowhead.com/wotlk/quest=13108"", ""Whatever it Takes!"")"			
"=HYPERLINK(""https://www.wowhead.com/wotlk/quest=13109"", ""Diametrically Opposed"")"			
"=HYPERLINK(""https://www.wowhead.com/wotlk/quest=13285"", ""Forging the Keystone"")"			
"=HYPERLINK(""https://www.wowhead.com/wotlk/quest=13423"", ""Defending Your Title"")"			
"=HYPERLINK(""https://www.wowhead.com/wotlk/quest=13424"", ""Back to the Pit"")"			
"=HYPERLINK(""https://www.wowhead.com/wotlk/quest=13425"", ""The Aberrations Must Die"")"			
"=HYPERLINK(""https://www.wowhead.com/classic/quest=364"", ""The Mindless Ones"")"			
"=HYPERLINK(""https://www.wowhead.com/classic/quest=376"", ""The Damned"")"			
"=HYPERLINK(""https://www.wowhead.com/classic/quest=3901"", ""Rattling the Rattlecages"")"			
"=HYPERLINK(""https://www.wowhead.com/classic/quest=3902"", ""Scavenging Deathknell"")"			
"=HYPERLINK(""https://www.wowhead.com/classic/quest=380"", ""Night Web's Hollow"")"			
"=HYPERLINK(""https://www.wowhead.com/classic/quest=381"", ""The Scarlet Crusade"")"			
"=HYPERLINK(""https://www.wowhead.com/classic/quest=382"", ""The Red Messenger"")"			
"=HYPERLINK(""https://www.wowhead.com/classic/quest=5481"", ""Gordo's Task"")"			
"=HYPERLINK(""https://www.wowhead.com/classic/quest=6395"", ""Marla's Last Wish"")"			
"=HYPERLINK(""https://www.wowhead.com/classic/quest=367"", ""A New Plague"")"			
"=HYPERLINK(""https://www.wowhead.com/classic/quest=404"", ""A Putrid Task"")"			
"=HYPERLINK(""https://www.wowhead.com/classic/quest=5482"", ""Doom Weed"")"			
"=HYPERLINK(""https://www.wowhead.com/classic/quest=365"", ""Fields of Grief"")"			
"=HYPERLINK(""https://www.wowhead.com/classic/quest=374"", ""Proof of Demise"")"			
"=HYPERLINK(""https://www.wowhead.com/classic/quest=358"", ""Graverobbers"")"			
"=HYPERLINK(""https://www.wowhead.com/classic/quest=375"", ""The Chill of Death"")"			
"=HYPERLINK(""https://www.wowhead.com/classic/quest=426"", ""The Mills Overrun"")"			
"=HYPERLINK(""https://www.wowhead.com/classic/quest=370"", ""At War With The Scarlet Crusade"")"			
"=HYPERLINK(""https://www.wowhead.com/classic/quest=362"", ""The Haunted Mills"")"			
"=HYPERLINK(""https://www.wowhead.com/classic/quest=398"", ""Wanted: Maggot Eye"")"			
"=HYPERLINK(""https://www.wowhead.com/classic/quest=354"", ""Deaths in the Family"")"			
"=HYPERLINK(""https://www.wowhead.com/classic/quest=356"", ""Rear Guard Patrol"")"			
"=HYPERLINK(""https://www.wowhead.com/classic/quest=409"", ""Proving Allegiance"")"			
"=HYPERLINK(""https://www.wowhead.com/classic/quest=408"", ""The Family Crypt"")"			
"=HYPERLINK(""https://www.wowhead.com/classic/quest=5096"", ""Scarlet Diversions"")"			
"=HYPERLINK(""https://www.wowhead.com/classic/quest=5901"", ""A Plague Upon Thee"")"			
"=HYPERLINK(""https://www.wowhead.com/classic/quest=964"", ""Skeletal Fragments"")"			
"=HYPERLINK(""https://www.wowhead.com/tbc/quest=9443"", ""The So-Called Mark of the Lightbringer"")"			
"=HYPERLINK(""https://www.wowhead.com/classic/quest=105"", ""Alas, Andorhal"")"			
"=HYPERLINK(""https://www.wowhead.com/classic/quest=5341"", ""Barov Family Fortune"")"			
"=HYPERLINK(""https://www.wowhead.com/classic/quest=5342"", ""The Last Barov"")"			
"=HYPERLINK(""https://www.wowhead.com/classic/quest=5504"", ""Mantles of the Dawn"")"			
"=HYPERLINK(""https://www.wowhead.com/classic/quest=421"", ""Prove Your Worth"")"			
"=HYPERLINK(""https://www.wowhead.com/classic/quest=429"", ""Wild Hearts"")"			
"=HYPERLINK(""https://www.wowhead.com/classic/quest=425"", ""Ivar the Foul"")"			
"=HYPERLINK(""https://www.wowhead.com/classic/quest=447"", ""A Recipe For Death"")"			
"=HYPERLINK(""https://www.wowhead.com/classic/quest=437"", ""The Dead Fields"")"			
"=HYPERLINK(""https://www.wowhead.com/classic/quest=99"", ""Arugal's Folly"")"			
"=HYPERLINK(""https://www.wowhead.com/classic/quest=479"", ""Ambermill Investigations"")"			
"=HYPERLINK(""https://www.wowhead.com/classic/quest=443"", ""Rot Hide Ichor"")"			
"=HYPERLINK(""https://www.wowhead.com/classic/quest=442"", ""Assault on Fenris Isle"")"			
"=HYPERLINK(""https://www.wowhead.com/classic/quest=516"", ""Beren's Peril"")"			
"=HYPERLINK(""https://www.wowhead.com/classic/quest=480"", ""The Weaver"")"			
"=HYPERLINK(""https://www.wowhead.com/classic/quest=1014"", ""Arugal Must Die"")"			
"=HYPERLINK(""https://www.wowhead.com/classic/quest=8578"", ""Scrying Goggles? No Problem!"")"			
"=HYPERLINK(""https://www.wowhead.com/classic/quest=5149"", ""Pamela's Doll"")"			
"=HYPERLINK(""https://www.wowhead.com/classic/quest=5211"", ""Defenders of Darrowshire"")"			
"=HYPERLINK(""https://www.wowhead.com/classic/quest=6021"", ""Zaeldarr the Outcast"")"			
"=HYPERLINK(""https://www.wowhead.com/classic/quest=6164"", ""Augustus' Receipt Book"")"			
"=HYPERLINK(""https://www.wowhead.com/classic/quest=5168"", ""Heroes of Darrowshire"")"			
"=HYPERLINK(""https://www.wowhead.com/classic/quest=5542"", ""Demon Dogs"")"			
"=HYPERLINK(""https://www.wowhead.com/classic/quest=5543"", ""Blood Tinged Skies"")"			
"=HYPERLINK(""https://www.wowhead.com/classic/quest=5544"", ""Carrion Grubbage"")"			
"=HYPERLINK(""https://www.wowhead.com/classic/quest=5181"", ""Villains of Darrowshire"")"			
"=HYPERLINK(""https://www.wowhead.com/classic/quest=5781"", ""Of Forgotten Memories"")"			
"=HYPERLINK(""https://www.wowhead.com/classic/quest=5529"", ""Plagued Hatchlings"")"			
"=HYPERLINK(""https://www.wowhead.com/classic/quest=5845"", ""Of Lost Honor"")"			
"=HYPERLINK(""https://www.wowhead.com/classic/quest=6022"", ""To Kill With Purpose"")"			
"=HYPERLINK(""https://www.wowhead.com/classic/quest=6026"", ""That's Asking A Lot"")"			
"=HYPERLINK(""https://www.wowhead.com/classic/quest=6041"", ""When Smokey Sings, I Get Violent"")"			
"=HYPERLINK(""https://www.wowhead.com/classic/quest=6042"", ""Un-Life's Little Annoyances"")"			
"=HYPERLINK(""https://www.wowhead.com/classic/quest=4771"", ""Dawn's Gambit"")"			
"=HYPERLINK(""https://www.wowhead.com/classic/quest=5206"", ""Marauders of Darrowshire"")"			
"=HYPERLINK(""https://www.wowhead.com/classic/quest=5212"", ""The Flesh Does Not Lie"")"			
"=HYPERLINK(""https://www.wowhead.com/classic/quest=5213"", ""The Active Agent"")"			
"=HYPERLINK(""https://www.wowhead.com/classic/quest=5214"", ""The Great Fras Siabi"")"			
"=HYPERLINK(""https://www.wowhead.com/classic/quest=5243"", ""Houses of the Holy"")"			
"=HYPERLINK(""https://www.wowhead.com/classic/quest=5251"", ""The Archivist"")"			
"=HYPERLINK(""https://www.wowhead.com/classic/quest=5263"", ""Above and Beyond"")"			
"=HYPERLINK(""https://www.wowhead.com/classic/quest=5517"", ""Chromatic Mantle of the Dawn"")"			
"=HYPERLINK(""https://www.wowhead.com/classic/quest=6024"", ""Hameya's Plea"")"			
"=HYPERLINK(""https://www.wowhead.com/classic/quest=6133"", ""The Ranger Lord's Behest"")"			
"=HYPERLINK(""https://www.wowhead.com/classic/quest=6135"", ""Duskwing, Oh How I Hate Thee..."")"			
"=HYPERLINK(""https://www.wowhead.com/classic/quest=6136"", ""The Corpulent One"")"			
"=HYPERLINK(""https://www.wowhead.com/classic/quest=6145"", ""The Crimson Courier"")"			
"=HYPERLINK(""https://www.wowhead.com/classic/quest=6146"", ""Nathanos' Ruse"")"			
"=HYPERLINK(""https://www.wowhead.com/classic/quest=6148"", ""The Scarlet Oracle, Demetria"")"			
"=HYPERLINK(""https://www.wowhead.com/classic/quest=6163"", ""Ramstein"")"			
"=HYPERLINK(""https://www.wowhead.com/classic/quest=8945"", ""Dead Man's Plea"")"			
"=HYPERLINK(""https://www.wowhead.com/classic/quest=8947"", ""Anthion's Strange Request"")"			
"=HYPERLINK(""https://www.wowhead.com/tbc/quest=9015"", ""The Challenge"")"			
"=HYPERLINK(""https://www.wowhead.com/tbc/quest=9033"", ""Echoes of War"")"			
"=HYPERLINK(""https://www.wowhead.com/tbc/quest=9124"", ""Cryptstalker Armor Doesn't Make Itself..."")"			
"=HYPERLINK(""https://www.wowhead.com/tbc/quest=9126"", ""Bonescythe Digs"")"			
"=HYPERLINK(""https://www.wowhead.com/tbc/quest=9128"", ""The Elemental Equation"")"			
"=HYPERLINK(""https://www.wowhead.com/tbc/quest=9131"", ""Binding the Dreadnaught"")"			
"=HYPERLINK(""https://www.wowhead.com/tbc/quest=9136"", ""Savage Flora"")"			
"=HYPERLINK(""https://www.wowhead.com/tbc/quest=9665"", ""Bolstering Our Defenses"")"			
"=HYPERLINK(""https://www.wowhead.com/classic/quest=456"", ""The Balance of Nature"")"			
"=HYPERLINK(""https://www.wowhead.com/classic/quest=916"", ""Webwood Venom"")"			
"=HYPERLINK(""https://www.wowhead.com/classic/quest=3521"", ""Iverron's Antidote"")"			
"=HYPERLINK(""https://www.wowhead.com/classic/quest=488"", ""Zenn's Bidding"")"			
"=HYPERLINK(""https://www.wowhead.com/classic/quest=917"", ""Webwood Egg"")"			
"=HYPERLINK(""https://www.wowhead.com/classic/quest=921"", ""Crown of the Earth"")"			
"=HYPERLINK(""https://www.wowhead.com/classic/quest=2438"", ""The Emerald Dreamcatcher"")"			
"=HYPERLINK(""https://www.wowhead.com/classic/quest=489"", ""Seek Redemption!"")"			
"=HYPERLINK(""https://www.wowhead.com/classic/quest=918"", ""Timberling Seeds"")"			
"=HYPERLINK(""https://www.wowhead.com/classic/quest=919"", ""Timberling Sprouts"")"			
"=HYPERLINK(""https://www.wowhead.com/classic/quest=932"", ""Twisted Hatred"")"			
"=HYPERLINK(""https://www.wowhead.com/classic/quest=4161"", ""Recipe of the Kaldorei"")"			
"=HYPERLINK(""https://www.wowhead.com/classic/quest=487"", ""The Road to Darnassus"")"			
"=HYPERLINK(""https://www.wowhead.com/classic/quest=2459"", ""Ferocitas the Dream Eater"")"			
"=HYPERLINK(""https://www.wowhead.com/classic/quest=2541"", ""The Sleeping Druid"")"			
"=HYPERLINK(""https://www.wowhead.com/classic/quest=483"", ""The Relics of Wakening"")"			
"=HYPERLINK(""https://www.wowhead.com/classic/quest=2499"", ""Oakenscowl"")"			
"=HYPERLINK(""https://www.wowhead.com/classic/quest=937"", ""The Enchanted Glade"")"			
"=HYPERLINK(""https://www.wowhead.com/classic/quest=486"", ""Ursal the Mauler"")"			
"=HYPERLINK(""https://www.wowhead.com/classic/quest=983"", ""Buzzbox 827"")"			
"=HYPERLINK(""https://www.wowhead.com/classic/quest=953"", ""The Fall of Ameth'Aran"")"			
"=HYPERLINK(""https://www.wowhead.com/classic/quest=954"", ""Bashal'Aran"")"			
"=HYPERLINK(""https://www.wowhead.com/classic/quest=958"", ""Tools of the Highborne"")"			
"=HYPERLINK(""https://www.wowhead.com/classic/quest=1001"", ""Buzzbox 411"")"			
"=HYPERLINK(""https://www.wowhead.com/classic/quest=2178"", ""Easy Strider Living"")"			
"=HYPERLINK(""https://www.wowhead.com/classic/quest=3524"", ""Washed Ashore"")"			
"=HYPERLINK(""https://www.wowhead.com/classic/quest=984"", ""How Big a Threat?"")"			180
"=HYPERLINK(""https://www.wowhead.com/classic/quest=1002"", ""Buzzbox 323"")"			
"=HYPERLINK(""https://www.wowhead.com/classic/quest=1141"", ""The Family and the Fishing Pole"")"			
"=HYPERLINK(""https://www.wowhead.com/classic/quest=2118"", ""Plagued Lands"")"			
"=HYPERLINK(""https://www.wowhead.com/classic/quest=4762"", ""The Cliffspring River"")"			
"=HYPERLINK(""https://www.wowhead.com/classic/quest=963"", ""For Love Eternal"")"			
"=HYPERLINK(""https://www.wowhead.com/classic/quest=1003"", ""Buzzbox 525"")"			
"=HYPERLINK(""https://www.wowhead.com/classic/quest=2138"", ""Cleansing of the Infected"")"			
"=HYPERLINK(""https://www.wowhead.com/classic/quest=944"", ""The Master's Glaive"")"			
"=HYPERLINK(""https://www.wowhead.com/classic/quest=947"", ""Cave Mushrooms"")"			
"=HYPERLINK(""https://www.wowhead.com/classic/quest=982"", ""Deep Ocean, Vast Sea"")"			
"=HYPERLINK(""https://www.wowhead.com/classic/quest=1138"", ""Fruit of the Sea"")"			
"=HYPERLINK(""https://www.wowhead.com/classic/quest=2139"", ""Tharnariun's Hope"")"			
"=HYPERLINK(""https://www.wowhead.com/classic/quest=4740"", ""WANTED: Murkdeep!"")"			
"=HYPERLINK(""https://www.wowhead.com/classic/quest=4763"", ""The Blackwood Corrupted"")"			
"=HYPERLINK(""https://www.wowhead.com/classic/quest=951"", ""Mathystra Relics"")"			
"=HYPERLINK(""https://www.wowhead.com/classic/quest=986"", ""A Lost Master"")"			
"=HYPERLINK(""https://www.wowhead.com/classic/quest=2078"", ""Gyromast's Revenge"")"			
"=HYPERLINK(""https://www.wowhead.com/classic/quest=2098"", ""Gyromast's Retrieval"")"			
"=HYPERLINK(""https://www.wowhead.com/classic/quest=5321"", ""The Sleeper Has Awakened"")"			
"=HYPERLINK(""https://www.wowhead.com/wotlk/quest=13008"", ""Scourge Tactics"")"			
"=HYPERLINK(""https://www.wowhead.com/wotlk/quest=13039"", ""Defending The Vanguard"")"			
"=HYPERLINK(""https://www.wowhead.com/wotlk/quest=13040"", ""Curing The Incurable"")"			
"=HYPERLINK(""https://www.wowhead.com/wotlk/quest=13045"", ""Into The Wild Green Yonder"")"			
"=HYPERLINK(""https://www.wowhead.com/wotlk/quest=13086"", ""The Last Line Of Defense"")"			
"=HYPERLINK(""https://www.wowhead.com/wotlk/quest=13110"", ""The Restless Dead"")"			
"=HYPERLINK(""https://www.wowhead.com/wotlk/quest=13118"", ""The Purging Of Scourgeholme"")"			
"=HYPERLINK(""https://www.wowhead.com/wotlk/quest=13122"", ""The Scourgestone"")"			
"=HYPERLINK(""https://www.wowhead.com/wotlk/quest=13125"", ""The Air Stands Still"")"			
"=HYPERLINK(""https://www.wowhead.com/wotlk/quest=13130"", ""The Stone That Started A Revolution"")"			
"=HYPERLINK(""https://www.wowhead.com/wotlk/quest=13135"", ""It Could Kill Us All"")"			
"=HYPERLINK(""https://www.wowhead.com/wotlk/quest=13141"", ""The Battle For Crusaders' Pinnacle"")"			
"=HYPERLINK(""https://www.wowhead.com/wotlk/quest=12810"", ""Blood in the Water"")"			
"=HYPERLINK(""https://www.wowhead.com/wotlk/quest=12813"", ""From Their Corpses, Rise!"")"			
"=HYPERLINK(""https://www.wowhead.com/wotlk/quest=12814"", ""You'll Need a Gryphon"")"			
"=HYPERLINK(""https://www.wowhead.com/wotlk/quest=12815"", ""No Fly Zone"")"			
"=HYPERLINK(""https://www.wowhead.com/wotlk/quest=12838"", ""Intelligence Gathering"")"			
"=HYPERLINK(""https://www.wowhead.com/wotlk/quest=12840"", ""In Strict Confidence"")"			
"=HYPERLINK(""https://www.wowhead.com/wotlk/quest=12847"", ""Second Chances"")"			
"=HYPERLINK(""https://www.wowhead.com/wotlk/quest=12852"", ""The Admiral Revealed"")"			
"=HYPERLINK(""https://www.wowhead.com/wotlk/quest=12891"", ""I Have an Idea, But First..."")"			
"=HYPERLINK(""https://www.wowhead.com/wotlk/quest=12893"", ""Free Your Mind"")"			
"=HYPERLINK(""https://www.wowhead.com/wotlk/quest=12939"", ""Honor Challenge"")"			
"=HYPERLINK(""https://www.wowhead.com/wotlk/quest=12943"", ""Shadow Vault Decree"")"			
"=HYPERLINK(""https://www.wowhead.com/wotlk/quest=12949"", ""Get the Key"")"			
"=HYPERLINK(""https://www.wowhead.com/wotlk/quest=12955"", ""Eliminate the Competition"")"			
"=HYPERLINK(""https://www.wowhead.com/wotlk/quest=12982"", ""Ebon Blade Prisoners"")"			
"=HYPERLINK(""https://www.wowhead.com/wotlk/quest=12992"", ""Crush Dem Vrykuls!"")"			
"=HYPERLINK(""https://www.wowhead.com/wotlk/quest=12995"", ""Leave Our Mark"")"			
"=HYPERLINK(""https://www.wowhead.com/wotlk/quest=13042"", ""Deep in the Bowels of The Underhalls"")"			
"=HYPERLINK(""https://www.wowhead.com/wotlk/quest=13043"", ""The Sum is Greater than the Parts"")"			
"=HYPERLINK(""https://www.wowhead.com/wotlk/quest=13059"", ""Revenge for the Vargul"")"			
"=HYPERLINK(""https://www.wowhead.com/wotlk/quest=13069"", ""Shoot 'Em Up"")"			
"=HYPERLINK(""https://www.wowhead.com/wotlk/quest=13071"", ""Vile Like Fire!"")"			
"=HYPERLINK(""https://www.wowhead.com/wotlk/quest=13084"", ""Vandalizing Jotunheim"")"			
"=HYPERLINK(""https://www.wowhead.com/wotlk/quest=13091"", ""The Art of Being a Water Terror"")"			
"=HYPERLINK(""https://www.wowhead.com/wotlk/quest=13092"", ""Reading the Bones"")"			
"=HYPERLINK(""https://www.wowhead.com/wotlk/quest=13117"", ""Where Are They Coming From?"")"			
"=HYPERLINK(""https://www.wowhead.com/wotlk/quest=13119"", ""Destroying the Altars"")"			
"=HYPERLINK(""https://www.wowhead.com/wotlk/quest=13120"", ""Death's Gaze"")"			
"=HYPERLINK(""https://www.wowhead.com/wotlk/quest=13121"", ""Through the Eye"")"			
"=HYPERLINK(""https://www.wowhead.com/wotlk/quest=13133"", ""Find the Ancient Hero"")"			
"=HYPERLINK(""https://www.wowhead.com/wotlk/quest=13134"", ""Spill Their Blood"")"			
"=HYPERLINK(""https://www.wowhead.com/wotlk/quest=13137"", ""Not-So-Honorable Combat"")"			
"=HYPERLINK(""https://www.wowhead.com/wotlk/quest=13138"", ""I'm Smelting... Smelting!"")"			
"=HYPERLINK(""https://www.wowhead.com/wotlk/quest=13140"", ""The Runesmiths of Malykriss"")"			
"=HYPERLINK(""https://www.wowhead.com/wotlk/quest=13142"", ""Banshee's Revenge"")"			
"=HYPERLINK(""https://www.wowhead.com/wotlk/quest=13143"", ""New Recruit"")"			
"=HYPERLINK(""https://www.wowhead.com/wotlk/quest=13144"", ""Killing Two Scourge With One Skeleton"")"			
"=HYPERLINK(""https://www.wowhead.com/wotlk/quest=13145"", ""The Vile Hold"")"			
"=HYPERLINK(""https://www.wowhead.com/wotlk/quest=13146"", ""Generosity Abounds"")"			
"=HYPERLINK(""https://www.wowhead.com/wotlk/quest=13147"", ""Matchmaker"")"			
"=HYPERLINK(""https://www.wowhead.com/wotlk/quest=13152"", ""A Visit to the Doctor"")"			
"=HYPERLINK(""https://www.wowhead.com/wotlk/quest=13160"", ""Stunning View"")"			
"=HYPERLINK(""https://www.wowhead.com/wotlk/quest=13161"", ""The Rider of the Unholy"")"			
"=HYPERLINK(""https://www.wowhead.com/wotlk/quest=13162"", ""The Rider of Frost"")"			
"=HYPERLINK(""https://www.wowhead.com/wotlk/quest=13163"", ""The Rider of Blood"")"			
"=HYPERLINK(""https://www.wowhead.com/wotlk/quest=13164"", ""The Fate of Bloodbane"")"			
"=HYPERLINK(""https://www.wowhead.com/wotlk/quest=13169"", ""An Undead's Best Friend"")"			
"=HYPERLINK(""https://www.wowhead.com/wotlk/quest=13170"", ""Honor is for the Weak"")"			
"=HYPERLINK(""https://www.wowhead.com/wotlk/quest=13171"", ""From Whence They Came"")"			
"=HYPERLINK(""https://www.wowhead.com/wotlk/quest=13172"", ""Seeds of Chaos"")"			
"=HYPERLINK(""https://www.wowhead.com/wotlk/quest=13211"", ""By Fire Be Purged"")"			
"=HYPERLINK(""https://www.wowhead.com/wotlk/quest=13212"", ""He's Gone to Pieces"")"			
"=HYPERLINK(""https://www.wowhead.com/wotlk/quest=13220"", ""Putting Olakin Back Together Again"")"			
"=HYPERLINK(""https://www.wowhead.com/wotlk/quest=13230"", ""Avenge Me!"")"			
"=HYPERLINK(""https://www.wowhead.com/wotlk/quest=13235"", ""The Flesh Giant Champion"")"			
"=HYPERLINK(""https://www.wowhead.com/wotlk/quest=13236"", ""Army of the Damned"")"			
"=HYPERLINK(""https://www.wowhead.com/wotlk/quest=13259"", ""Establishing Superiority"")"			
"=HYPERLINK(""https://www.wowhead.com/wotlk/quest=13275"", ""Time to Hide"")"			
"=HYPERLINK(""https://www.wowhead.com/wotlk/quest=13304"", ""Field Repairs"")"			
"=HYPERLINK(""https://www.wowhead.com/wotlk/quest=13305"", ""Do Your Worst"")"			
"=HYPERLINK(""https://www.wowhead.com/wotlk/quest=13308"", ""Mind Tricks"")"			
"=HYPERLINK(""https://www.wowhead.com/wotlk/quest=13359"", ""Where Dragons Fell"")"			
"=HYPERLINK(""https://www.wowhead.com/wotlk/quest=13361"", ""The Hunter and the Prince"")"			
"=HYPERLINK(""https://www.wowhead.com/wotlk/quest=13364"", ""Tirion's Gambit"")"			
"=HYPERLINK(""https://www.wowhead.com/wotlk/quest=13373"", ""Fringe Science Benefits"")"			
"=HYPERLINK(""https://www.wowhead.com/wotlk/quest=13374"", ""Amped for Revolt!"")"			
"=HYPERLINK(""https://www.wowhead.com/wotlk/quest=13376"", ""Total Ohmage: The Valley of Lost Hope!"")"			
"=HYPERLINK(""https://www.wowhead.com/wotlk/quest=13406"", ""Riding the Wavelength: The Bombardment"")"			
"=HYPERLINK(""https://www.wowhead.com/wotlk/quest=13634"", ""The Black Knight of Silverpine?"")"			
"=HYPERLINK(""https://www.wowhead.com/wotlk/quest=13641"", ""The Seer's Crystal"")"			
"=HYPERLINK(""https://www.wowhead.com/wotlk/quest=13643"", ""The Stories Dead Men Tell"")"			
"=HYPERLINK(""https://www.wowhead.com/wotlk/quest=13654"", ""There's Something About the Squire"")"			
"=HYPERLINK(""https://www.wowhead.com/wotlk/quest=13663"", ""The Black Knight's Orders"")"			
"=HYPERLINK(""https://www.wowhead.com/wotlk/quest=13664"", ""The Black Knight's Fall"")"			
"=HYPERLINK(""https://www.wowhead.com/wotlk/quest=13697"", ""The Valiant's Charge"")"			
"=HYPERLINK(""https://www.wowhead.com/wotlk/quest=14017"", ""The Black Knight's Fate"")"			
"=HYPERLINK(""https://www.wowhead.com/wotlk/quest=14074"", ""A Leg Up"")"			
"=HYPERLINK(""https://www.wowhead.com/wotlk/quest=14076"", ""Breakfast Of Champions"")"			
"=HYPERLINK(""https://www.wowhead.com/wotlk/quest=14077"", ""The Light's Mercy"")"			
"=HYPERLINK(""https://www.wowhead.com/wotlk/quest=14080"", ""Stop The Aggressors"")"			
"=HYPERLINK(""https://www.wowhead.com/wotlk/quest=14090"", ""Gormok Wants His Snobolds"")"			
"=HYPERLINK(""https://www.wowhead.com/wotlk/quest=14096"", ""You've Really Done It This Time, Kul"")"			
"=HYPERLINK(""https://www.wowhead.com/wotlk/quest=14101"", ""Drottinn Hrothgar"")"			
"=HYPERLINK(""https://www.wowhead.com/wotlk/quest=14102"", ""Mistcaller Yngvar"")"			
"=HYPERLINK(""https://www.wowhead.com/wotlk/quest=14104"", ""Ornolf The Scarred"")"			
"=HYPERLINK(""https://www.wowhead.com/wotlk/quest=14105"", ""Deathspeaker Kharos"")"			
"=HYPERLINK(""https://www.wowhead.com/wotlk/quest=14107"", ""The Fate Of The Fallen"")"			
"=HYPERLINK(""https://www.wowhead.com/wotlk/quest=14108"", ""Get Kraken!"")"			
"=HYPERLINK(""https://www.wowhead.com/wotlk/quest=14112"", ""What Do You Feed a Yeti, Anyway?"")"			
"=HYPERLINK(""https://www.wowhead.com/wotlk/quest=14136"", ""Rescue at Sea"")"			
"=HYPERLINK(""https://www.wowhead.com/wotlk/quest=24442"", ""Battle Plans Of The Kvaldir"")"			
"=HYPERLINK(""https://www.wowhead.com/classic/quest=747"", ""The Hunt Begins"")"			
"=HYPERLINK(""https://www.wowhead.com/classic/quest=750"", ""The Hunt Continues"")"			
"=HYPERLINK(""https://www.wowhead.com/classic/quest=757"", ""Rite of Strength"")"			
"=HYPERLINK(""https://www.wowhead.com/classic/quest=780"", ""The Battleboars"")"			
"=HYPERLINK(""https://www.wowhead.com/classic/quest=748"", ""Poison Water"")"			
"=HYPERLINK(""https://www.wowhead.com/classic/quest=3376"", ""Break Sharptusk!"")"			
"=HYPERLINK(""https://www.wowhead.com/classic/quest=745"", ""Sharing the Land"")"			
"=HYPERLINK(""https://www.wowhead.com/classic/quest=754"", ""Winterhoof Cleansing"")"			
"=HYPERLINK(""https://www.wowhead.com/classic/quest=761"", ""Swoop Hunting"")"			240
"=HYPERLINK(""https://www.wowhead.com/classic/quest=756"", ""Thunderhorn Totem"")"			
"=HYPERLINK(""https://www.wowhead.com/tbc/quest=11129"", ""Kyle's Gone Missing!"")"			
"=HYPERLINK(""https://www.wowhead.com/classic/quest=743"", ""Dangers of the Windfury"")"			
"=HYPERLINK(""https://www.wowhead.com/classic/quest=746"", ""Dwarven Digging"")"			
"=HYPERLINK(""https://www.wowhead.com/classic/quest=758"", ""Thunderhorn Cleansing"")"			
"=HYPERLINK(""https://www.wowhead.com/classic/quest=766"", ""Mazzranache"")"			
"=HYPERLINK(""https://www.wowhead.com/classic/quest=759"", ""Wildmane Totem"")"			
"=HYPERLINK(""https://www.wowhead.com/classic/quest=760"", ""Wildmane Cleansing"")"			
"=HYPERLINK(""https://www.wowhead.com/classic/quest=764"", ""The Venture Co."")"			
"=HYPERLINK(""https://www.wowhead.com/classic/quest=833"", ""A Sacred Burial"")"			
"=HYPERLINK(""https://www.wowhead.com/classic/quest=861"", ""The Hunter's Way"")"			
"=HYPERLINK(""https://www.wowhead.com/classic/quest=765"", ""Supervisor Fizsprocket"")"			
"=HYPERLINK(""https://www.wowhead.com/classic/quest=496"", ""Elixir of Suffering"")"			
"=HYPERLINK(""https://www.wowhead.com/classic/quest=498"", ""The Rescue"")"			
"=HYPERLINK(""https://www.wowhead.com/classic/quest=549"", ""WANTED: Syndicate Personnel"")"			
"=HYPERLINK(""https://www.wowhead.com/classic/quest=1066"", ""Blood of Innocents"")"			
"=HYPERLINK(""https://www.wowhead.com/classic/quest=501"", ""Elixir of Pain"")"			
"=HYPERLINK(""https://www.wowhead.com/classic/quest=527"", ""Battle of Hillsbrad"")"			
"=HYPERLINK(""https://www.wowhead.com/classic/quest=546"", ""Souvenirs of Death"")"			
"=HYPERLINK(""https://www.wowhead.com/classic/quest=509"", ""Elixir of Agony"")"			
"=HYPERLINK(""https://www.wowhead.com/classic/quest=567"", ""Dangerous!"")"			
"=HYPERLINK(""https://www.wowhead.com/classic/quest=547"", ""Humbert's Sword"")"			
"=HYPERLINK(""https://www.wowhead.com/classic/quest=556"", ""Stone Tokens"")"			
"=HYPERLINK(""https://www.wowhead.com/classic/quest=552"", ""Helcular's Revenge"")"			
"=HYPERLINK(""https://www.wowhead.com/classic/quest=1051"", ""Vorrel's Revenge"")"			
"=HYPERLINK(""https://www.wowhead.com/classic/quest=533"", ""Infiltration"")"			
"=HYPERLINK(""https://www.wowhead.com/classic/quest=544"", ""Prison Break In"")"			
"=HYPERLINK(""https://www.wowhead.com/classic/quest=557"", ""Bracers of Binding"")"			
"=HYPERLINK(""https://www.wowhead.com/classic/quest=545"", ""Dalaran Patrols"")"			
"=HYPERLINK(""https://www.wowhead.com/classic/quest=566"", ""WANTED: Baron Vardus"")"			
"=HYPERLINK(""https://www.wowhead.com/classic/quest=2934"", ""Undamaged Venom Sac"")"			
"=HYPERLINK(""https://www.wowhead.com/classic/quest=6442"", ""Naga at the Zoram Strand"")"			
"=HYPERLINK(""https://www.wowhead.com/classic/quest=6563"", ""The Essence of Aku'Mai"")"			
"=HYPERLINK(""https://www.wowhead.com/classic/quest=216"", ""Between a Rock and a Thistlefur"")"			
"=HYPERLINK(""https://www.wowhead.com/classic/quest=6462"", ""Troll Charm"")"			
"=HYPERLINK(""https://www.wowhead.com/classic/quest=6503"", ""Ashenvale Outrunners"")"			180
"=HYPERLINK(""https://www.wowhead.com/classic/quest=25"", ""Stonetalon Standstill"")"			
"=HYPERLINK(""https://www.wowhead.com/classic/quest=6441"", ""Satyr Horns"")"			600
"=HYPERLINK(""https://www.wowhead.com/classic/quest=6621"", ""King of the Foulweald"")"			
"=HYPERLINK(""https://www.wowhead.com/classic/quest=6571"", ""Warsong Supplies"")"			
"=HYPERLINK(""https://www.wowhead.com/classic/quest=6504"", ""The Lost Pages"")"			
"=HYPERLINK(""https://www.wowhead.com/classic/quest=2862"", ""War on the Woodpaw"")"			
"=HYPERLINK(""https://www.wowhead.com/classic/quest=2863"", ""Alpha Strike"")"			
"=HYPERLINK(""https://www.wowhead.com/classic/quest=2975"", ""The Ogres of Feralas"")"			
"=HYPERLINK(""https://www.wowhead.com/classic/quest=2987"", ""Gordunni Cobalt"")"			
"=HYPERLINK(""https://www.wowhead.com/classic/quest=2973"", ""A New Cloak's Sheen"")"			
"=HYPERLINK(""https://www.wowhead.com/classic/quest=2974"", ""A Grim Discovery"")"			
"=HYPERLINK(""https://www.wowhead.com/classic/quest=3125"", ""Faerie Dragon Muisek"")"			
"=HYPERLINK(""https://www.wowhead.com/classic/quest=7730"", ""Zukk'ash Infestation"")"			
"=HYPERLINK(""https://www.wowhead.com/classic/quest=2979"", ""Dark Ceremony"")"			
"=HYPERLINK(""https://www.wowhead.com/classic/quest=3123"", ""Testing the Vessel"")"			
"=HYPERLINK(""https://www.wowhead.com/classic/quest=3124"", ""Hippogryph Muisek"")"			
"=HYPERLINK(""https://www.wowhead.com/classic/quest=7731"", ""Stinglasher"")"			
"=HYPERLINK(""https://www.wowhead.com/classic/quest=7003"", ""Zapped Giants"")"			
"=HYPERLINK(""https://www.wowhead.com/classic/quest=7721"", ""Fuel for the Zapping"")"			
"=HYPERLINK(""https://www.wowhead.com/classic/quest=3062"", ""Dark Heart"")"			
"=HYPERLINK(""https://www.wowhead.com/classic/quest=3063"", ""Vengeance on the Northspring"")"			
"=HYPERLINK(""https://www.wowhead.com/classic/quest=3126"", ""Treant Muisek"")"			
"=HYPERLINK(""https://www.wowhead.com/classic/quest=3127"", ""Mountain Giant Muisek"")"			
"=HYPERLINK(""https://www.wowhead.com/classic/quest=3128"", ""Natural Materials"")"			
"=HYPERLINK(""https://www.wowhead.com/classic/quest=4120"", ""The Strength of Corruption"")"			
"=HYPERLINK(""https://www.wowhead.com/classic/quest=7441"", ""Pusillin and the Elder Azj'Tordin"")"			
"=HYPERLINK(""https://www.wowhead.com/classic/quest=1318"", ""Unfinished Gordok Business"")"			
"=HYPERLINK(""https://www.wowhead.com/classic/quest=5518"", ""The Gordok Ogre Suit"")"			
"=HYPERLINK(""https://www.wowhead.com/classic/quest=5525"", ""Free Knot!"")"			
"=HYPERLINK(""https://www.wowhead.com/classic/quest=7461"", ""The Madness Within"")"			
"=HYPERLINK(""https://www.wowhead.com/classic/quest=8949"", ""Falrin's Vendetta"")"			
"=HYPERLINK(""https://www.wowhead.com/classic/quest=8950"", ""The Instigator's Enchantment"")"			
"=HYPERLINK(""https://www.wowhead.com/classic/quest=5155"", ""Forces of Jaedenar"")"			
"=HYPERLINK(""https://www.wowhead.com/classic/quest=6162"", ""A Husband's Last Battle"")"			
"=HYPERLINK(""https://www.wowhead.com/classic/quest=5157"", ""Collection of the Corrupt Water"")"			
"=HYPERLINK(""https://www.wowhead.com/classic/quest=4005"", ""Aquementas"")"			
"=HYPERLINK(""https://www.wowhead.com/classic/quest=4084"", ""Silver Heart"")"			
"=HYPERLINK(""https://www.wowhead.com/classic/quest=4505"", ""Well of Corruption"")"			
"=HYPERLINK(""https://www.wowhead.com/classic/quest=4506"", ""Corrupted Sabers"")"			
"=HYPERLINK(""https://www.wowhead.com/classic/quest=5156"", ""Verifying the Corruption"")"			
"=HYPERLINK(""https://www.wowhead.com/classic/quest=5165"", ""Dousing the Flames of Protection"")"			
"=HYPERLINK(""https://www.wowhead.com/classic/quest=6031"", ""Runecloth"")"			
"=HYPERLINK(""https://www.wowhead.com/classic/quest=6032"", ""Sacred Cloth"")"			
"=HYPERLINK(""https://www.wowhead.com/classic/quest=4521"", ""Wild Guardians"")"			
"=HYPERLINK(""https://www.wowhead.com/classic/quest=5204"", ""Retribution of the Light"")"			
"=HYPERLINK(""https://www.wowhead.com/classic/quest=5242"", ""A Final Blow"")"			
"=HYPERLINK(""https://www.wowhead.com/classic/quest=8481"", ""The Root of All Evil"")"			
"=HYPERLINK(""https://www.wowhead.com/wotlk/quest=11989"", ""Truce?"")"			
"=HYPERLINK(""https://www.wowhead.com/wotlk/quest=11984"", ""Filling the Cages"")"			
"=HYPERLINK(""https://www.wowhead.com/wotlk/quest=11990"", ""Vial of Visions"")"			
"=HYPERLINK(""https://www.wowhead.com/wotlk/quest=11991"", ""Subject to Interpretation"")"			
"=HYPERLINK(""https://www.wowhead.com/wotlk/quest=12007"", ""Sacrifices Must be Made"")"			
"=HYPERLINK(""https://www.wowhead.com/wotlk/quest=12029"", ""Seared Scourge"")"			
"=HYPERLINK(""https://www.wowhead.com/wotlk/quest=12170"", ""Blackriver Brawl"")"			
"=HYPERLINK(""https://www.wowhead.com/wotlk/quest=12175"", ""Gray Worg Hides"")"			
"=HYPERLINK(""https://www.wowhead.com/wotlk/quest=12176"", ""A Minor Substitution"")"			
"=HYPERLINK(""https://www.wowhead.com/wotlk/quest=12177"", ""Jun'ik's Coverup"")"			
"=HYPERLINK(""https://www.wowhead.com/wotlk/quest=12207"", ""Vordrassil's Fall"")"			
"=HYPERLINK(""https://www.wowhead.com/wotlk/quest=12213"", ""The Darkness Beneath"")"			
"=HYPERLINK(""https://www.wowhead.com/wotlk/quest=12229"", ""A Possible Link"")"			
"=HYPERLINK(""https://www.wowhead.com/wotlk/quest=12242"", ""Vordrassil's Seeds"")"			
"=HYPERLINK(""https://www.wowhead.com/wotlk/quest=12256"", ""The Flamebinders' Secrets"")"			
"=HYPERLINK(""https://www.wowhead.com/wotlk/quest=12257"", ""A Show of Strength"")"			
"=HYPERLINK(""https://www.wowhead.com/wotlk/quest=12270"", ""Shred the Alliance"")"			
"=HYPERLINK(""https://www.wowhead.com/wotlk/quest=12280"", ""Making Repairs"")"			
"=HYPERLINK(""https://www.wowhead.com/wotlk/quest=12284"", ""Keep 'Em on Their Heels"")"			
"=HYPERLINK(""https://www.wowhead.com/wotlk/quest=12288"", ""Overwhelmed!"")"			
"=HYPERLINK(""https://www.wowhead.com/wotlk/quest=12315"", ""Crush Captain Brightwater!"")"			
"=HYPERLINK(""https://www.wowhead.com/wotlk/quest=12317"", ""Keep Them at Bay"")"			
"=HYPERLINK(""https://www.wowhead.com/wotlk/quest=12413"", ""Attack on Silverbrook"")"			
"=HYPERLINK(""https://www.wowhead.com/wotlk/quest=12432"", ""Riding the Red Rocket"")"			
"=HYPERLINK(""https://www.wowhead.com/wotlk/quest=12433"", ""Seeking Solvent"")"			
"=HYPERLINK(""https://www.wowhead.com/wotlk/quest=12436"", ""Supplemental Income"")"			
"=HYPERLINK(""https://www.wowhead.com/wotlk/quest=12453"", ""Eyes Above"")"			
"=HYPERLINK(""https://www.wowhead.com/wotlk/quest=12484"", ""Scourgekabob"")"			
"=HYPERLINK(""https://www.wowhead.com/wotlk/quest=13129"", ""Head Games"")"			
"=HYPERLINK(""https://www.wowhead.com/wotlk/quest=11982"", ""Raining Down Destruction"")"			
"=HYPERLINK(""https://www.wowhead.com/wotlk/quest=12054"", ""Deciphering the Journal"")"			
"=HYPERLINK(""https://www.wowhead.com/wotlk/quest=12068"", ""Voices From the Dust"")"			
"=HYPERLINK(""https://www.wowhead.com/wotlk/quest=12070"", ""Rallying the Troops"")"			
"=HYPERLINK(""https://www.wowhead.com/wotlk/quest=12073"", ""Pounding the Iron"")"			
"=HYPERLINK(""https://www.wowhead.com/wotlk/quest=12093"", ""Runes of Compulsion"")"			
"=HYPERLINK(""https://www.wowhead.com/wotlk/quest=12094"", ""Latent Power"")"			
"=HYPERLINK(""https://www.wowhead.com/wotlk/quest=12113"", ""Nice to Meat You"")"			
"=HYPERLINK(""https://www.wowhead.com/wotlk/quest=12114"", ""Therapy"")"			
"=HYPERLINK(""https://www.wowhead.com/wotlk/quest=12116"", ""It Takes Guts...."")"			
"=HYPERLINK(""https://www.wowhead.com/wotlk/quest=12120"", ""Drak'aguul's Mallet"")"			
"=HYPERLINK(""https://www.wowhead.com/wotlk/quest=12121"", ""See You on the Other Side"")"			
"=HYPERLINK(""https://www.wowhead.com/wotlk/quest=12134"", ""Sasha's Hunt"")"			
"=HYPERLINK(""https://www.wowhead.com/wotlk/quest=12137"", ""Chill Out, Mon"")"			
"=HYPERLINK(""https://www.wowhead.com/wotlk/quest=12152"", ""Jin'arrak's End"")"			
"=HYPERLINK(""https://www.wowhead.com/wotlk/quest=12164"", ""Hour of the Worg"")"			
"=HYPERLINK(""https://www.wowhead.com/wotlk/quest=12165"", ""An Intriguing Plan"")"			
"=HYPERLINK(""https://www.wowhead.com/wotlk/quest=12195"", ""The Unexpected 'Guest'"")"			
"=HYPERLINK(""https://www.wowhead.com/wotlk/quest=12196"", ""From the Ground Up"")"			
"=HYPERLINK(""https://www.wowhead.com/wotlk/quest=12199"", ""Bringing Down the Iron Thane"")"			
"=HYPERLINK(""https://www.wowhead.com/wotlk/quest=12201"", ""The Overseer's Shadow"")"			
"=HYPERLINK(""https://www.wowhead.com/wotlk/quest=12203"", ""Loken's Orders"")"			
"=HYPERLINK(""https://www.wowhead.com/wotlk/quest=12204"", ""In the Name of Loken"")"			
"=HYPERLINK(""https://www.wowhead.com/wotlk/quest=12231"", ""The Bear God's Offspring"")"			
"=HYPERLINK(""https://www.wowhead.com/wotlk/quest=12236"", ""Ursoc, the Bear God"")"			
"=HYPERLINK(""https://www.wowhead.com/wotlk/quest=12241"", ""Destroy the Sapling"")"			
"=HYPERLINK(""https://www.wowhead.com/wotlk/quest=12279"", ""A Bear of an Appetite"")"			
"=HYPERLINK(""https://www.wowhead.com/wotlk/quest=12327"", ""Out of Body Experience"")"			
"=HYPERLINK(""https://www.wowhead.com/wotlk/quest=12328"", ""Ruuna's Request"")"			
"=HYPERLINK(""https://www.wowhead.com/wotlk/quest=12412"", ""My Enemy's Friend"")"			
"=HYPERLINK(""https://www.wowhead.com/wotlk/quest=12415"", ""The Horse Hollerer"")"			
"=HYPERLINK(""https://www.wowhead.com/wotlk/quest=12483"", ""Shimmercap Stew"")"			
"=HYPERLINK(""https://www.wowhead.com/classic/quest=4841"", ""Pacify the Centaur"")"			
"=HYPERLINK(""https://www.wowhead.com/classic/quest=1149"", ""Test of Faith"")"			
"=HYPERLINK(""https://www.wowhead.com/classic/quest=4821"", ""Alien Egg"")"			30
"=HYPERLINK(""https://www.wowhead.com/classic/quest=5062"", ""Sacred Fire"")"			300
"=HYPERLINK(""https://www.wowhead.com/classic/quest=5064"", ""Grimtotem Spying"")"			240
"=HYPERLINK(""https://www.wowhead.com/classic/quest=5088"", ""Arikara"")"			120
"=HYPERLINK(""https://www.wowhead.com/tbc/quest=9431"", ""A Different Approach"")"			120
"=HYPERLINK(""https://www.wowhead.com/tbc/quest=9433"", ""A Dip in the Moonwell"")"			30
"=HYPERLINK(""https://www.wowhead.com/classic/quest=4767"", ""Wind Rider"")"			
"=HYPERLINK(""https://www.wowhead.com/classic/quest=5147"", ""Wanted - Arnak Grimtotem"")"			120
"=HYPERLINK(""https://www.wowhead.com/classic/quest=1104"", ""Salt Flat Venom"")"			
"=HYPERLINK(""https://www.wowhead.com/classic/quest=1105"", ""Hardened Shells"")"			
"=HYPERLINK(""https://www.wowhead.com/classic/quest=1150"", ""Test of Endurance"")"			
"=HYPERLINK(""https://www.wowhead.com/classic/quest=1151"", ""Test of Strength"")"			
"=HYPERLINK(""https://www.wowhead.com/classic/quest=1176"", ""Load Lightening"")"			300
"=HYPERLINK(""https://www.wowhead.com/classic/quest=5151"", ""Hypercapacitor Gizmo"")"			180
"=HYPERLINK(""https://www.wowhead.com/classic/quest=1110"", ""Rocket Car Parts"")"			
"=HYPERLINK(""https://www.wowhead.com/classic/quest=1175"", ""A Bump in the Road"")"			
"=HYPERLINK(""https://www.wowhead.com/classic/quest=1107"", ""Encrusted Tail Fins"")"			
"=HYPERLINK(""https://www.wowhead.com/classic/quest=1187"", ""Razzeric's Tweaking"")"			
"=HYPERLINK(""https://www.wowhead.com/classic/quest=2770"", ""Gahz'rilla"")"			
"=HYPERLINK(""https://www.wowhead.com/classic/quest=1366"", ""Centaur Bounty"")"			
"=HYPERLINK(""https://www.wowhead.com/classic/quest=5501"", ""Bone Collector"")"			
"=HYPERLINK(""https://www.wowhead.com/classic/quest=1369"", ""Broken Tears"")"			
"=HYPERLINK(""https://www.wowhead.com/classic/quest=1434"", ""Befouled by Satyr"")"			
"=HYPERLINK(""https://www.wowhead.com/classic/quest=1435"", ""The Burning of Spirits"")"			
"=HYPERLINK(""https://www.wowhead.com/classic/quest=5741"", ""Sceptre of Light"")"			
"=HYPERLINK(""https://www.wowhead.com/classic/quest=5561"", ""Kodo Roundup"")"			
"=HYPERLINK(""https://www.wowhead.com/classic/quest=1365"", ""Khan Dez'hepah"")"			
"=HYPERLINK(""https://www.wowhead.com/classic/quest=1370"", ""Stealing Supplies"")"			
"=HYPERLINK(""https://www.wowhead.com/classic/quest=1371"", ""Gizmo for Warug"")"			
"=HYPERLINK(""https://www.wowhead.com/classic/quest=6142"", ""Clam Bait"")"			
"=HYPERLINK(""https://www.wowhead.com/classic/quest=6143"", ""Other Fish to Fry"")"			
"=HYPERLINK(""https://www.wowhead.com/classic/quest=6161"", ""Claim Rackmore's Treasure!"")"			
"=HYPERLINK(""https://www.wowhead.com/classic/quest=1373"", ""Ongeku"")"			
"=HYPERLINK(""https://www.wowhead.com/classic/quest=1374"", ""Khan Jehn"")"			
"=HYPERLINK(""https://www.wowhead.com/classic/quest=1375"", ""Khan Shaka"")"			
"=HYPERLINK(""https://www.wowhead.com/classic/quest=5386"", ""Catch of the Day"")"			
"=HYPERLINK(""https://www.wowhead.com/classic/quest=5381"", ""Hand of Iruxos"")"			
"=HYPERLINK(""https://www.wowhead.com/classic/quest=5581"", ""Portals of the Legion"")"			
"=HYPERLINK(""https://www.wowhead.com/classic/quest=6027"", ""Book of the Ancients"")"			
"=HYPERLINK(""https://www.wowhead.com/classic/quest=6134"", ""Ghost-o-plasm Round Up"")"			
"=HYPERLINK(""https://www.wowhead.com/classic/quest=1380"", ""Khan Hratha"")"			
"=HYPERLINK(""https://www.wowhead.com/classic/quest=7028"", ""Twisted Evils"")"			
"=HYPERLINK(""https://www.wowhead.com/classic/quest=7029"", ""Vyletongue Corruption"")"			
"=HYPERLINK(""https://www.wowhead.com/classic/quest=7067"", ""The Pariah's Instructions"")"			
"=HYPERLINK(""https://www.wowhead.com/classic/quest=7044"", ""Legends of Maraudon"")"			
"=HYPERLINK(""https://www.wowhead.com/classic/quest=7064"", ""Corruption of Earth and Seed"")"			
"=HYPERLINK(""https://www.wowhead.com/classic/quest=6602"", ""Blood of the Black Dragon Champion"")"			
"=HYPERLINK(""https://www.wowhead.com/classic/quest=6421"", ""Boulderslide Ravine"")"			
"=HYPERLINK(""https://www.wowhead.com/classic/quest=6461"", ""Blood Feeders"")"			
"=HYPERLINK(""https://www.wowhead.com/classic/quest=6481"", ""Earthen Arise"")"			
"=HYPERLINK(""https://www.wowhead.com/classic/quest=1093"", ""Super Reaper 6000"")"			100
"=HYPERLINK(""https://www.wowhead.com/classic/quest=6284"", ""Arachnophobia"")"			
"=HYPERLINK(""https://www.wowhead.com/classic/quest=6301"", ""Cycle of Rebirth"")"			
"=HYPERLINK(""https://www.wowhead.com/classic/quest=1087"", ""Cenarius' Legacy"")"			
"=HYPERLINK(""https://www.wowhead.com/classic/quest=6381"", ""New Life"")"			
"=HYPERLINK(""https://www.wowhead.com/classic/quest=6393"", ""Elemental War"")"			
"=HYPERLINK(""https://www.wowhead.com/classic/quest=1058"", ""Jin'Zil's Forest Magic"")"			
"=HYPERLINK(""https://www.wowhead.com/classic/quest=6282"", ""Harpies Threaten"")"			600
"=HYPERLINK(""https://www.wowhead.com/classic/quest=6283"", ""Bloodfury Bloodline"")"			180
"=HYPERLINK(""https://www.wowhead.com/classic/quest=1096"", ""Gerenzo Wrenchwhistle"")"			180
"=HYPERLINK(""https://www.wowhead.com/classic/quest=1088"", ""Ordanus"")"			180
"=HYPERLINK(""https://www.wowhead.com/classic/quest=1089"", ""The Den"")"			
"=HYPERLINK(""https://www.wowhead.com/classic/quest=1690"", ""Wastewander Justice"")"			
"=HYPERLINK(""https://www.wowhead.com/classic/quest=1691"", ""More Wastewander Justice"")"			
"=HYPERLINK(""https://www.wowhead.com/classic/quest=1707"", ""Water Pouch Bounty"")"			
"=HYPERLINK(""https://www.wowhead.com/classic/quest=3520"", ""Screecher Spirits"")"			
"=HYPERLINK(""https://www.wowhead.com/classic/quest=2771"", ""A Good Head On Your Shoulders"")"			
"=HYPERLINK(""https://www.wowhead.com/classic/quest=2772"", ""The World At Your Feet"")"			
"=HYPERLINK(""https://www.wowhead.com/classic/quest=2773"", ""The Mithril Kid"")"			
"=HYPERLINK(""https://www.wowhead.com/classic/quest=2865"", ""Scarab Shells"")"			
"=HYPERLINK(""https://www.wowhead.com/classic/quest=2873"", ""Stoley's Shipment"")"			
"=HYPERLINK(""https://www.wowhead.com/classic/quest=2875"", ""WANTED: Andre Firebeard"")"			
"=HYPERLINK(""https://www.wowhead.com/classic/quest=3042"", ""Troll Temper"")"			
"=HYPERLINK(""https://www.wowhead.com/classic/quest=6610"", ""Clamlette Surprise"")"			
"=HYPERLINK(""https://www.wowhead.com/classic/quest=8365"", ""Pirate Hats Ahoy!"")"			
"=HYPERLINK(""https://www.wowhead.com/classic/quest=8366"", ""Southsea Shakedown"")"			
"=HYPERLINK(""https://www.wowhead.com/classic/quest=379"", ""Slake That Thirst"")"			
"=HYPERLINK(""https://www.wowhead.com/classic/quest=654"", ""Tanaris Field Sampling"")"			
"=HYPERLINK(""https://www.wowhead.com/classic/quest=992"", ""Gadgetzan Water Survey"")"			
"=HYPERLINK(""https://www.wowhead.com/classic/quest=2781"", ""WANTED: Caliph Scorpidsting"")"			
"=HYPERLINK(""https://www.wowhead.com/classic/quest=82"", ""Noxious Lair Investigation"")"			
"=HYPERLINK(""https://www.wowhead.com/classic/quest=2741"", ""The Super Egg-O-Matic"")"			
"=HYPERLINK(""https://www.wowhead.com/classic/quest=2768"", ""Divino-matic Rod"")"			
"=HYPERLINK(""https://www.wowhead.com/classic/quest=3527"", ""The Prophecy of Mosh'aru"")"			
"=HYPERLINK(""https://www.wowhead.com/classic/quest=10"", ""The Scrimshank Redemption"")"			
"=HYPERLINK(""https://www.wowhead.com/classic/quest=3161"", ""Gahz'ridian"")"			
"=HYPERLINK(""https://www.wowhead.com/classic/quest=2605"", ""The Thirsty Goblin"")"			
"=HYPERLINK(""https://www.wowhead.com/classic/quest=2641"", ""Sprinkle's Secret Ingredient"")"			
"=HYPERLINK(""https://www.wowhead.com/classic/quest=5863"", ""The Dunemaul Compound"")"			
"=HYPERLINK(""https://www.wowhead.com/classic/quest=3362"", ""Thistleshrub Valley"")"			
"=HYPERLINK(""https://www.wowhead.com/classic/quest=4787"", ""The Ancient Egg"")"			
"=HYPERLINK(""https://www.wowhead.com/classic/quest=3444"", ""The Stone Circle"")"			
"=HYPERLINK(""https://www.wowhead.com/classic/quest=3528"", ""The God Hakkar"")"			
"=HYPERLINK(""https://www.wowhead.com/classic/quest=4496"", ""Bungle in the Jungle"")"			
"=HYPERLINK(""https://www.wowhead.com/classic/quest=4504"", ""Super Sticky"")"			
"=HYPERLINK(""https://www.wowhead.com/classic/quest=4507"", ""Pawn Captures Queen"")"			
"=HYPERLINK(""https://www.wowhead.com/classic/quest=4788"", ""The Final Tablets"")"			
"=HYPERLINK(""https://www.wowhead.com/classic/quest=5065"", ""The Lost Tablets of Mosh'aru"")"			
"=HYPERLINK(""https://www.wowhead.com/classic/quest=8585"", ""The Isle of Dread!"")"			
"=HYPERLINK(""https://www.wowhead.com/classic/quest=8586"", ""Dirge's Kickin' Chimaerok Chops"")"			
"=HYPERLINK(""https://www.wowhead.com/classic/quest=8606"", ""Decoy!"")"			
"=HYPERLINK(""https://www.wowhead.com/classic/quest=8620"", ""The Only Prescription"")"			
"=HYPERLINK(""https://www.wowhead.com/classic/quest=8728"", ""The Good News and The Bad News"")"			
"=HYPERLINK(""https://www.wowhead.com/classic/quest=8729"", ""The Wrath of Neptulon"")"			
"=HYPERLINK(""https://www.wowhead.com/classic/quest=8730"", ""Nefarius's Corruption"")"			
"=HYPERLINK(""https://www.wowhead.com/classic/quest=8751"", ""The Protector of Kalimdor"")"			
"=HYPERLINK(""https://www.wowhead.com/classic/quest=8756"", ""The Qiraji Conqueror"")"			
"=HYPERLINK(""https://www.wowhead.com/classic/quest=8761"", ""The Grand Invoker"")"			
"=HYPERLINK(""https://www.wowhead.com/classic/quest=8921"", ""The Ectoplasmic Distiller"")"			
"=HYPERLINK(""https://www.wowhead.com/classic/quest=8924"", ""Hunting for Ectoplasm"")"			
"=HYPERLINK(""https://www.wowhead.com/classic/quest=8925"", ""A Portable Power Source"")"			
"=HYPERLINK(""https://www.wowhead.com/classic/quest=8928"", ""A Shifty Merchant"")"			
"=HYPERLINK(""https://www.wowhead.com/tbc/quest=9251"", ""Atiesh, the Befouled Greatstaff"")"			
"=HYPERLINK(""https://www.wowhead.com/tbc/quest=9257"", ""Atiesh, Greatstaff of the Guardian"")"			
"=HYPERLINK(""https://www.wowhead.com/wotlk/quest=12513"", ""Nice Hat..."")"			
"=HYPERLINK(""https://www.wowhead.com/classic/quest=3882"", ""Roll the Bones"")"			
"=HYPERLINK(""https://www.wowhead.com/classic/quest=4503"", ""Shizzle's Flyer"")"			
"=HYPERLINK(""https://www.wowhead.com/classic/quest=3883"", ""Alien Ecology"")"			
"=HYPERLINK(""https://www.wowhead.com/classic/quest=4145"", ""Larion and Muigin"")"			
"=HYPERLINK(""https://www.wowhead.com/classic/quest=3881"", ""Expedition Salvation"")"			
"=HYPERLINK(""https://www.wowhead.com/classic/quest=4148"", ""Bloodpetal Zapper"")"			
"=HYPERLINK(""https://www.wowhead.com/classic/quest=4284"", ""Crystals of Power"")"			
"=HYPERLINK(""https://www.wowhead.com/classic/quest=4290"", ""The Fare of Lar'korwi"")"			
"=HYPERLINK(""https://www.wowhead.com/classic/quest=4291"", ""The Scent of Lar'korwi"")"			
"=HYPERLINK(""https://www.wowhead.com/wotlk/quest=13850"", ""Toxic Tolerance"")"			
"=HYPERLINK(""https://www.wowhead.com/wotlk/quest=13887"", ""Venomhide Eggs"")"			
"=HYPERLINK(""https://www.wowhead.com/wotlk/quest=13906"", ""They Grow Up So Fast"")"			
"=HYPERLINK(""https://www.wowhead.com/classic/quest=974"", ""Finding the Source"")"			
"=HYPERLINK(""https://www.wowhead.com/classic/quest=4289"", ""The Apes of Un'Goro"")"			
"=HYPERLINK(""https://www.wowhead.com/classic/quest=4301"", ""The Mighty U'cha"")"			
"=HYPERLINK(""https://www.wowhead.com/classic/quest=4501"", ""Beware of Pterrordax"")"			
"=HYPERLINK(""https://www.wowhead.com/classic/quest=3962"", ""It's Dangerous to Go Alone"")"			
"=HYPERLINK(""https://www.wowhead.com/classic/quest=4292"", ""The Bait for Lar'korwi"")"			
"=HYPERLINK(""https://www.wowhead.com/wotlk/quest=12547"", ""The Activation Rune"")"			
"=HYPERLINK(""https://www.wowhead.com/classic/quest=5526"", ""Shards of the Felvine"")"			
"=HYPERLINK(""https://www.wowhead.com/classic/quest=5527"", ""A Reliquary of Purity"")"			
"=HYPERLINK(""https://www.wowhead.com/classic/quest=8735"", ""The Nightmare's Corruption"")"			
"=HYPERLINK(""https://www.wowhead.com/wotlk/quest=13074"", ""Hope Within the Emerald Nightmare"")"			
"=HYPERLINK(""https://www.wowhead.com/tbc/quest=11167"", ""The New Plague"")"			
"=HYPERLINK(""https://www.wowhead.com/tbc/quest=11168"", ""Spiking the Mix"")"			
"=HYPERLINK(""https://www.wowhead.com/tbc/quest=11170"", ""Test at Sea"")"			
"=HYPERLINK(""https://www.wowhead.com/tbc/quest=11182"", ""Root Causes"")"			
"=HYPERLINK(""https://www.wowhead.com/tbc/quest=11221"", ""Reports from the Field"")"			
"=HYPERLINK(""https://www.wowhead.com/tbc/quest=11227"", ""Let Them Eat Crow"")"			
"=HYPERLINK(""https://www.wowhead.com/tbc/quest=11230"", ""Ambushed!"")"			
"=HYPERLINK(""https://www.wowhead.com/tbc/quest=11232"", ""Guide Our Sights"")"			
"=HYPERLINK(""https://www.wowhead.com/tbc/quest=11233"", ""Landing the Killing Blow"")"			
"=HYPERLINK(""https://www.wowhead.com/tbc/quest=11253"", ""Sniff Out the Enemy"")"			
"=HYPERLINK(""https://www.wowhead.com/tbc/quest=11262"", ""Ingvar Must Die!"")"			
"=HYPERLINK(""https://www.wowhead.com/tbc/quest=11268"", ""The Walking Dead"")"			
"=HYPERLINK(""https://www.wowhead.com/tbc/quest=11270"", ""War is Hell"")"			
"=HYPERLINK(""https://www.wowhead.com/tbc/quest=11271"", ""Hasty Preparations"")"			
"=HYPERLINK(""https://www.wowhead.com/tbc/quest=11272"", ""A Score to Settle"")"			
"=HYPERLINK(""https://www.wowhead.com/tbc/quest=11275"", ""Making the Horn"")"			
"=HYPERLINK(""https://www.wowhead.com/tbc/quest=11279"", ""Green Eggs and Whelps"")"			
"=HYPERLINK(""https://www.wowhead.com/tbc/quest=11280"", ""Draconis Gastritis"")"			
"=HYPERLINK(""https://www.wowhead.com/tbc/quest=11281"", ""Mimicking Nature's Call"")"			
"=HYPERLINK(""https://www.wowhead.com/tbc/quest=11282"", ""A Lesson in Fear"")"			
"=HYPERLINK(""https://www.wowhead.com/tbc/quest=11283"", ""Baleheim Bodycount"")"			
"=HYPERLINK(""https://www.wowhead.com/tbc/quest=11285"", ""Baleheim Must Burn!"")"			
"=HYPERLINK(""https://www.wowhead.com/tbc/quest=11286"", ""The Artifacts of Steel Gate"")"			
"=HYPERLINK(""https://www.wowhead.com/tbc/quest=11298"", ""What's in That Brew?"")"			
"=HYPERLINK(""https://www.wowhead.com/tbc/quest=11301"", ""Brains! Brains! Brains!"")"			
"=HYPERLINK(""https://www.wowhead.com/tbc/quest=11305"", ""A Tailor-Made Formula"")"			
"=HYPERLINK(""https://www.wowhead.com/tbc/quest=11306"", ""Apply Heat and Stir"")"			
"=HYPERLINK(""https://www.wowhead.com/tbc/quest=11307"", ""Field Test"")"			
"=HYPERLINK(""https://www.wowhead.com/tbc/quest=11309"", ""Parts for the Job"")"			
"=HYPERLINK(""https://www.wowhead.com/tbc/quest=11310"", ""Warning: Some Assembly Required"")"			
"=HYPERLINK(""https://www.wowhead.com/tbc/quest=11311"", ""Suppressing the Elements"")"			
"=HYPERLINK(""https://www.wowhead.com/tbc/quest=11313"", ""Spirits of the Ice"")"			
"=HYPERLINK(""https://www.wowhead.com/tbc/quest=11314"", ""The Fallen Sisters"")"			
"=HYPERLINK(""https://www.wowhead.com/tbc/quest=11315"", ""Wild Vines"")"			
"=HYPERLINK(""https://www.wowhead.com/tbc/quest=11316"", ""Spawn of the Twisted Glade"")"			
"=HYPERLINK(""https://www.wowhead.com/tbc/quest=11317"", ""The Cleansing"")"			
"=HYPERLINK(""https://www.wowhead.com/tbc/quest=11319"", ""Seeds of the Blacksouled Keepers"")"			
"=HYPERLINK(""https://www.wowhead.com/tbc/quest=11324"", ""Alpha Worg"")"			
"=HYPERLINK(""https://www.wowhead.com/tbc/quest=11422"", ""Trident of the Son"")"			
"=HYPERLINK(""https://www.wowhead.com/tbc/quest=11423"", ""The Enemy's Legacy"")"			
"=HYPERLINK(""https://www.wowhead.com/tbc/quest=11424"", ""Shield Hill"")"			
"=HYPERLINK(""https://www.wowhead.com/tbc/quest=11428"", ""Keeper Witherleaf"")"			
"=HYPERLINK(""https://www.wowhead.com/tbc/quest=11434"", ""Forgotten Treasure"")"			
"=HYPERLINK(""https://www.wowhead.com/tbc/quest=11455"", ""The Fragrance of Money"")"			
"=HYPERLINK(""https://www.wowhead.com/tbc/quest=11456"", ""Feeding the Survivors"")"			
"=HYPERLINK(""https://www.wowhead.com/tbc/quest=11457"", ""Arming Kamagua"")"			
"=HYPERLINK(""https://www.wowhead.com/tbc/quest=11458"", ""Avenge Iskaal"")"			
"=HYPERLINK(""https://www.wowhead.com/tbc/quest=11464"", ""Gambling Debt"")"			
"=HYPERLINK(""https://www.wowhead.com/tbc/quest=11466"", ""Jack Likes His Drink"")"			
"=HYPERLINK(""https://www.wowhead.com/tbc/quest=11467"", ""Dead Man's Debt"")"			
"=HYPERLINK(""https://www.wowhead.com/tbc/quest=11469"", ""Swabbin' Soap"")"			
"=HYPERLINK(""https://www.wowhead.com/tbc/quest=11471"", ""The Jig is Up"")"			
"=HYPERLINK(""https://www.wowhead.com/tbc/quest=11476"", ""A Carver and a Croaker"")"			
"=HYPERLINK(""https://www.wowhead.com/tbc/quest=11479"", ""\""""Crowleg\"""" Dan"")"			
"=HYPERLINK(""https://www.wowhead.com/tbc/quest=11504"", ""The Dead Rise!"")"			
"=HYPERLINK(""https://www.wowhead.com/tbc/quest=11511"", ""The Staff of Storm's Fury"")"			
"=HYPERLINK(""https://www.wowhead.com/tbc/quest=11512"", ""The Frozen Heart of Isuldof"")"			
"=HYPERLINK(""https://www.wowhead.com/wotlk/quest=11567"", ""The Ancient Armor of the Kvaldir"")"			
"=HYPERLINK(""https://www.wowhead.com/wotlk/quest=11568"", ""A Return to Resting"")"			
"=HYPERLINK(""https://www.wowhead.com/wotlk/quest=12481"", ""Adding Injury to Insult"")"			
"=HYPERLINK(""https://www.wowhead.com/wotlk/quest=12482"", ""Against Nifflevar"")"			
"=HYPERLINK(""https://www.wowhead.com/tbc/quest=11261"", ""The Conqueror of Skorn!"")"			
"=HYPERLINK(""https://www.wowhead.com/tbc/quest=11296"", ""Rivenwood Captives"")"			
"=HYPERLINK(""https://www.wowhead.com/classic/quest=3909"", ""The Videre Elixir"")"			
"=HYPERLINK(""https://www.wowhead.com/classic/quest=4809"", ""Chillwind Horns"")"			
"=HYPERLINK(""https://www.wowhead.com/classic/quest=4842"", ""Strange Sources"")"			
"=HYPERLINK(""https://www.wowhead.com/classic/quest=5054"", ""Ursius of the Shardtooth"")"			
"=HYPERLINK(""https://www.wowhead.com/classic/quest=5082"", ""Threat of the Winterfall"")"			
"=HYPERLINK(""https://www.wowhead.com/classic/quest=5086"", ""Toxic Horrors"")"			
"=HYPERLINK(""https://www.wowhead.com/classic/quest=5087"", ""Winterfall Runners"")"			
"=HYPERLINK(""https://www.wowhead.com/classic/quest=977"", ""Are We There, Yeti?"")"			
"=HYPERLINK(""https://www.wowhead.com/classic/quest=5055"", ""Brumeran of the Chillwind"")"			
"=HYPERLINK(""https://www.wowhead.com/classic/quest=5121"", ""High Chief Winterfall"")"			
"=HYPERLINK(""https://www.wowhead.com/classic/quest=969"", ""Luck Be With You"")"			
"=HYPERLINK(""https://www.wowhead.com/classic/quest=5056"", ""Shy-Rotam"")"			
"=HYPERLINK(""https://www.wowhead.com/classic/quest=5124"", ""Fiery Plate Gauntlets"")"			
"=HYPERLINK(""https://www.wowhead.com/classic/quest=5127"", ""The Demon Forge"")"			
"=HYPERLINK(""https://www.wowhead.com/classic/quest=5305"", ""Sweet Serenity"")"			
"=HYPERLINK(""https://www.wowhead.com/classic/quest=5306"", ""Snakestone of the Shadow Huntress"")"			
"=HYPERLINK(""https://www.wowhead.com/classic/quest=5307"", ""Corruption"")"			
"=HYPERLINK(""https://www.wowhead.com/classic/quest=1125"", ""The Spirits of Southwind"")"			
"=HYPERLINK(""https://www.wowhead.com/classic/quest=8277"", ""Deadly Desert Venom"")"			
"=HYPERLINK(""https://www.wowhead.com/classic/quest=8280"", ""Securing the Supply Lines"")"			
"=HYPERLINK(""https://www.wowhead.com/classic/quest=1126"", ""Hive in the Tower"")"			
"=HYPERLINK(""https://www.wowhead.com/classic/quest=8278"", ""Noggle's Last Hope"")"			
"=HYPERLINK(""https://www.wowhead.com/classic/quest=8281"", ""Stepping Up Security"")"			
"=HYPERLINK(""https://www.wowhead.com/classic/quest=8317"", ""Kitchen Assistance"")"			
"=HYPERLINK(""https://www.wowhead.com/classic/quest=8282"", ""Noggle's Lost Satchel"")"			
"=HYPERLINK(""https://www.wowhead.com/classic/quest=8284"", ""The Twilight Mystery"")"			
"=HYPERLINK(""https://www.wowhead.com/classic/quest=8283"", ""Wanted - Deathclasp, Terror of the Sands"")"			
"=HYPERLINK(""https://www.wowhead.com/classic/quest=8323"", ""True Believers"")"			
"=HYPERLINK(""https://www.wowhead.com/classic/quest=8279"", ""The Twilight Lexicon"")"			
"=HYPERLINK(""https://www.wowhead.com/classic/quest=8286"", ""What Tomorrow Brings"")"			
"=HYPERLINK(""https://www.wowhead.com/classic/quest=8288"", ""Only One May Rise"")"			
"=HYPERLINK(""https://www.wowhead.com/classic/quest=8301"", ""The Path of the Righteous"")"			
"=HYPERLINK(""https://www.wowhead.com/classic/quest=8304"", ""Dearest Natalia"")"			
"=HYPERLINK(""https://www.wowhead.com/classic/quest=8306"", ""Into The Maw of Madness"")"			
"=HYPERLINK(""https://www.wowhead.com/classic/quest=8309"", ""Glyph Chasing"")"			
"=HYPERLINK(""https://www.wowhead.com/classic/quest=8310"", ""Breaking the Code"")"			
"=HYPERLINK(""https://www.wowhead.com/classic/quest=8315"", ""The Calling"")"			
"=HYPERLINK(""https://www.wowhead.com/classic/quest=8318"", ""Secret Communication"")"			
"=HYPERLINK(""https://www.wowhead.com/classic/quest=8320"", ""Twilight Geolords"")"			
"=HYPERLINK(""https://www.wowhead.com/classic/quest=8321"", ""Vyral the Vile"")"			
"=HYPERLINK(""https://www.wowhead.com/classic/quest=8332"", ""Dukes of the Council"")"			
"=HYPERLINK(""https://www.wowhead.com/classic/quest=8341"", ""Lords of the Council"")"			
"=HYPERLINK(""https://www.wowhead.com/classic/quest=8348"", ""Signet of the Dukes"")"			
"=HYPERLINK(""https://www.wowhead.com/classic/quest=8352"", ""Scepter of the Council"")"			
"=HYPERLINK(""https://www.wowhead.com/classic/quest=8361"", ""Abyssal Contacts"")"			
"=HYPERLINK(""https://www.wowhead.com/classic/quest=8548"", ""Volunteer's Battlegear"")"			
"=HYPERLINK(""https://www.wowhead.com/classic/quest=8572"", ""Veteran's Battlegear"")"			
"=HYPERLINK(""https://www.wowhead.com/classic/quest=8573"", ""Champion's Battlegear"")"			
"=HYPERLINK(""https://www.wowhead.com/classic/quest=8574"", ""Stalwart's Battlegear"")"			
"=HYPERLINK(""https://www.wowhead.com/tbc/quest=9023"", ""The Perfect Poison"")"			
"=HYPERLINK(""https://www.wowhead.com/tbc/quest=9248"", ""A Humble Offering"")"			
"=HYPERLINK(""https://www.wowhead.com/classic/quest=357"", ""The Lich's Identity"")"			
"=HYPERLINK(""https://www.wowhead.com/tbc/quest=9265"", ""Investigate the Scourge of the Undercity"")"			
"=HYPERLINK(""https://www.wowhead.com/classic/quest=530"", ""A Husband's Revenge"")"			
"=HYPERLINK(""https://www.wowhead.com/classic/quest=1013"", ""The Book of Ur"")"			
"=HYPERLINK(""https://www.wowhead.com/classic/quest=1109"", ""Going, Going, Guano!"")"			
"=HYPERLINK(""https://www.wowhead.com/classic/quest=1113"", ""Hearts of Zeal"")"			
"=HYPERLINK(""https://www.wowhead.com/classic/quest=1164"", ""To Steal From Thieves"")"			
"=HYPERLINK(""https://www.wowhead.com/classic/quest=3341"", ""Bring the End"")"			
"=HYPERLINK(""https://www.wowhead.com/classic/quest=3568"", ""Seeping Corruption"")"			
"=HYPERLINK(""https://www.wowhead.com/classic/quest=4293"", ""A Sample of Slime..."")"			
"=HYPERLINK(""https://www.wowhead.com/classic/quest=4642"", ""Melding of Influences"")"			
"=HYPERLINK(""https://www.wowhead.com/classic/quest=4294"", ""... and a Batch of Ooze"")"			
"=HYPERLINK(""https://www.wowhead.com/classic/quest=4982"", ""Bijou's Belongings"")"			
"=HYPERLINK(""https://www.wowhead.com/classic/quest=4867"", ""Urok Doomhowl"")"			
"=HYPERLINK(""https://www.wowhead.com/classic/quest=4201"", ""The Love Potion"")"			
"=HYPERLINK(""https://www.wowhead.com/classic/quest=4083"", ""The Spectral Chalice"")"			
"=HYPERLINK(""https://www.wowhead.com/classic/quest=4003"", ""The Royal Rescue"")"			
"=HYPERLINK(""https://www.wowhead.com/classic/quest=7604"", ""A Binding Contract"")"			
"=HYPERLINK(""https://www.wowhead.com/classic/quest=5726"", ""Hidden Enemies"")"			
"=HYPERLINK(""https://www.wowhead.com/classic/quest=5761"", ""Slaying the Beast"")"			
"=HYPERLINK(""https://www.wowhead.com/classic/quest=3924"", ""Samophlange Manual"")"			
"=HYPERLINK(""https://www.wowhead.com/classic/quest=2751"", ""Barbaric Battlements"")"			
"=HYPERLINK(""https://www.wowhead.com/classic/quest=2752"", ""On Iron Pauldrons"")"			
"=HYPERLINK(""https://www.wowhead.com/classic/quest=2841"", ""Rig Wars"")"			
"=HYPERLINK(""https://www.wowhead.com/classic/quest=2950"", ""Nogg's Ring Redo"")"			
"=HYPERLINK(""https://www.wowhead.com/classic/quest=2753"", ""Trampled Under Foot"")"			
"=HYPERLINK(""https://www.wowhead.com/classic/quest=2754"", ""Horns of Frenzy"")"			
"=HYPERLINK(""https://www.wowhead.com/classic/quest=2756"", ""The Old Ways"")"			
"=HYPERLINK(""https://www.wowhead.com/classic/quest=2283"", ""Necklace Recovery"")"			
"=HYPERLINK(""https://www.wowhead.com/classic/quest=7068"", ""Shadowshard Fragments"")"			
"=HYPERLINK(""https://www.wowhead.com/classic/quest=4300"", ""Bone-Bladed Weapons"")"			
"=HYPERLINK(""https://www.wowhead.com/classic/quest=4974"", ""For The Horde!"")"			
"=HYPERLINK(""https://www.wowhead.com/classic/quest=768"", ""Gathering Leather"")"			
"=HYPERLINK(""https://www.wowhead.com/classic/quest=769"", ""Kodo Hide Bag"")"			
"=HYPERLINK(""https://www.wowhead.com/classic/quest=744"", ""Preparation for Ceremony"")"			
"=HYPERLINK(""https://www.wowhead.com/classic/quest=5723"", ""Testing an Enemy's Strength"")"			
"=HYPERLINK(""https://www.wowhead.com/classic/quest=962"", ""Serpentbloom"")"			
"=HYPERLINK(""https://www.wowhead.com/classic/quest=914"", ""Leaders of the Fang"")"			
"=HYPERLINK(""https://www.wowhead.com/classic/quest=1086"", ""The Flying Machine Airport"")"			60
"=HYPERLINK(""https://www.wowhead.com/classic/quest=1195"", ""The Sacred Flame"")"			
"=HYPERLINK(""https://www.wowhead.com/classic/quest=1102"", ""A Vengeful Fate"")"			
"=HYPERLINK(""https://www.wowhead.com/classic/quest=1131"", ""Steelsnap"")"			240
"=HYPERLINK(""https://www.wowhead.com/classic/quest=1136"", ""Frostmaw"")"			
"=HYPERLINK(""https://www.wowhead.com/classic/quest=1049"", ""Compendium of the Fallen"")"			
"=HYPERLINK(""https://www.wowhead.com/classic/quest=1205"", ""Deadmire"")"			
"=HYPERLINK(""https://www.wowhead.com/classic/quest=3761"", ""Un'Goro Soil"")"			
"=HYPERLINK(""https://www.wowhead.com/classic/quest=923"", ""Tumors"")"			
"=HYPERLINK(""https://www.wowhead.com/tbc/quest=10283"", ""Taretha's Diversion"")"			
"=HYPERLINK(""https://www.wowhead.com/tbc/quest=10284"", ""Escape from Durnholde"")"			
"=HYPERLINK(""https://www.wowhead.com/wotlk/quest=12790"", ""Learning to Leave and Return: the Magical Way"")"			
"=HYPERLINK(""https://www.wowhead.com/classic/quest=8325"", ""Reclaiming Sunstrider Isle"")"			
"=HYPERLINK(""https://www.wowhead.com/classic/quest=8326"", ""Unfortunate Measures"")"			
"=HYPERLINK(""https://www.wowhead.com/classic/quest=8346"", ""Thirst Unending"")"			
"=HYPERLINK(""https://www.wowhead.com/classic/quest=8330"", ""Solanian's Belongings"")"			
"=HYPERLINK(""https://www.wowhead.com/classic/quest=8334"", ""Aggression"")"			
"=HYPERLINK(""https://www.wowhead.com/classic/quest=8336"", ""A Fistful of Slivers"")"			
"=HYPERLINK(""https://www.wowhead.com/classic/quest=8345"", ""The Shrine of Dath'Remar"")"			
"=HYPERLINK(""https://www.wowhead.com/classic/quest=8335"", ""Felendren the Banished"")"			
"=HYPERLINK(""https://www.wowhead.com/classic/quest=8463"", ""Unstable Mana Crystals"")"			
"=HYPERLINK(""https://www.wowhead.com/classic/quest=8472"", ""Major Malfunction"")"			
"=HYPERLINK(""https://www.wowhead.com/classic/quest=8468"", ""Wanted: Thaelis the Hungerer"")"			
"=HYPERLINK(""https://www.wowhead.com/classic/quest=8475"", ""The Dead Scar"")"			
"=HYPERLINK(""https://www.wowhead.com/classic/quest=8486"", ""Arcane Instability"")"			
"=HYPERLINK(""https://www.wowhead.com/tbc/quest=9062"", ""Soaked Pages"")"			
"=HYPERLINK(""https://www.wowhead.com/tbc/quest=9066"", ""Swift Discipline"")"			
"=HYPERLINK(""https://www.wowhead.com/tbc/quest=9352"", ""Darnassian Intrusions"")"			
"=HYPERLINK(""https://www.wowhead.com/classic/quest=8480"", ""Lost Armaments"")"			
"=HYPERLINK(""https://www.wowhead.com/classic/quest=8483"", ""The Dwarven Spy"")"			
"=HYPERLINK(""https://www.wowhead.com/classic/quest=8491"", ""Pelt Collection"")"			
"=HYPERLINK(""https://www.wowhead.com/classic/quest=8884"", ""Fish Heads, Fish Heads..."")"			
"=HYPERLINK(""https://www.wowhead.com/classic/quest=8892"", ""Situation at Sunsail Anchorage"")"			
"=HYPERLINK(""https://www.wowhead.com/classic/quest=8886"", ""Grimscale Pirates!"")"			
"=HYPERLINK(""https://www.wowhead.com/tbc/quest=9076"", ""Wretched Ringleader"")"			
"=HYPERLINK(""https://www.wowhead.com/classic/quest=8473"", ""A Somber Task"")"			
"=HYPERLINK(""https://www.wowhead.com/classic/quest=8487"", ""Corrupted Soil"")"			
"=HYPERLINK(""https://www.wowhead.com/classic/quest=8885"", ""The Ring of Mmmrrrggglll"")"			
"=HYPERLINK(""https://www.wowhead.com/tbc/quest=9067"", ""The Party Never Ends"")"			
"=HYPERLINK(""https://www.wowhead.com/tbc/quest=9252"", ""Defending Fairbreeze Village"")"			
"=HYPERLINK(""https://www.wowhead.com/classic/quest=8476"", ""Amani Encroachment"")"			
"=HYPERLINK(""https://www.wowhead.com/classic/quest=8477"", ""The Spearcrafter's Hammer"")"			
"=HYPERLINK(""https://www.wowhead.com/classic/quest=8490"", ""Powering our Defenses"")"			
"=HYPERLINK(""https://www.wowhead.com/classic/quest=8889"", ""Deactivating the Spire"")"			
"=HYPERLINK(""https://www.wowhead.com/classic/quest=8894"", ""Cleaning up the Grounds"")"			
"=HYPERLINK(""https://www.wowhead.com/tbc/quest=9147"", ""The Fallen Courier"")"			
"=HYPERLINK(""https://www.wowhead.com/tbc/quest=10166"", ""Whitebark's Memory"")"			
"=HYPERLINK(""https://www.wowhead.com/wotlk/quest=12816"", ""Investigate the Scourge of Silvermoon"")"			
"=HYPERLINK(""https://www.wowhead.com/classic/quest=8479"", ""Zul'Marosh"")"			
"=HYPERLINK(""https://www.wowhead.com/tbc/quest=9138"", ""Suncrown Village"")"			
"=HYPERLINK(""https://www.wowhead.com/tbc/quest=9139"", ""Goldenmist Village"")"			
"=HYPERLINK(""https://www.wowhead.com/tbc/quest=9152"", ""Tomber's Supplies"")"			
"=HYPERLINK(""https://www.wowhead.com/tbc/quest=9160"", ""Investigate An'daroth"")"			
"=HYPERLINK(""https://www.wowhead.com/tbc/quest=9315"", ""Anok'suten"")"			120
"=HYPERLINK(""https://www.wowhead.com/tbc/quest=9143"", ""Dealing with Zeb'Sora"")"			
"=HYPERLINK(""https://www.wowhead.com/tbc/quest=9150"", ""Salvaging the Past"")"			
"=HYPERLINK(""https://www.wowhead.com/tbc/quest=9157"", ""Forgotten Rituals"")"			
"=HYPERLINK(""https://www.wowhead.com/tbc/quest=9274"", ""Spirits of the Drowned"")"			
"=HYPERLINK(""https://www.wowhead.com/tbc/quest=9149"", ""The Plagued Coast"")"			
"=HYPERLINK(""https://www.wowhead.com/tbc/quest=9174"", ""Vanquishing Aquantion"")"			
"=HYPERLINK(""https://www.wowhead.com/tbc/quest=9140"", ""Windrunner Village"")"			
"=HYPERLINK(""https://www.wowhead.com/tbc/quest=9155"", ""Down the Dead Scar"")"			
"=HYPERLINK(""https://www.wowhead.com/tbc/quest=9158"", ""Bearers of the Plague"")"			
"=HYPERLINK(""https://www.wowhead.com/tbc/quest=9163"", ""Into Occupied Territory"")"			
"=HYPERLINK(""https://www.wowhead.com/tbc/quest=9192"", ""Trouble at the Underlight Mines"")"			
"=HYPERLINK(""https://www.wowhead.com/tbc/quest=9207"", ""Underlight Ore Samples"")"			
"=HYPERLINK(""https://www.wowhead.com/tbc/quest=9159"", ""Curbing the Plague"")"			
"=HYPERLINK(""https://www.wowhead.com/tbc/quest=9171"", ""Culinary Crunch"")"			
"=HYPERLINK(""https://www.wowhead.com/tbc/quest=9173"", ""Retaking Windrunner Spire"")"			
"=HYPERLINK(""https://www.wowhead.com/tbc/quest=9169"", ""Deactivate An'owyn"")"			
"=HYPERLINK(""https://www.wowhead.com/tbc/quest=9216"", ""Rotting Hearts"")"			
"=HYPERLINK(""https://www.wowhead.com/tbc/quest=9176"", ""The Twin Ziggurats"")"			
"=HYPERLINK(""https://www.wowhead.com/tbc/quest=9193"", ""Investigate the Amani Catacombs"")"			
"=HYPERLINK(""https://www.wowhead.com/tbc/quest=9199"", ""Troll Juju"")"			
"=HYPERLINK(""https://www.wowhead.com/tbc/quest=9214"", ""Shadowpine Weaponry"")"			
"=HYPERLINK(""https://www.wowhead.com/tbc/quest=9218"", ""Spinal Dust"")"			
"=HYPERLINK(""https://www.wowhead.com/tbc/quest=9276"", ""Attack on Zeb'Tela"")"			
"=HYPERLINK(""https://www.wowhead.com/tbc/quest=9281"", ""Clearing the Way"")"			
"=HYPERLINK(""https://www.wowhead.com/tbc/quest=9275"", ""A Little Dash of Seasoning"")"			
"=HYPERLINK(""https://www.wowhead.com/tbc/quest=9277"", ""Assault on Zeb'Nowa"")"			
"=HYPERLINK(""https://www.wowhead.com/tbc/quest=9164"", ""Captives at Deatholme"")"			
"=HYPERLINK(""https://www.wowhead.com/tbc/quest=9170"", ""Dar'Khan's Lieutenants"")"			
"=HYPERLINK(""https://www.wowhead.com/tbc/quest=9215"", ""Bring Me Kel'gash's Head!"")"			
"=HYPERLINK(""https://www.wowhead.com/tbc/quest=9220"", ""War on Deatholme"")"			
"=HYPERLINK(""https://www.wowhead.com/tbc/quest=9156"", ""Wanted: Knucklerot and Luzran"")"			
"=HYPERLINK(""https://www.wowhead.com/tbc/quest=9167"", ""The Traitor's Destruction"")"			
"=HYPERLINK(""https://www.wowhead.com/tbc/quest=11132"", ""Promises, Promises..."")"			
"=HYPERLINK(""https://www.wowhead.com/tbc/quest=11164"", ""Tuskin' Raiders"")"			
"=HYPERLINK(""https://www.wowhead.com/tbc/quest=11166"", ""X Marks... Your Doom!"")"			
"=HYPERLINK(""https://www.wowhead.com/tbc/quest=9640"", ""The Shade of Aran"")"			
"=HYPERLINK(""https://www.wowhead.com/tbc/quest=10450"", ""Bonechewer Blood"")"			
"=HYPERLINK(""https://www.wowhead.com/tbc/quest=10538"", ""Boiling Blood"")"			
"=HYPERLINK(""https://www.wowhead.com/tbc/quest=10809"", ""Wanted: Worg Master Kruush"")"			
"=HYPERLINK(""https://www.wowhead.com/tbc/quest=9345"", ""Preparing the Salve"")"			
"=HYPERLINK(""https://www.wowhead.com/tbc/quest=9349"", ""Ravager Egg Roundup"")"			
"=HYPERLINK(""https://www.wowhead.com/tbc/quest=9356"", ""Smooth as Butter"")"			
"=HYPERLINK(""https://www.wowhead.com/tbc/quest=9361"", ""Helboar, the Other White Meat"")"			
"=HYPERLINK(""https://www.wowhead.com/tbc/quest=10086"", ""I Work... For the Horde!"")"			
"=HYPERLINK(""https://www.wowhead.com/tbc/quest=10087"", ""Burn It Up... For the Horde!"")"			
"=HYPERLINK(""https://www.wowhead.com/tbc/quest=10123"", ""Felspark Ravine"")"			
"=HYPERLINK(""https://www.wowhead.com/tbc/quest=10161"", ""In Case of Emergency..."")"			
"=HYPERLINK(""https://www.wowhead.com/tbc/quest=10220"", ""Make Them Listen"")"			
"=HYPERLINK(""https://www.wowhead.com/tbc/quest=10230"", ""The Battle Horn"")"			
"=HYPERLINK(""https://www.wowhead.com/tbc/quest=10236"", ""Outland Sucks!"")"			
"=HYPERLINK(""https://www.wowhead.com/tbc/quest=10238"", ""How to Serve Goblins"")"			
"=HYPERLINK(""https://www.wowhead.com/tbc/quest=10250"", ""Bloody Vengeance"")"			
"=HYPERLINK(""https://www.wowhead.com/tbc/quest=10278"", ""The Warp Rifts"")"			
"=HYPERLINK(""https://www.wowhead.com/tbc/quest=10294"", ""Void Ridge"")"			
"=HYPERLINK(""https://www.wowhead.com/tbc/quest=10389"", ""The Agony and the Darkness"")"			
"=HYPERLINK(""https://www.wowhead.com/tbc/quest=10390"", ""Forge Camp: Mageddon"")"			
"=HYPERLINK(""https://www.wowhead.com/tbc/quest=10391"", ""Cannons of Rage"")"			
"=HYPERLINK(""https://www.wowhead.com/tbc/quest=10392"", ""Doorway to the Abyss"")"			
"=HYPERLINK(""https://www.wowhead.com/tbc/quest=10629"", ""Shizz Work"")"			
"=HYPERLINK(""https://www.wowhead.com/tbc/quest=10630"", ""Beneath Thrallmar"")"			
"=HYPERLINK(""https://www.wowhead.com/tbc/quest=10792"", ""Zeth'Gor Must Burn!"")"			
"=HYPERLINK(""https://www.wowhead.com/tbc/quest=10838"", ""The Demoniac Scryer"")"			
"=HYPERLINK(""https://www.wowhead.com/tbc/quest=10864"", ""A Burden of Souls"")"			
"=HYPERLINK(""https://www.wowhead.com/tbc/quest=9340"", ""The Great Fissure"")"			
"=HYPERLINK(""https://www.wowhead.com/tbc/quest=9366"", ""In Need of Felblood"")"			
"=HYPERLINK(""https://www.wowhead.com/tbc/quest=9370"", ""The Cleansing Must Be Stopped"")"			
"=HYPERLINK(""https://www.wowhead.com/tbc/quest=9374"", ""Arelion's Journal"")"			
"=HYPERLINK(""https://www.wowhead.com/tbc/quest=9391"", ""Marking the Path"")"			
"=HYPERLINK(""https://www.wowhead.com/tbc/quest=9396"", ""Magic of the Arakkoa"")"			
"=HYPERLINK(""https://www.wowhead.com/tbc/quest=9397"", ""Birds of a Feather"")"			
"=HYPERLINK(""https://www.wowhead.com/tbc/quest=9400"", ""The Assassin"")"			
"=HYPERLINK(""https://www.wowhead.com/tbc/quest=9410"", ""A Spirit Guide"")"			
"=HYPERLINK(""https://www.wowhead.com/tbc/quest=9472"", ""Arelion's Mistress"")"			
"=HYPERLINK(""https://www.wowhead.com/tbc/quest=9572"", ""Weaken the Ramparts"")"			
"=HYPERLINK(""https://www.wowhead.com/tbc/quest=10129"", ""Mission: Gateways Murketh and Shaadraz"")"			
"=HYPERLINK(""https://www.wowhead.com/tbc/quest=10162"", ""Mission: The Abyssal Shelf"")"			
"=HYPERLINK(""https://www.wowhead.com/tbc/quest=10367"", ""A Traitor Among Us"")"			
"=HYPERLINK(""https://www.wowhead.com/tbc/quest=10368"", ""The Dreghood Elders"")"			
"=HYPERLINK(""https://www.wowhead.com/tbc/quest=10369"", ""Arzeth's Demise"")"			
"=HYPERLINK(""https://www.wowhead.com/tbc/quest=10813"", ""The Eyes of Grillok"")"			
"=HYPERLINK(""https://www.wowhead.com/tbc/quest=9372"", ""Demonic Contamination"")"			
"=HYPERLINK(""https://www.wowhead.com/tbc/quest=9376"", ""A Pilgrim's Plight"")"			
"=HYPERLINK(""https://www.wowhead.com/tbc/quest=9381"", ""Trueflight Arrows"")"			
"=HYPERLINK(""https://www.wowhead.com/tbc/quest=9387"", ""Source of the Corruption"")"			
"=HYPERLINK(""https://www.wowhead.com/tbc/quest=9442"", ""A Debilitating Sickness"")"			
"=HYPERLINK(""https://www.wowhead.com/tbc/quest=9447"", ""Administering the Salve"")"			
"=HYPERLINK(""https://www.wowhead.com/tbc/quest=9466"", ""Wanted: Blacktalon the Savage"")"			
"=HYPERLINK(""https://www.wowhead.com/tbc/quest=10132"", ""Colossal Menace"")"			
"=HYPERLINK(""https://www.wowhead.com/tbc/quest=10136"", ""Cruel's Intentions"")"			
"=HYPERLINK(""https://www.wowhead.com/tbc/quest=10159"", ""Keep Thornfang Hill Clear!"")"			
"=HYPERLINK(""https://www.wowhead.com/tbc/quest=10255"", ""Testing the Antidote"")"			
"=HYPERLINK(""https://www.wowhead.com/tbc/quest=10295"", ""From the Abyss"")"			
"=HYPERLINK(""https://www.wowhead.com/tbc/quest=10351"", ""Natural Remedies"")"			
"=HYPERLINK(""https://www.wowhead.com/tbc/quest=10876"", ""The Foot of the Citadel"")"			
"=HYPERLINK(""https://www.wowhead.com/tbc/quest=9495"", ""The Will of the Warchief"")"			
"=HYPERLINK(""https://www.wowhead.com/tbc/quest=10757"", ""Rohok's Request"")"			
"=HYPERLINK(""https://www.wowhead.com/tbc/quest=10758"", ""Hotter than Hell"")"			
"=HYPERLINK(""https://www.wowhead.com/tbc/quest=11515"", ""Blood for Blood"")"			
"=HYPERLINK(""https://www.wowhead.com/tbc/quest=11526"", ""The Missing Magistrix"")"			
"=HYPERLINK(""https://www.wowhead.com/tbc/quest=9800"", ""A Rare Bean"")"			
"=HYPERLINK(""https://www.wowhead.com/tbc/quest=9804"", ""Agitated Spirits of Skysong"")"			
"=HYPERLINK(""https://www.wowhead.com/tbc/quest=9805"", ""Blessing of Incineratus"")"			
"=HYPERLINK(""https://www.wowhead.com/tbc/quest=9819"", ""The Tortured Earth"")"			
"=HYPERLINK(""https://www.wowhead.com/tbc/quest=9854"", ""Windroc Mastery"")"			
"=HYPERLINK(""https://www.wowhead.com/tbc/quest=9857"", ""Talbuk Mastery"")"			
"=HYPERLINK(""https://www.wowhead.com/tbc/quest=9906"", ""Message in a Battle"")"			
"=HYPERLINK(""https://www.wowhead.com/tbc/quest=9910"", ""Standards and Practices"")"			
"=HYPERLINK(""https://www.wowhead.com/tbc/quest=9789"", ""Clefthoof Mastery"")"			
"=HYPERLINK(""https://www.wowhead.com/tbc/quest=9810"", ""The Spirit Polluted"")"			
"=HYPERLINK(""https://www.wowhead.com/tbc/quest=9815"", ""Muck Diving"")"			
"=HYPERLINK(""https://www.wowhead.com/tbc/quest=9821"", ""Eating Damnation"")"			
"=HYPERLINK(""https://www.wowhead.com/tbc/quest=9863"", ""Vile Idolatry"")"			
"=HYPERLINK(""https://www.wowhead.com/tbc/quest=9882"", ""Stealing from Thieves"")"			
"=HYPERLINK(""https://www.wowhead.com/tbc/quest=9907"", ""An Audacious Advance"")"			
"=HYPERLINK(""https://www.wowhead.com/tbc/quest=9914"", ""A Head Full of Ivory"")"			
"=HYPERLINK(""https://www.wowhead.com/tbc/quest=9916"", ""Bleeding Hollow Supply Crates"")"			
"=HYPERLINK(""https://www.wowhead.com/tbc/quest=9925"", ""Matters of Security"")"			
"=HYPERLINK(""https://www.wowhead.com/tbc/quest=9927"", ""Ruthless Cunning"")"			
"=HYPERLINK(""https://www.wowhead.com/tbc/quest=9928"", ""Armaments for Deception"")"			
"=HYPERLINK(""https://www.wowhead.com/tbc/quest=9931"", ""Returning the Favor"")"			
"=HYPERLINK(""https://www.wowhead.com/tbc/quest=9932"", ""Body of Evidence"")"			
"=HYPERLINK(""https://www.wowhead.com/tbc/quest=9935"", ""Wanted: Giselda the Crone"")"			
"=HYPERLINK(""https://www.wowhead.com/tbc/quest=9939"", ""Wanted: Zorbo the Advisor"")"			
"=HYPERLINK(""https://www.wowhead.com/tbc/quest=10109"", ""I Must Have Them!"")"			
"=HYPERLINK(""https://www.wowhead.com/tbc/quest=10111"", ""Bring Me The Egg!"")"			
"=HYPERLINK(""https://www.wowhead.com/tbc/quest=9849"", ""Shattering the Veil"")"			
"=HYPERLINK(""https://www.wowhead.com/tbc/quest=9853"", ""Gurok the Usurper"")"			
"=HYPERLINK(""https://www.wowhead.com/tbc/quest=9862"", ""Murkblood Corrupters"")"			
"=HYPERLINK(""https://www.wowhead.com/tbc/quest=9865"", ""Once Were Warriors"")"			
"=HYPERLINK(""https://www.wowhead.com/tbc/quest=9867"", ""Murkblood Leaders..."")"			
"=HYPERLINK(""https://www.wowhead.com/tbc/quest=9878"", ""Solving the Problem"")"			
"=HYPERLINK(""https://www.wowhead.com/tbc/quest=9893"", ""Obsidian Warbeads"")"			
"=HYPERLINK(""https://www.wowhead.com/tbc/quest=9900"", ""Gava'xi"")"			
"=HYPERLINK(""https://www.wowhead.com/tbc/quest=9937"", ""Wanted: Durn the Hungerer"")"			
"=HYPERLINK(""https://www.wowhead.com/tbc/quest=9945"", ""War on the Warmaul"")"			
"=HYPERLINK(""https://www.wowhead.com/tbc/quest=9946"", ""Cho'war the Pillager"")"			
"=HYPERLINK(""https://www.wowhead.com/tbc/quest=9948"", ""Finding the Survivors"")"			
"=HYPERLINK(""https://www.wowhead.com/tbc/quest=10074"", ""Oshu'gun Crystal Powder"")"			
"=HYPERLINK(""https://www.wowhead.com/tbc/quest=10252"", ""Vision of the Dead"")"			
"=HYPERLINK(""https://www.wowhead.com/tbc/quest=10253"", ""Levixus the Soul Caller"")"			
"=HYPERLINK(""https://www.wowhead.com/tbc/quest=10479"", ""Proving Your Strength"")"			
"=HYPERLINK(""https://www.wowhead.com/tbc/quest=9852"", ""The Ultimate Bloodsport"")"			
"=HYPERLINK(""https://www.wowhead.com/tbc/quest=9999"", ""Buying Time"")"			
"=HYPERLINK(""https://www.wowhead.com/tbc/quest=10001"", ""The Master Planner"")"			
"=HYPERLINK(""https://www.wowhead.com/tbc/quest=10011"", ""Forge Camp: Annihilated"")"			
"=HYPERLINK(""https://www.wowhead.com/tbc/quest=10045"", ""Material Components"")"			
"=HYPERLINK(""https://www.wowhead.com/tbc/quest=10082"", ""The Agitated Ancestors"")"			
"=HYPERLINK(""https://www.wowhead.com/tbc/quest=10085"", ""A Visit With The Ancestors"")"			
"=HYPERLINK(""https://www.wowhead.com/tbc/quest=10168"", ""What the Soul Sees"")"			
"=HYPERLINK(""https://www.wowhead.com/tbc/quest=10649"", ""The Book of Fel Names"")"			
"=HYPERLINK(""https://www.wowhead.com/tbc/quest=10668"", ""Against the Illidari"")"			
"=HYPERLINK(""https://www.wowhead.com/tbc/quest=10669"", ""Against All Odds"")"			
"=HYPERLINK(""https://www.wowhead.com/tbc/quest=11503"", ""Enemies, Old and New"")"			
"=HYPERLINK(""https://www.wowhead.com/tbc/quest=10868"", ""Arakkoa War Path"")"			
"=HYPERLINK(""https://www.wowhead.com/tbc/quest=9968"", ""Strange Energy"")"			
"=HYPERLINK(""https://www.wowhead.com/tbc/quest=9971"", ""Clues in the Thicket"")"			
"=HYPERLINK(""https://www.wowhead.com/tbc/quest=9993"", ""Olemba Seed Oil"")"			
"=HYPERLINK(""https://www.wowhead.com/tbc/quest=10000"", ""An Unwelcome Presence"")"			
"=HYPERLINK(""https://www.wowhead.com/tbc/quest=10878"", ""Before Darkness Falls"")"			
"=HYPERLINK(""https://www.wowhead.com/tbc/quest=9951"", ""It's Watching You!"")"			
"=HYPERLINK(""https://www.wowhead.com/tbc/quest=9990"", ""Investigate Tuurem"")"			
"=HYPERLINK(""https://www.wowhead.com/tbc/quest=10008"", ""What Happens in Terokkar Stays in Terokkar"")"			
"=HYPERLINK(""https://www.wowhead.com/tbc/quest=10018"", ""Vestments of the Wolf Spirit"")"			
"=HYPERLINK(""https://www.wowhead.com/tbc/quest=10021"", ""Restoring the Light"")"			
"=HYPERLINK(""https://www.wowhead.com/tbc/quest=10023"", ""Patriarch Ironjaw"")"			
"=HYPERLINK(""https://www.wowhead.com/tbc/quest=10791"", ""Welcoming the Wolf Spirit"")"			
"=HYPERLINK(""https://www.wowhead.com/tbc/quest=10848"", ""Veil Rhaze: Unliving Evil"")"			
"=HYPERLINK(""https://www.wowhead.com/tbc/quest=10852"", ""Missing Friends"")"			
"=HYPERLINK(""https://www.wowhead.com/tbc/quest=10861"", ""Veil Lithic: Preemptive Strike"")"			
"=HYPERLINK(""https://www.wowhead.com/tbc/quest=10881"", ""The Shadow Tomb"")"			
"=HYPERLINK(""https://www.wowhead.com/tbc/quest=9889"", ""Don't Kill the Fat One"")"			
"=HYPERLINK(""https://www.wowhead.com/tbc/quest=10030"", ""Recover the Bones"")"			
"=HYPERLINK(""https://www.wowhead.com/tbc/quest=10031"", ""Helping the Lost Find Their Way"")"			
"=HYPERLINK(""https://www.wowhead.com/tbc/quest=10201"", ""And Now, the Moment of Truth"")"			
"=HYPERLINK(""https://www.wowhead.com/tbc/quest=10840"", ""The Tomb of Lights"")"			
"=HYPERLINK(""https://www.wowhead.com/tbc/quest=10842"", ""Vengeful Souls"")"			
"=HYPERLINK(""https://www.wowhead.com/tbc/quest=10873"", ""Taken in the Night"")"			
"=HYPERLINK(""https://www.wowhead.com/tbc/quest=10874"", ""Veil Shalas: Signal Fires"")"			
"=HYPERLINK(""https://www.wowhead.com/tbc/quest=10896"", ""The Infested Protectors"")"			
"=HYPERLINK(""https://www.wowhead.com/tbc/quest=10913"", ""An Improper Burial"")"			
"=HYPERLINK(""https://www.wowhead.com/tbc/quest=10914"", ""A Hero Is Needed"")"			
"=HYPERLINK(""https://www.wowhead.com/tbc/quest=10915"", ""The Fallen Exarch"")"			
"=HYPERLINK(""https://www.wowhead.com/tbc/quest=10920"", ""For the Fallen"")"			
"=HYPERLINK(""https://www.wowhead.com/tbc/quest=10921"", ""Terokkarantula"")"			
"=HYPERLINK(""https://www.wowhead.com/tbc/quest=10923"", ""Evil Draws Near"")"			
"=HYPERLINK(""https://www.wowhead.com/tbc/quest=10929"", ""Fumping"")"			
"=HYPERLINK(""https://www.wowhead.com/tbc/quest=10930"", ""The Big Bone Worm"")"			
"=HYPERLINK(""https://www.wowhead.com/tbc/quest=10165"", ""Undercutting the Competition"")"			
"=HYPERLINK(""https://www.wowhead.com/tbc/quest=10216"", ""Safety Is Job One"")"			
"=HYPERLINK(""https://www.wowhead.com/tbc/quest=10877"", ""The Dread Relic"")"			
"=HYPERLINK(""https://www.wowhead.com/tbc/quest=10164"", ""Everything Will Be Alright"")"			
"=HYPERLINK(""https://www.wowhead.com/tbc/quest=10097"", ""Brother Against Brother"")"			
"=HYPERLINK(""https://www.wowhead.com/tbc/quest=10098"", ""Terokk's Legacy"")"			
"=HYPERLINK(""https://www.wowhead.com/tbc/quest=10664"", ""Additional Materials"")"			
"=HYPERLINK(""https://www.wowhead.com/tbc/quest=10665"", ""Fresh from the Mechanar"")"			
"=HYPERLINK(""https://www.wowhead.com/tbc/quest=10666"", ""The Lexicon Demonica"")"			
"=HYPERLINK(""https://www.wowhead.com/tbc/quest=10667"", ""Underworld Loam"")"			
"=HYPERLINK(""https://www.wowhead.com/tbc/quest=10670"", ""Tear of the Earthmother"")"			
"=HYPERLINK(""https://www.wowhead.com/tbc/quest=10679"", ""Quenching the Blade"")"			
"=HYPERLINK(""https://www.wowhead.com/tbc/quest=11004"", ""World of Shadows"")"			
"=HYPERLINK(""https://www.wowhead.com/tbc/quest=11005"", ""Secrets of the Talonpriests"")"			
"=HYPERLINK(""https://www.wowhead.com/tbc/quest=11008"", ""Fires Over Skettis"")"			
"=HYPERLINK(""https://www.wowhead.com/tbc/quest=11029"", ""A Shabby Disguise"")"			
"=HYPERLINK(""https://www.wowhead.com/tbc/quest=11056"", ""Hazzik's Bargain"")"			
"=HYPERLINK(""https://www.wowhead.com/tbc/quest=11073"", ""Terokk's Downfall"")"			
"=HYPERLINK(""https://www.wowhead.com/tbc/quest=11093"", ""Hungry Nether Rays"")"			
"=HYPERLINK(""https://www.wowhead.com/tbc/quest=10601"", ""The Fate of Kagrosh"")"			
"=HYPERLINK(""https://www.wowhead.com/tbc/quest=10624"", ""A Haunted History"")"			
"=HYPERLINK(""https://www.wowhead.com/tbc/quest=10625"", ""Spectrecles"")"			
"=HYPERLINK(""https://www.wowhead.com/tbc/quest=10660"", ""What Strange Creatures..."")"			
"=HYPERLINK(""https://www.wowhead.com/tbc/quest=10672"", ""Frankly, It Makes No Sense..."")"			
"=HYPERLINK(""https://www.wowhead.com/tbc/quest=10702"", ""A Grunt's Work..."")"			
"=HYPERLINK(""https://www.wowhead.com/tbc/quest=10777"", ""Asghar's Totem"")"			
"=HYPERLINK(""https://www.wowhead.com/tbc/quest=10778"", ""The Rod of Lianthe"")"			
"=HYPERLINK(""https://www.wowhead.com/tbc/quest=10780"", ""Sketh'lon Feathers"")"			
"=HYPERLINK(""https://www.wowhead.com/tbc/quest=10782"", ""Imbuing the Headpiece"")"			
"=HYPERLINK(""https://www.wowhead.com/tbc/quest=10808"", ""Thwart the Dark Conclave"")"			
"=HYPERLINK(""https://www.wowhead.com/tbc/quest=10458"", ""Enraged Spirits of Fire and Earth"")"			
"=HYPERLINK(""https://www.wowhead.com/tbc/quest=10480"", ""Enraged Spirits of Water"")"			
"=HYPERLINK(""https://www.wowhead.com/tbc/quest=10481"", ""Enraged Spirits of Air"")"			
"=HYPERLINK(""https://www.wowhead.com/tbc/quest=10514"", ""I Was A Lot Of Things..."")"			
"=HYPERLINK(""https://www.wowhead.com/tbc/quest=10515"", ""A Lesson Learned"")"			
"=HYPERLINK(""https://www.wowhead.com/tbc/quest=10522"", ""The Cipher of Damnation - Grom'tor's Charge"")"			
"=HYPERLINK(""https://www.wowhead.com/tbc/quest=10528"", ""Demonic Crystal Prisons"")"			
"=HYPERLINK(""https://www.wowhead.com/tbc/quest=10537"", ""Lohn'goron, Bow of the Torn-heart"")"			
"=HYPERLINK(""https://www.wowhead.com/tbc/quest=10540"", ""The Cipher of Damnation - Ar'tor's Charge"")"			
"=HYPERLINK(""https://www.wowhead.com/tbc/quest=10547"", ""Of Thistleheads and Eggs..."")"			
"=HYPERLINK(""https://www.wowhead.com/tbc/quest=10568"", ""Tablets of Baa'ri"")"			
"=HYPERLINK(""https://www.wowhead.com/tbc/quest=10570"", ""To Catch A Thistlehead"")"			
"=HYPERLINK(""https://www.wowhead.com/tbc/quest=10571"", ""Oronu the Elder"")"			
"=HYPERLINK(""https://www.wowhead.com/tbc/quest=10574"", ""The Ashtongue Corruptors"")"			
"=HYPERLINK(""https://www.wowhead.com/tbc/quest=10576"", ""The Shadowmoon Shuffle"")"			
"=HYPERLINK(""https://www.wowhead.com/tbc/quest=10578"", ""The Cipher of Damnation - Borak's Charge"")"			
"=HYPERLINK(""https://www.wowhead.com/tbc/quest=10587"", ""Karabor Training Grounds"")"			
"=HYPERLINK(""https://www.wowhead.com/tbc/quest=10588"", ""The Cipher of Damnation"")"			
"=HYPERLINK(""https://www.wowhead.com/tbc/quest=10619"", ""The Ashtongue Tribe"")"			
"=HYPERLINK(""https://www.wowhead.com/tbc/quest=10634"", ""Divination: Gorefiend's Armor"")"			
"=HYPERLINK(""https://www.wowhead.com/tbc/quest=10635"", ""Divination: Gorefiend's Cloak"")"			
"=HYPERLINK(""https://www.wowhead.com/tbc/quest=10636"", ""Divination: Gorefiend's Truncheon"")"			
"=HYPERLINK(""https://www.wowhead.com/tbc/quest=10637"", ""A Necessary Distraction"")"			
"=HYPERLINK(""https://www.wowhead.com/tbc/quest=10639"", ""Teron Gorefiend, I am..."")"			
"=HYPERLINK(""https://www.wowhead.com/tbc/quest=10647"", ""Wanted: Uvuros, Scourge of Shadowmoon"")"			
"=HYPERLINK(""https://www.wowhead.com/tbc/quest=10651"", ""Varedis Must Be Stopped"")"			
"=HYPERLINK(""https://www.wowhead.com/tbc/quest=10673"", ""Felspine the Greater"")"			
"=HYPERLINK(""https://www.wowhead.com/tbc/quest=10707"", ""The Ata'mal Terrace"")"			
"=HYPERLINK(""https://www.wowhead.com/tbc/quest=10750"", ""The Path of Conquest"")"			
"=HYPERLINK(""https://www.wowhead.com/tbc/quest=10769"", ""Dissension Amongst the Ranks..."")"			
"=HYPERLINK(""https://www.wowhead.com/tbc/quest=10804"", ""Kindness"")"			
"=HYPERLINK(""https://www.wowhead.com/tbc/quest=10807"", ""The Ashtongue Broken"")"			
"=HYPERLINK(""https://www.wowhead.com/tbc/quest=10816"", ""Reclaiming Holy Grounds"")"			
"=HYPERLINK(""https://www.wowhead.com/tbc/quest=10817"", ""The Great Retribution"")"			
"=HYPERLINK(""https://www.wowhead.com/tbc/quest=10836"", ""Infiltrating Dragonmaw Fortress"")"			
"=HYPERLINK(""https://www.wowhead.com/tbc/quest=10837"", ""To Netherwing Ledge!"")"			
"=HYPERLINK(""https://www.wowhead.com/tbc/quest=10854"", ""The Force of Neltharaku"")"			
"=HYPERLINK(""https://www.wowhead.com/tbc/quest=10866"", ""Zuluhed the Whacked"")"			
"=HYPERLINK(""https://www.wowhead.com/tbc/quest=10947"", ""An Artifact From the Past"")"			
"=HYPERLINK(""https://www.wowhead.com/tbc/quest=11015"", ""Netherwing Crystals"")"			
"=HYPERLINK(""https://www.wowhead.com/tbc/quest=11016"", ""Nethermine Flayer Hide"")"			
"=HYPERLINK(""https://www.wowhead.com/tbc/quest=11017"", ""Netherdust Pollen"")"			
"=HYPERLINK(""https://www.wowhead.com/tbc/quest=11018"", ""Nethercite Ore"")"			
"=HYPERLINK(""https://www.wowhead.com/tbc/quest=11020"", ""A Slow Death"")"			
"=HYPERLINK(""https://www.wowhead.com/tbc/quest=11035"", ""The Not-So-Friendly Skies..."")"			
"=HYPERLINK(""https://www.wowhead.com/tbc/quest=11041"", ""A Job Unfinished..."")"			
"=HYPERLINK(""https://www.wowhead.com/tbc/quest=11049"", ""The Great Netherwing Egg Hunt"")"			
"=HYPERLINK(""https://www.wowhead.com/tbc/quest=11054"", ""Overseeing and You: Making the Right Choices"")"			
"=HYPERLINK(""https://www.wowhead.com/tbc/quest=11055"", ""The Booterang: A Cure For The Common Worthless Peon"")"			
"=HYPERLINK(""https://www.wowhead.com/tbc/quest=11076"", ""Picking Up The Pieces..."")"			
"=HYPERLINK(""https://www.wowhead.com/tbc/quest=11077"", ""Dragons are the Least of Our Problems"")"			
"=HYPERLINK(""https://www.wowhead.com/tbc/quest=11082"", ""Seeker of Truth"")"			
"=HYPERLINK(""https://www.wowhead.com/tbc/quest=11083"", ""Crazed and Confused"")"			
"=HYPERLINK(""https://www.wowhead.com/tbc/quest=11086"", ""Disrupting the Twilight Portal"")"			
"=HYPERLINK(""https://www.wowhead.com/tbc/quest=11089"", ""The Soul Cannon of Reth'hedron"")"			
"=HYPERLINK(""https://www.wowhead.com/tbc/quest=9635"", ""The Zapthrottle Mote Extractor!"")"			
"=HYPERLINK(""https://www.wowhead.com/tbc/quest=9773"", ""No More Mushrooms!"")"			
"=HYPERLINK(""https://www.wowhead.com/tbc/quest=9747"", ""The Umbrafen Tribe"")"			
"=HYPERLINK(""https://www.wowhead.com/tbc/quest=9769"", ""There's No Explanation for Fashion"")"			
"=HYPERLINK(""https://www.wowhead.com/tbc/quest=9770"", ""Menacing Marshfangs"")"			
"=HYPERLINK(""https://www.wowhead.com/tbc/quest=9772"", ""Jyoba's Report"")"			
"=HYPERLINK(""https://www.wowhead.com/tbc/quest=9774"", ""Thick Hydra Scales"")"			
"=HYPERLINK(""https://www.wowhead.com/tbc/quest=9777"", ""Fulgor Spores"")"			
"=HYPERLINK(""https://www.wowhead.com/tbc/quest=9781"", ""Too Many Mouths to Feed"")"			
"=HYPERLINK(""https://www.wowhead.com/tbc/quest=9782"", ""The Dead Mire"")"			
"=HYPERLINK(""https://www.wowhead.com/tbc/quest=9783"", ""An Unnatural Drought"")"			
"=HYPERLINK(""https://www.wowhead.com/tbc/quest=9786"", ""The Boha'mu Ruins"")"			
"=HYPERLINK(""https://www.wowhead.com/tbc/quest=9787"", ""Idols of the Feralfen"")"			
"=HYPERLINK(""https://www.wowhead.com/tbc/quest=9788"", ""A Damp, Dark Place"")"			
"=HYPERLINK(""https://www.wowhead.com/tbc/quest=9790"", ""Diaphanous Wings"")"			
"=HYPERLINK(""https://www.wowhead.com/tbc/quest=9801"", ""Gathering the Reagents"")"			
"=HYPERLINK(""https://www.wowhead.com/tbc/quest=9803"", ""Messenger to the Feralfen"")"			
"=HYPERLINK(""https://www.wowhead.com/tbc/quest=9846"", ""Spirits of the Feralfen"")"			
"=HYPERLINK(""https://www.wowhead.com/tbc/quest=9894"", ""Safeguarding the Watchers"")"			
"=HYPERLINK(""https://www.wowhead.com/tbc/quest=9895"", ""The Dying Balance"")"			
"=HYPERLINK(""https://www.wowhead.com/tbc/quest=9896"", ""Blacksting's Bane"")"			
"=HYPERLINK(""https://www.wowhead.com/tbc/quest=9898"", ""Nothin' Says Lovin' Like a Big Stinger"")"			
"=HYPERLINK(""https://www.wowhead.com/tbc/quest=9899"", ""A Job Undone"")"			
"=HYPERLINK(""https://www.wowhead.com/tbc/quest=10096"", ""Saving the Sporeloks"")"			
"=HYPERLINK(""https://www.wowhead.com/tbc/quest=10355"", ""Withered Flesh"")"			
"=HYPERLINK(""https://www.wowhead.com/tbc/quest=9701"", ""Observing the Sporelings"")"			
"=HYPERLINK(""https://www.wowhead.com/tbc/quest=9708"", ""Familiar Fungi"")"			
"=HYPERLINK(""https://www.wowhead.com/tbc/quest=9716"", ""Disturbance at Umbrafen Lake"")"			
"=HYPERLINK(""https://www.wowhead.com/tbc/quest=9718"", ""As the Crow Flies"")"			
"=HYPERLINK(""https://www.wowhead.com/tbc/quest=9731"", ""Drain Schematics"")"			
"=HYPERLINK(""https://www.wowhead.com/tbc/quest=9739"", ""The Sporelings' Plight"")"			
"=HYPERLINK(""https://www.wowhead.com/tbc/quest=9752"", ""Escape from Umbrafen"")"			
"=HYPERLINK(""https://www.wowhead.com/tbc/quest=9802"", ""Plants of Zangarmarsh"")"			
"=HYPERLINK(""https://www.wowhead.com/tbc/quest=9817"", ""Leader of the Bloodscale"")"			
"=HYPERLINK(""https://www.wowhead.com/tbc/quest=9702"", ""A Question of Gluttony"")"			
"=HYPERLINK(""https://www.wowhead.com/tbc/quest=9709"", ""Stealing Back the Mushrooms"")"			
"=HYPERLINK(""https://www.wowhead.com/tbc/quest=9720"", ""Balance Must Be Preserved"")"			
"=HYPERLINK(""https://www.wowhead.com/tbc/quest=9726"", ""Now That We're Friends..."")"			
"=HYPERLINK(""https://www.wowhead.com/tbc/quest=9728"", ""A Warm Welcome"")"			
"=HYPERLINK(""https://www.wowhead.com/tbc/quest=9730"", ""Leader of the Darkcrest"")"			
"=HYPERLINK(""https://www.wowhead.com/tbc/quest=9743"", ""Natural Enemies"")"			
"=HYPERLINK(""https://www.wowhead.com/tbc/quest=9785"", ""Blessings of the Ancients"")"			
"=HYPERLINK(""https://www.wowhead.com/tbc/quest=9806"", ""Fertile Spores"")"			
"=HYPERLINK(""https://www.wowhead.com/tbc/quest=9808"", ""Glowcap Mushrooms"")"			
"=HYPERLINK(""https://www.wowhead.com/tbc/quest=9814"", ""Burstcap Mushrooms, Mon!"")"			
"=HYPERLINK(""https://www.wowhead.com/tbc/quest=9816"", ""Have You Ever Seen One of These?"")"			
"=HYPERLINK(""https://www.wowhead.com/tbc/quest=9820"", ""WANTED: Boss Grog'ak"")"			
"=HYPERLINK(""https://www.wowhead.com/tbc/quest=9822"", ""Impending Attack"")"			
"=HYPERLINK(""https://www.wowhead.com/tbc/quest=9823"", ""Us or Them"")"			
"=HYPERLINK(""https://www.wowhead.com/tbc/quest=9830"", ""Stinger Venom"")"			
"=HYPERLINK(""https://www.wowhead.com/tbc/quest=9841"", ""Stinging the Stingers"")"			
"=HYPERLINK(""https://www.wowhead.com/tbc/quest=9842"", ""The Sharpest Blades"")"			
"=HYPERLINK(""https://www.wowhead.com/tbc/quest=9845"", ""Angling to Beat the Competition"")"			
"=HYPERLINK(""https://www.wowhead.com/tbc/quest=9847"", ""A Spirit Ally?"")"			
"=HYPERLINK(""https://www.wowhead.com/tbc/quest=9902"", ""The Terror of Marshlight Lake"")"			
"=HYPERLINK(""https://www.wowhead.com/tbc/quest=9903"", ""The Biggest of Them All"")"			
"=HYPERLINK(""https://www.wowhead.com/tbc/quest=9904"", ""Pursuing Terrorclaw"")"			
"=HYPERLINK(""https://www.wowhead.com/tbc/quest=9905"", ""Maktu's Revenge"")"			
"=HYPERLINK(""https://www.wowhead.com/tbc/quest=10115"", ""Daggerfen Deviance"")"			
"=HYPERLINK(""https://www.wowhead.com/tbc/quest=10118"", ""Message to the Daggerfen"")"			
"=HYPERLINK(""https://www.wowhead.com/tbc/quest=9715"", ""Bring Me A Shrubbery!"")"			
"=HYPERLINK(""https://www.wowhead.com/tbc/quest=9717"", ""Oh, It's On!"")"			
"=HYPERLINK(""https://www.wowhead.com/tbc/quest=9719"", ""Stalk the Stalker"")"			
"=HYPERLINK(""https://www.wowhead.com/tbc/quest=9738"", ""Lost in Action"")"			
"=HYPERLINK(""https://www.wowhead.com/tbc/quest=9763"", ""The Warlord's Hideout"")"			
"=HYPERLINK(""https://www.wowhead.com/tbc/quest=9765"", ""Preparing for War"")"			
"=HYPERLINK(""https://www.wowhead.com/tbc/quest=10897"", ""Master of Potions"")"			
"=HYPERLINK(""https://www.wowhead.com/tbc/quest=10618"", ""The Softest Wings"")"			
"=HYPERLINK(""https://www.wowhead.com/tbc/quest=10487"", ""Dust from the Drakes"")"			
"=HYPERLINK(""https://www.wowhead.com/tbc/quest=10489"", ""Felling an Ancient Tree"")"			
"=HYPERLINK(""https://www.wowhead.com/tbc/quest=10503"", ""The Bladespire Threat"")"			
"=HYPERLINK(""https://www.wowhead.com/tbc/quest=10524"", ""Thunderlord Clan Artifacts"")"			
"=HYPERLINK(""https://www.wowhead.com/tbc/quest=10525"", ""Vision Guide"")"			
"=HYPERLINK(""https://www.wowhead.com/tbc/quest=10542"", ""They Stole Me Hookah and Me Brews!"")"			
"=HYPERLINK(""https://www.wowhead.com/tbc/quest=10544"", ""A Curse Upon Both of Your Clans!"")"			
"=HYPERLINK(""https://www.wowhead.com/tbc/quest=10545"", ""Bladespire Kegger"")"			
"=HYPERLINK(""https://www.wowhead.com/tbc/quest=10565"", ""The Stones of Vekh'nir"")"			
"=HYPERLINK(""https://www.wowhead.com/tbc/quest=10566"", ""Trial and Error"")"			
"=HYPERLINK(""https://www.wowhead.com/tbc/quest=10567"", ""Creating the Pendant"")"			
"=HYPERLINK(""https://www.wowhead.com/tbc/quest=10617"", ""Silkwing Cocoons"")"			
"=HYPERLINK(""https://www.wowhead.com/tbc/quest=10526"", ""The Thunderspike"")"			
"=HYPERLINK(""https://www.wowhead.com/tbc/quest=10543"", ""Grimnok and Korgaah, I Am For You!"")"			
"=HYPERLINK(""https://www.wowhead.com/tbc/quest=10713"", ""...and a Time for Action"")"			
"=HYPERLINK(""https://www.wowhead.com/tbc/quest=10714"", ""On Spirit's Wings"")"			
"=HYPERLINK(""https://www.wowhead.com/tbc/quest=10715"", ""Into the Churning Gulch"")"			
"=HYPERLINK(""https://www.wowhead.com/tbc/quest=10717"", ""Poaching from Poachers"")"			
"=HYPERLINK(""https://www.wowhead.com/tbc/quest=10720"", ""The Smallest Creatures"")"			
"=HYPERLINK(""https://www.wowhead.com/tbc/quest=10721"", ""A Boaring Time for Grulloc"")"			
"=HYPERLINK(""https://www.wowhead.com/tbc/quest=10724"", ""Prisoner of the Bladespire"")"			
"=HYPERLINK(""https://www.wowhead.com/tbc/quest=10753"", ""Culling the Wild"")"			
"=HYPERLINK(""https://www.wowhead.com/tbc/quest=10770"", ""Little Embers"")"			
"=HYPERLINK(""https://www.wowhead.com/tbc/quest=10771"", ""From the Ashes"")"			
"=HYPERLINK(""https://www.wowhead.com/tbc/quest=10784"", ""Crush the Bloodmaul Camp"")"			
"=HYPERLINK(""https://www.wowhead.com/tbc/quest=10846"", ""Understanding the Mok'Nathal"")"			
"=HYPERLINK(""https://www.wowhead.com/tbc/quest=10851"", ""The Totems of My Enemy"")"			
"=HYPERLINK(""https://www.wowhead.com/tbc/quest=10853"", ""Spirit Calling"")"			
"=HYPERLINK(""https://www.wowhead.com/tbc/quest=10859"", ""Gather the Orbs"")"			
"=HYPERLINK(""https://www.wowhead.com/tbc/quest=10860"", ""Mok'Nathal Treats"")"			
"=HYPERLINK(""https://www.wowhead.com/tbc/quest=10893"", ""Longtail is the Lynchpin"")"			
"=HYPERLINK(""https://www.wowhead.com/tbc/quest=10607"", ""Whispers of the Raven God"")"			
"=HYPERLINK(""https://www.wowhead.com/tbc/quest=10723"", ""Gorgrom the Dragon-Eater"")"			
"=HYPERLINK(""https://www.wowhead.com/tbc/quest=10747"", ""Whelps of the Wyrmcult"")"			
"=HYPERLINK(""https://www.wowhead.com/tbc/quest=10748"", ""Maxnar Must Die!"")"			
"=HYPERLINK(""https://www.wowhead.com/tbc/quest=10786"", ""Slaughter at Boulder'mok"")"			
"=HYPERLINK(""https://www.wowhead.com/tbc/quest=10820"", ""Deceive thy Enemy"")"			
"=HYPERLINK(""https://www.wowhead.com/tbc/quest=10821"", ""You're Fired!"")"			
"=HYPERLINK(""https://www.wowhead.com/tbc/quest=10830"", ""Exorcising the Trees"")"			
"=HYPERLINK(""https://www.wowhead.com/tbc/quest=10843"", ""Since Time Forgotten..."")"			
"=HYPERLINK(""https://www.wowhead.com/tbc/quest=10845"", ""Slay the Brood Mother"")"			
"=HYPERLINK(""https://www.wowhead.com/tbc/quest=10867"", ""There Can Be Only One Response"")"			
"=HYPERLINK(""https://www.wowhead.com/tbc/quest=10904"", ""Harvesting the Fel Ammunition"")"			
"=HYPERLINK(""https://www.wowhead.com/tbc/quest=10911"", ""Fire At Will!"")"			
"=HYPERLINK(""https://www.wowhead.com/tbc/quest=10912"", ""The Hound-Master"")"			
"=HYPERLINK(""https://www.wowhead.com/tbc/quest=10742"", ""Showdown"")"			
"=HYPERLINK(""https://www.wowhead.com/tbc/quest=10974"", ""Stasis Chambers of Bash'ir"")"			
"=HYPERLINK(""https://www.wowhead.com/tbc/quest=10976"", ""The Mark of the Nexus-King"")"			
"=HYPERLINK(""https://www.wowhead.com/tbc/quest=10995"", ""Grulloc Has Two Skulls"")"			
"=HYPERLINK(""https://www.wowhead.com/tbc/quest=10996"", ""Maggoc's Treasure Chest"")"			
"=HYPERLINK(""https://www.wowhead.com/tbc/quest=10997"", ""Even Gronn Have Standards"")"			
"=HYPERLINK(""https://www.wowhead.com/tbc/quest=10998"", ""Grim(oire) Business"")"			
"=HYPERLINK(""https://www.wowhead.com/tbc/quest=11000"", ""Into the Soulgrinder"")"			
"=HYPERLINK(""https://www.wowhead.com/tbc/quest=11023"", ""Bomb Them Again!"")"			
"=HYPERLINK(""https://www.wowhead.com/tbc/quest=11025"", ""The Crystals"")"			
"=HYPERLINK(""https://www.wowhead.com/tbc/quest=11026"", ""Banish the Demons"")"			
"=HYPERLINK(""https://www.wowhead.com/tbc/quest=11027"", ""Yous Have Da Darkrune?"")"			
"=HYPERLINK(""https://www.wowhead.com/tbc/quest=11030"", ""Our Boy Wants To Be A Skyguard Ranger"")"			
"=HYPERLINK(""https://www.wowhead.com/tbc/quest=11051"", ""Banish More Demons"")"			
"=HYPERLINK(""https://www.wowhead.com/tbc/quest=11059"", ""Guardian of the Monument"")"			
"=HYPERLINK(""https://www.wowhead.com/tbc/quest=11060"", ""A Crystalforged Darkrune"")"			
"=HYPERLINK(""https://www.wowhead.com/tbc/quest=11061"", ""A Father's Duty"")"			
"=HYPERLINK(""https://www.wowhead.com/tbc/quest=11065"", ""Wrangle Some Aether Rays!"")"			
"=HYPERLINK(""https://www.wowhead.com/tbc/quest=11066"", ""Wrangle More Aether Rays!"")"			
"=HYPERLINK(""https://www.wowhead.com/tbc/quest=11078"", ""To Rule The Skies"")"			
"=HYPERLINK(""https://www.wowhead.com/tbc/quest=11079"", ""A Fel Whip For Gahk"")"			
"=HYPERLINK(""https://www.wowhead.com/tbc/quest=10173"", ""The Archmage's Staff"")"			
"=HYPERLINK(""https://www.wowhead.com/tbc/quest=10176"", ""Ar'kelos the Guardian"")"			
"=HYPERLINK(""https://www.wowhead.com/tbc/quest=10182"", ""Battle-Mage Dathric"")"			
"=HYPERLINK(""https://www.wowhead.com/tbc/quest=10184"", ""Malevolent Remnants"")"			
"=HYPERLINK(""https://www.wowhead.com/tbc/quest=10185"", ""A Fate Worse Than Death"")"			
"=HYPERLINK(""https://www.wowhead.com/tbc/quest=10186"", ""You're Hired!"")"			
"=HYPERLINK(""https://www.wowhead.com/tbc/quest=10189"", ""Manaforge B'naar"")"			
"=HYPERLINK(""https://www.wowhead.com/tbc/quest=10190"", ""Recharging the Batteries"")"			
"=HYPERLINK(""https://www.wowhead.com/tbc/quest=10193"", ""High Value Targets"")"			
"=HYPERLINK(""https://www.wowhead.com/tbc/quest=10197"", ""A Convincing Disguise"")"			
"=HYPERLINK(""https://www.wowhead.com/tbc/quest=10199"", ""That Little Extra Kick"")"			
"=HYPERLINK(""https://www.wowhead.com/tbc/quest=10206"", ""Pick Your Part"")"			
"=HYPERLINK(""https://www.wowhead.com/tbc/quest=10221"", ""Dr. Boom!"")"			
"=HYPERLINK(""https://www.wowhead.com/tbc/quest=10224"", ""Essence for the Engines"")"			
"=HYPERLINK(""https://www.wowhead.com/tbc/quest=10226"", ""Elemental Power Extraction"")"			
"=HYPERLINK(""https://www.wowhead.com/tbc/quest=10241"", ""Distraction at Manaforge B'naar"")"			
"=HYPERLINK(""https://www.wowhead.com/tbc/quest=10246"", ""Attack on Manaforge Coruu"")"			
"=HYPERLINK(""https://www.wowhead.com/tbc/quest=10261"", ""Wanted: Annihilator Servo!"")"			
"=HYPERLINK(""https://www.wowhead.com/tbc/quest=10262"", ""A Heap of Ethereals"")"			
"=HYPERLINK(""https://www.wowhead.com/tbc/quest=10299"", ""Shutting Down Manaforge B'naar"")"			
"=HYPERLINK(""https://www.wowhead.com/tbc/quest=10309"", ""It's a Fel Reaver, But with Heart"")"			
"=HYPERLINK(""https://www.wowhead.com/tbc/quest=10313"", ""Measuring Warp Energies"")"			
"=HYPERLINK(""https://www.wowhead.com/tbc/quest=10342"", ""Securing the Shaleskin Shale"")"			
"=HYPERLINK(""https://www.wowhead.com/tbc/quest=10417"", ""Run a Diagnostic!"")"			
"=HYPERLINK(""https://www.wowhead.com/tbc/quest=10418"", ""Deal With the Saboteurs"")"			
"=HYPERLINK(""https://www.wowhead.com/tbc/quest=10701"", ""Breaking Down Netherock"")"			
"=HYPERLINK(""https://www.wowhead.com/tbc/quest=10203"", ""Invaluable Asset Zapping"")"			
"=HYPERLINK(""https://www.wowhead.com/tbc/quest=10205"", ""Warp-Raider Nesaad"")"			
"=HYPERLINK(""https://www.wowhead.com/tbc/quest=10222"", ""The Sunfury Garrison"")"			
"=HYPERLINK(""https://www.wowhead.com/tbc/quest=10223"", ""Down With Daellis"")"			
"=HYPERLINK(""https://www.wowhead.com/tbc/quest=10232"", ""In A Scrap With The Legion"")"			
"=HYPERLINK(""https://www.wowhead.com/tbc/quest=10233"", ""Torching Sunfury Hold"")"			
"=HYPERLINK(""https://www.wowhead.com/tbc/quest=10234"", ""One Demon's Trash..."")"			
"=HYPERLINK(""https://www.wowhead.com/tbc/quest=10235"", ""Declawing Doomclaw"")"			
"=HYPERLINK(""https://www.wowhead.com/tbc/quest=10239"", ""Potential Energy Source"")"			
"=HYPERLINK(""https://www.wowhead.com/tbc/quest=10240"", ""Building a Perimeter"")"			
"=HYPERLINK(""https://www.wowhead.com/tbc/quest=10248"", ""You, Robot"")"			
"=HYPERLINK(""https://www.wowhead.com/tbc/quest=10256"", ""Finding the Keymaster"")"			
"=HYPERLINK(""https://www.wowhead.com/tbc/quest=10265"", ""Consortium Crystal Collection"")"			
"=HYPERLINK(""https://www.wowhead.com/tbc/quest=10267"", ""Rightful Repossession"")"			
"=HYPERLINK(""https://www.wowhead.com/tbc/quest=10293"", ""Hitting the Motherlode"")"			
"=HYPERLINK(""https://www.wowhead.com/tbc/quest=10300"", ""Rebuilding the Staff"")"			
"=HYPERLINK(""https://www.wowhead.com/tbc/quest=10305"", ""Abjurist Belmara"")"			
"=HYPERLINK(""https://www.wowhead.com/tbc/quest=10306"", ""Conjurer Luminrath"")"			
"=HYPERLINK(""https://www.wowhead.com/tbc/quest=10307"", ""Cohlien Frostweaver"")"			
"=HYPERLINK(""https://www.wowhead.com/tbc/quest=10312"", ""The Annals of Kirin'Var"")"			
"=HYPERLINK(""https://www.wowhead.com/tbc/quest=10314"", ""A Lingering Suspicion"")"			
"=HYPERLINK(""https://www.wowhead.com/tbc/quest=10319"", ""Capturing the Phylactery"")"			
"=HYPERLINK(""https://www.wowhead.com/tbc/quest=10320"", ""Destroy Naberius!"")"			
"=HYPERLINK(""https://www.wowhead.com/tbc/quest=10321"", ""Shutting Down Manaforge Coruu"")"			
"=HYPERLINK(""https://www.wowhead.com/tbc/quest=10331"", ""Indispensable Tools"")"			
"=HYPERLINK(""https://www.wowhead.com/tbc/quest=10332"", ""Master Smith Rhonsus"")"			
"=HYPERLINK(""https://www.wowhead.com/tbc/quest=10343"", ""The Unending Invasion"")"			
"=HYPERLINK(""https://www.wowhead.com/tbc/quest=10348"", ""New Opportunities"")"			
"=HYPERLINK(""https://www.wowhead.com/tbc/quest=10424"", ""Diagnosis: Critical"")"			
"=HYPERLINK(""https://www.wowhead.com/tbc/quest=10426"", ""Flora of the Eco-Domes"")"			
"=HYPERLINK(""https://www.wowhead.com/tbc/quest=10427"", ""Creatures of the Eco-Domes"")"			
"=HYPERLINK(""https://www.wowhead.com/tbc/quest=10429"", ""When Nature Goes Too Far"")"			
"=HYPERLINK(""https://www.wowhead.com/tbc/quest=10433"", ""Keeping Up Appearances"")"			
"=HYPERLINK(""https://www.wowhead.com/tbc/quest=10435"", ""Retrieving the Goods"")"			
"=HYPERLINK(""https://www.wowhead.com/tbc/quest=10436"", ""All Clear!"")"			
"=HYPERLINK(""https://www.wowhead.com/tbc/quest=10855"", ""Fel Reavers, No Thanks!"")"			
"=HYPERLINK(""https://www.wowhead.com/tbc/quest=10856"", ""The Best Defense"")"			
"=HYPERLINK(""https://www.wowhead.com/tbc/quest=10857"", ""Teleport This!"")"			
"=HYPERLINK(""https://www.wowhead.com/tbc/quest=10924"", ""Bloody Imp-ossible!"")"			
"=HYPERLINK(""https://www.wowhead.com/tbc/quest=9637"", ""Kalynna's Request"")"			
"=HYPERLINK(""https://www.wowhead.com/tbc/quest=10257"", ""Capturing the Keystone"")"			
"=HYPERLINK(""https://www.wowhead.com/tbc/quest=10270"", ""A Not-So-Modest Proposal"")"			
"=HYPERLINK(""https://www.wowhead.com/tbc/quest=10271"", ""Getting Down to Business"")"			
"=HYPERLINK(""https://www.wowhead.com/tbc/quest=10272"", ""A Promising Start"")"			
"=HYPERLINK(""https://www.wowhead.com/tbc/quest=10273"", ""Troublesome Distractions"")"			
"=HYPERLINK(""https://www.wowhead.com/tbc/quest=10274"", ""Securing the Celestial Ridge"")"			
"=HYPERLINK(""https://www.wowhead.com/tbc/quest=10276"", ""Full Triangle"")"			
"=HYPERLINK(""https://www.wowhead.com/tbc/quest=10290"", ""In Search of Farahlite"")"			
"=HYPERLINK(""https://www.wowhead.com/tbc/quest=10315"", ""Neutralizing the Nethermancers"")"			
"=HYPERLINK(""https://www.wowhead.com/tbc/quest=10318"", ""Dealing with the Overmaster"")"			
"=HYPERLINK(""https://www.wowhead.com/tbc/quest=10322"", ""Shutting Down Manaforge Duro"")"			
"=HYPERLINK(""https://www.wowhead.com/tbc/quest=10323"", ""Shutting Down Manaforge Ara"")"			
"=HYPERLINK(""https://www.wowhead.com/tbc/quest=10328"", ""Sunfury Briefings"")"			
"=HYPERLINK(""https://www.wowhead.com/tbc/quest=10335"", ""Surveying the Ruins"")"			
"=HYPERLINK(""https://www.wowhead.com/tbc/quest=10336"", ""The Minions of Culuthas"")"			
"=HYPERLINK(""https://www.wowhead.com/tbc/quest=10339"", ""The Ethereum"")"			
"=HYPERLINK(""https://www.wowhead.com/tbc/quest=10341"", ""Kick Them While They're Down"")"			
"=HYPERLINK(""https://www.wowhead.com/tbc/quest=10345"", ""The Flesh Lies..."")"			
"=HYPERLINK(""https://www.wowhead.com/tbc/quest=10353"", ""Arconus the Insatiable"")"			
"=HYPERLINK(""https://www.wowhead.com/tbc/quest=10380"", ""A Dark Pact"")"			
"=HYPERLINK(""https://www.wowhead.com/tbc/quest=10407"", ""Socrethar's Shadow"")"			
"=HYPERLINK(""https://www.wowhead.com/tbc/quest=10411"", ""Electro-Shock Goodness!"")"			
"=HYPERLINK(""https://www.wowhead.com/tbc/quest=10422"", ""Captain Tyralius"")"			
"=HYPERLINK(""https://www.wowhead.com/tbc/quest=10432"", ""Damning Evidence"")"			
"=HYPERLINK(""https://www.wowhead.com/tbc/quest=10437"", ""Recipe for Destruction"")"			
"=HYPERLINK(""https://www.wowhead.com/tbc/quest=10438"", ""On Nethery Wings"")"			
"=HYPERLINK(""https://www.wowhead.com/tbc/quest=10439"", ""Dimensius the All-Devouring"")"			
"=HYPERLINK(""https://www.wowhead.com/tbc/quest=10508"", ""A Gift for Voren'thal"")"			
"=HYPERLINK(""https://www.wowhead.com/tbc/quest=10899"", ""Master of Transmutation"")"			
"=HYPERLINK(""https://www.wowhead.com/tbc/quest=10970"", ""A Mission of Mercy"")"			
"=HYPERLINK(""https://www.wowhead.com/tbc/quest=10971"", ""Ethereum Secrets"")"			
"=HYPERLINK(""https://www.wowhead.com/tbc/quest=10973"", ""A Thousand Worlds"")"			
"=HYPERLINK(""https://www.wowhead.com/wotlk/quest=11559"", ""Winterfin Commerce"")"			
"=HYPERLINK(""https://www.wowhead.com/wotlk/quest=11560"", ""Oh Noes, the Tadpoles!"")"			
"=HYPERLINK(""https://www.wowhead.com/wotlk/quest=11561"", ""Them!"")"			
"=HYPERLINK(""https://www.wowhead.com/wotlk/quest=11563"", ""Grmmurggll Mrllggrl Glrggl!!!"")"			
"=HYPERLINK(""https://www.wowhead.com/wotlk/quest=11564"", ""Succulent Orca Stew"")"			
"=HYPERLINK(""https://www.wowhead.com/wotlk/quest=11569"", ""Keymaster Urmgrgl"")"			
"=HYPERLINK(""https://www.wowhead.com/wotlk/quest=11571"", ""Learning to Communicate"")"			
"=HYPERLINK(""https://www.wowhead.com/wotlk/quest=11576"", ""Monitoring the Rift: Cleftcliff Anomaly"")"			
"=HYPERLINK(""https://www.wowhead.com/wotlk/quest=11582"", ""Monitoring the Rift: Sundered Chasm"")"			
"=HYPERLINK(""https://www.wowhead.com/wotlk/quest=11587"", ""Prison Break"")"			
"=HYPERLINK(""https://www.wowhead.com/wotlk/quest=11590"", ""Abduction"")"			
"=HYPERLINK(""https://www.wowhead.com/wotlk/quest=11593"", ""The Honored Dead"")"			
"=HYPERLINK(""https://www.wowhead.com/wotlk/quest=11594"", ""Put Them to Rest"")"			
"=HYPERLINK(""https://www.wowhead.com/wotlk/quest=11598"", ""Taking Back Mightstone Quarry"")"			
"=HYPERLINK(""https://www.wowhead.com/wotlk/quest=11602"", ""Cutting Off the Source"")"			
"=HYPERLINK(""https://www.wowhead.com/wotlk/quest=11606"", ""Patience is a Virtue that We Don't Need"")"			
"=HYPERLINK(""https://www.wowhead.com/wotlk/quest=11608"", ""Bury Those Cockroaches!"")"			
"=HYPERLINK(""https://www.wowhead.com/wotlk/quest=11611"", ""Taken by the Scourge"")"			
"=HYPERLINK(""https://www.wowhead.com/wotlk/quest=11613"", ""Karuk's Oath"")"			
"=HYPERLINK(""https://www.wowhead.com/wotlk/quest=11619"", ""Gamel the Cruel"")"			
"=HYPERLINK(""https://www.wowhead.com/wotlk/quest=11625"", ""The Trident of Naz'jan"")"			
"=HYPERLINK(""https://www.wowhead.com/wotlk/quest=11626"", ""The Emissary"")"			
"=HYPERLINK(""https://www.wowhead.com/wotlk/quest=11631"", ""Vision of Air"")"			
"=HYPERLINK(""https://www.wowhead.com/wotlk/quest=11638"", ""Return My Remains"")"			
"=HYPERLINK(""https://www.wowhead.com/wotlk/quest=11639"", ""Revenge Upon Magmoth"")"			
"=HYPERLINK(""https://www.wowhead.com/wotlk/quest=11643"", ""Mobu's Pneumatic Tank Transjigamarig"")"			
"=HYPERLINK(""https://www.wowhead.com/wotlk/quest=11644"", ""Super Strong Metal Plates!"")"			
"=HYPERLINK(""https://www.wowhead.com/wotlk/quest=11648"", ""The Art of Persuasion"")"			
"=HYPERLINK(""https://www.wowhead.com/wotlk/quest=11649"", ""Motes of the Enraged"")"			
"=HYPERLINK(""https://www.wowhead.com/wotlk/quest=11652"", ""The Plains of Nasam"")"			
"=HYPERLINK(""https://www.wowhead.com/wotlk/quest=11655"", ""Into the Mist"")"			
"=HYPERLINK(""https://www.wowhead.com/wotlk/quest=11656"", ""Burn in Effigy"")"			
"=HYPERLINK(""https://www.wowhead.com/wotlk/quest=11660"", ""Horn of the Ancient Mariner"")"			
"=HYPERLINK(""https://www.wowhead.com/wotlk/quest=11661"", ""Orabus the Helmsman"")"			
"=HYPERLINK(""https://www.wowhead.com/wotlk/quest=11671"", ""A Race Against Time"")"			
"=HYPERLINK(""https://www.wowhead.com/wotlk/quest=11675"", ""A Proper Death"")"			
"=HYPERLINK(""https://www.wowhead.com/wotlk/quest=11676"", ""Merciful Freedom"")"			
"=HYPERLINK(""https://www.wowhead.com/wotlk/quest=11677"", ""Stop the Plague"")"			
"=HYPERLINK(""https://www.wowhead.com/wotlk/quest=11683"", ""Fallen Necropolis"")"			
"=HYPERLINK(""https://www.wowhead.com/wotlk/quest=11684"", ""Scouting the Sinkholes"")"			
"=HYPERLINK(""https://www.wowhead.com/wotlk/quest=11685"", ""The Heart of the Elements"")"			
"=HYPERLINK(""https://www.wowhead.com/wotlk/quest=11686"", ""The Warsong Farms"")"			
"=HYPERLINK(""https://www.wowhead.com/wotlk/quest=11688"", ""Damned Filthy Swine"")"			
"=HYPERLINK(""https://www.wowhead.com/wotlk/quest=11690"", ""Bring 'Em Back Alive"")"			
"=HYPERLINK(""https://www.wowhead.com/wotlk/quest=11695"", ""The Horn of Elemental Fury"")"			
"=HYPERLINK(""https://www.wowhead.com/wotlk/quest=11706"", ""The Collapse"")"			
"=HYPERLINK(""https://www.wowhead.com/wotlk/quest=11711"", ""Coward Delivery... Under 30 Minutes or it's Free"")"			
"=HYPERLINK(""https://www.wowhead.com/wotlk/quest=11714"", ""Vermin Extermination"")"			
"=HYPERLINK(""https://www.wowhead.com/wotlk/quest=11716"", ""The Wondrous Bloodspore"")"			
"=HYPERLINK(""https://www.wowhead.com/wotlk/quest=11717"", ""Pollen from the Source"")"			
"=HYPERLINK(""https://www.wowhead.com/wotlk/quest=11719"", ""A Suitable Test Subject"")"			
"=HYPERLINK(""https://www.wowhead.com/wotlk/quest=11721"", ""Gammothra the Tormentor"")"			
"=HYPERLINK(""https://www.wowhead.com/wotlk/quest=11881"", ""Load'er Up!"")"			
"=HYPERLINK(""https://www.wowhead.com/wotlk/quest=11890"", ""What Are They Up To?"")"			
"=HYPERLINK(""https://www.wowhead.com/wotlk/quest=11893"", ""The Power of the Elements"")"			
"=HYPERLINK(""https://www.wowhead.com/wotlk/quest=11894"", ""Patching Up"")"			
"=HYPERLINK(""https://www.wowhead.com/wotlk/quest=11895"", ""Master the Storm"")"			
"=HYPERLINK(""https://www.wowhead.com/wotlk/quest=11896"", ""Weakness to Lightning"")"			
"=HYPERLINK(""https://www.wowhead.com/wotlk/quest=11898"", ""Breaking Through"")"			
"=HYPERLINK(""https://www.wowhead.com/wotlk/quest=11899"", ""Souls of the Decursed"")"			
"=HYPERLINK(""https://www.wowhead.com/wotlk/quest=11900"", ""Reading the Meters"")"			
"=HYPERLINK(""https://www.wowhead.com/wotlk/quest=11905"", ""Postponing the Inevitable"")"			
"=HYPERLINK(""https://www.wowhead.com/wotlk/quest=11906"", ""Cleaning Up the Pools"")"			
"=HYPERLINK(""https://www.wowhead.com/wotlk/quest=11907"", ""The Sub-Chieftains"")"			
"=HYPERLINK(""https://www.wowhead.com/wotlk/quest=11910"", ""Secrets of the Ancients"")"			
"=HYPERLINK(""https://www.wowhead.com/wotlk/quest=11911"", ""Quickening"")"			
"=HYPERLINK(""https://www.wowhead.com/wotlk/quest=11912"", ""Nuts for Berries"")"			
"=HYPERLINK(""https://www.wowhead.com/wotlk/quest=11914"", ""Keep the Secret Safe"")"			
"=HYPERLINK(""https://www.wowhead.com/wotlk/quest=11918"", ""Basic Training"")"			
"=HYPERLINK(""https://www.wowhead.com/wotlk/quest=11919"", ""Drake Hunt"")"			
"=HYPERLINK(""https://www.wowhead.com/wotlk/quest=11931"", ""Cracking the Code"")"			
"=HYPERLINK(""https://www.wowhead.com/wotlk/quest=11936"", ""Hatching a Plan"")"			
"=HYPERLINK(""https://www.wowhead.com/wotlk/quest=11943"", ""The Cell"")"			
"=HYPERLINK(""https://www.wowhead.com/wotlk/quest=11967"", ""Mustering the Reds"")"			
"=HYPERLINK(""https://www.wowhead.com/wotlk/quest=11968"", ""The Tides Turn"")"			
"=HYPERLINK(""https://www.wowhead.com/wotlk/quest=11969"", ""Springing the Trap"")"			
"=HYPERLINK(""https://www.wowhead.com/wotlk/quest=11973"", ""Prisoner of War"")"			
"=HYPERLINK(""https://www.wowhead.com/wotlk/quest=12728"", ""Monitoring the Rift: Winterfin Cavern"")"			
"=HYPERLINK(""https://www.wowhead.com/wotlk/quest=11566"", ""Surrender... Not!"")"			
"=HYPERLINK(""https://www.wowhead.com/wotlk/quest=11605"", ""The Honored Ancestors"")"			
"=HYPERLINK(""https://www.wowhead.com/wotlk/quest=11607"", ""The Lost Spirits"")"			
"=HYPERLINK(""https://www.wowhead.com/wotlk/quest=11609"", ""Picking Up the Pieces"")"			
"=HYPERLINK(""https://www.wowhead.com/wotlk/quest=11610"", ""Leading the Ancestors Home"")"			
"=HYPERLINK(""https://www.wowhead.com/wotlk/quest=11612"", ""Reclaiming the Quarry"")"			
"=HYPERLINK(""https://www.wowhead.com/wotlk/quest=11617"", ""Hampering Their Escape"")"			
"=HYPERLINK(""https://www.wowhead.com/wotlk/quest=11623"", ""A Visit to the Curator"")"			
"=HYPERLINK(""https://www.wowhead.com/wotlk/quest=11627"", ""Boiling Point"")"			
"=HYPERLINK(""https://www.wowhead.com/wotlk/quest=11628"", ""Shrouds of the Scourge"")"			
"=HYPERLINK(""https://www.wowhead.com/wotlk/quest=11630"", ""The Bad Earth"")"			
"=HYPERLINK(""https://www.wowhead.com/wotlk/quest=11633"", ""Blending In"")"			
"=HYPERLINK(""https://www.wowhead.com/wotlk/quest=11637"", ""Kaganishu"")"			
"=HYPERLINK(""https://www.wowhead.com/wotlk/quest=11640"", ""Words of Power"")"			
"=HYPERLINK(""https://www.wowhead.com/wotlk/quest=11641"", ""A Courageous Strike"")"			
"=HYPERLINK(""https://www.wowhead.com/wotlk/quest=11647"", ""Neutralizing the Cauldrons"")"			
"=HYPERLINK(""https://www.wowhead.com/wotlk/quest=11659"", ""Shatter the Orbs!"")"			
"=HYPERLINK(""https://www.wowhead.com/wotlk/quest=11687"", ""The Doctor and the Lich-Lord"")"			
"=HYPERLINK(""https://www.wowhead.com/wotlk/quest=11865"", ""Unfit for Death"")"			
"=HYPERLINK(""https://www.wowhead.com/wotlk/quest=11866"", ""Ears of Our Enemies"")"			
"=HYPERLINK(""https://www.wowhead.com/wotlk/quest=11868"", ""The Culler Cometh"")"			
"=HYPERLINK(""https://www.wowhead.com/wotlk/quest=11869"", ""Happy as a Clam"")"			
"=HYPERLINK(""https://www.wowhead.com/wotlk/quest=11871"", ""Not On Our Watch"")"			
"=HYPERLINK(""https://www.wowhead.com/wotlk/quest=11872"", ""The Nefarious Clam Master..."")"			
"=HYPERLINK(""https://www.wowhead.com/wotlk/quest=11876"", ""Help Those That Cannot Help Themselves"")"			
"=HYPERLINK(""https://www.wowhead.com/wotlk/quest=11879"", ""Kaw the Mammoth Destroyer"")"			
"=HYPERLINK(""https://www.wowhead.com/wotlk/quest=11884"", ""Ned, Lord of Rhinos..."")"			
"=HYPERLINK(""https://www.wowhead.com/wotlk/quest=11892"", ""The Assassination of Harold Lane"")"			
"=HYPERLINK(""https://www.wowhead.com/wotlk/quest=11909"", ""Defeat the Gearmaster"")"			
"=HYPERLINK(""https://www.wowhead.com/wotlk/quest=11945"", ""Preparing for the Worst"")"			
"=HYPERLINK(""https://www.wowhead.com/wotlk/quest=11949"", ""Not Without a Fight!"")"			
"=HYPERLINK(""https://www.wowhead.com/wotlk/quest=11961"", ""Spirits Watch Over Us"")"			
"=HYPERLINK(""https://www.wowhead.com/wotlk/quest=13128"", ""A Wing and a Prayer"")"			
"=HYPERLINK(""https://www.wowhead.com/wotlk/quest=13413"", ""Aces High!"")"			
"=HYPERLINK(""https://www.wowhead.com/tbc/quest=10847"", ""The Eyes of Skettis"")"			
"=HYPERLINK(""https://www.wowhead.com/tbc/quest=10017"", ""Strained Supplies"")"			
"=HYPERLINK(""https://www.wowhead.com/tbc/quest=10020"", ""A Cure for Zahlia"")"			
"=HYPERLINK(""https://www.wowhead.com/tbc/quest=10037"", ""Rather Be Fishin'"")"			
"=HYPERLINK(""https://www.wowhead.com/tbc/quest=10112"", ""A Personal Favor"")"			
"=HYPERLINK(""https://www.wowhead.com/tbc/quest=10024"", ""Voren'thal's Visions"")"			
"=HYPERLINK(""https://www.wowhead.com/tbc/quest=10325"", ""Marks of Kil'jaeden"")"			
"=HYPERLINK(""https://www.wowhead.com/tbc/quest=10412"", ""Firewing Signets"")"			
"=HYPERLINK(""https://www.wowhead.com/tbc/quest=10917"", ""The Outcast's Plight"")"			
"=HYPERLINK(""https://www.wowhead.com/tbc/quest=10009"", ""Crackin' Some Skulls"")"			
"=HYPERLINK(""https://www.wowhead.com/tbc/quest=10167"", ""Auchindoun..."")"			
"=HYPERLINK(""https://www.wowhead.com/tbc/quest=9831"", ""Entry Into Karazhan"")"			
"=HYPERLINK(""https://www.wowhead.com/tbc/quest=9832"", ""The Second and Third Fragments"")"			
"=HYPERLINK(""https://www.wowhead.com/tbc/quest=10091"", ""The Soul Devices"")"			
"=HYPERLINK(""https://www.wowhead.com/tbc/quest=10095"", ""Into the Heart of the Labyrinth"")"			
"=HYPERLINK(""https://www.wowhead.com/tbc/quest=10409"", ""Deathblow to the Legion"")"			
"=HYPERLINK(""https://www.wowhead.com/tbc/quest=10416"", ""Synthesis of Power"")"			
"=HYPERLINK(""https://www.wowhead.com/tbc/quest=10420"", ""A Cleansing Light"")"			
"=HYPERLINK(""https://www.wowhead.com/tbc/quest=10507"", ""Turning Point"")"			
"=HYPERLINK(""https://www.wowhead.com/tbc/quest=10653"", ""Marks of Sargeras"")"			
"=HYPERLINK(""https://www.wowhead.com/tbc/quest=10656"", ""Sunfury Signets"")"			
"=HYPERLINK(""https://www.wowhead.com/tbc/quest=10704"", ""How to Break Into the Arcatraz"")"			
"=HYPERLINK(""https://www.wowhead.com/tbc/quest=10831"", ""Becoming a Mooncloth Tailor"")"			
"=HYPERLINK(""https://www.wowhead.com/tbc/quest=10832"", ""Becoming a Spellfire Tailor"")"			
"=HYPERLINK(""https://www.wowhead.com/tbc/quest=10833"", ""Becoming a Shadoweave Tailor"")"			
"=HYPERLINK(""https://www.wowhead.com/tbc/quest=10882"", ""Harbinger of Doom"")"			
"=HYPERLINK(""https://www.wowhead.com/tbc/quest=10884"", ""Trial of the Naaru: Mercy"")"			
"=HYPERLINK(""https://www.wowhead.com/tbc/quest=10885"", ""Trial of the Naaru: Strength"")"			
"=HYPERLINK(""https://www.wowhead.com/tbc/quest=10902"", ""Master of Elixirs"")"			
"=HYPERLINK(""https://www.wowhead.com/tbc/quest=11096"", ""Threat from Above"")"			
"=HYPERLINK(""https://www.wowhead.com/tbc/quest=11354"", ""Wanted: Nazan's Riding Crop"")"			
"=HYPERLINK(""https://www.wowhead.com/tbc/quest=11362"", ""Wanted: Keli'dan's Feathered Stave"")"			
"=HYPERLINK(""https://www.wowhead.com/tbc/quest=11363"", ""Wanted: Bladefist's Seal"")"			
"=HYPERLINK(""https://www.wowhead.com/tbc/quest=11364"", ""Wanted: Shattered Hand Centurions"")"			
"=HYPERLINK(""https://www.wowhead.com/tbc/quest=11368"", ""Wanted: The Heart of Quagmirran"")"			
"=HYPERLINK(""https://www.wowhead.com/tbc/quest=11369"", ""Wanted: A Black Stalker Egg"")"			
"=HYPERLINK(""https://www.wowhead.com/tbc/quest=11370"", ""Wanted: The Warlord's Treatise"")"			
"=HYPERLINK(""https://www.wowhead.com/tbc/quest=11371"", ""Wanted: Coilfang Myrmidons"")"			
"=HYPERLINK(""https://www.wowhead.com/tbc/quest=11372"", ""Wanted: The Headfeathers of Ikiss"")"			
"=HYPERLINK(""https://www.wowhead.com/tbc/quest=11373"", ""Wanted: Shaffar's Wondrous Pendant"")"			
"=HYPERLINK(""https://www.wowhead.com/tbc/quest=11374"", ""Wanted: The Exarch's Soul Gem"")"			
"=HYPERLINK(""https://www.wowhead.com/tbc/quest=11375"", ""Wanted: Murmur's Whisper"")"			
"=HYPERLINK(""https://www.wowhead.com/tbc/quest=11376"", ""Wanted: Malicious Instructors"")"			
"=HYPERLINK(""https://www.wowhead.com/tbc/quest=11377"", ""Revenge is Tasty"")"			
"=HYPERLINK(""https://www.wowhead.com/tbc/quest=11378"", ""Wanted: The Epoch Hunter's Head"")"			
"=HYPERLINK(""https://www.wowhead.com/tbc/quest=11379"", ""Super Hot Stew"")"			
"=HYPERLINK(""https://www.wowhead.com/tbc/quest=11380"", ""Manalicious"")"			
"=HYPERLINK(""https://www.wowhead.com/tbc/quest=11381"", ""Soup for the Soul"")"			
"=HYPERLINK(""https://www.wowhead.com/tbc/quest=11382"", ""Wanted: Aeonus's Hourglass"")"			
"=HYPERLINK(""https://www.wowhead.com/tbc/quest=11383"", ""Wanted: Rift Lords"")"			
"=HYPERLINK(""https://www.wowhead.com/tbc/quest=11384"", ""Wanted: A Warp Splinter Clipping"")"			
"=HYPERLINK(""https://www.wowhead.com/tbc/quest=11385"", ""Wanted: Sunseeker Channelers"")"			
"=HYPERLINK(""https://www.wowhead.com/tbc/quest=11386"", ""Wanted: Pathaleon's Projector"")"			
"=HYPERLINK(""https://www.wowhead.com/tbc/quest=11387"", ""Wanted: Tempest-Forge Destroyers"")"			
"=HYPERLINK(""https://www.wowhead.com/tbc/quest=11388"", ""Wanted: The Scroll of Skyriss"")"			
"=HYPERLINK(""https://www.wowhead.com/tbc/quest=11389"", ""Wanted: Arcatraz Sentinels"")"			
"=HYPERLINK(""https://www.wowhead.com/tbc/quest=11499"", ""Wanted: The Signet Ring of Prince Kael'thas"")"			
"=HYPERLINK(""https://www.wowhead.com/tbc/quest=11500"", ""Wanted: Sisters of Torment"")"			
"=HYPERLINK(""https://www.wowhead.com/wotlk/quest=11875"", ""Gaining the Advantage"")"			
"=HYPERLINK(""https://www.wowhead.com/wotlk/quest=11877"", ""Sunfury Attack Plans"")"			
"=HYPERLINK(""https://www.wowhead.com/wotlk/quest=12520"", ""Rhino Mastery: The Test"")"			
"=HYPERLINK(""https://www.wowhead.com/wotlk/quest=12522"", ""Need an Engine, Take an Engine"")"			
"=HYPERLINK(""https://www.wowhead.com/wotlk/quest=12523"", ""Have a Part, Give a Part"")"			
"=HYPERLINK(""https://www.wowhead.com/wotlk/quest=12524"", ""Venture Co. Misadventure"")"			
"=HYPERLINK(""https://www.wowhead.com/wotlk/quest=12525"", ""Wipe That Grin Off His Face"")"			
"=HYPERLINK(""https://www.wowhead.com/wotlk/quest=12543"", ""An Offering for Soo-rahm"")"			
"=HYPERLINK(""https://www.wowhead.com/wotlk/quest=12544"", ""The Bones of Nozronn"")"			
"=HYPERLINK(""https://www.wowhead.com/wotlk/quest=12549"", ""Dreadsaber Mastery: Becoming a Predator"")"			
"=HYPERLINK(""https://www.wowhead.com/wotlk/quest=12550"", ""Dreadsaber Mastery: Stalking the Prey"")"			
"=HYPERLINK(""https://www.wowhead.com/wotlk/quest=12551"", ""Crocolisk Mastery: The Trial"")"			
"=HYPERLINK(""https://www.wowhead.com/wotlk/quest=12556"", ""Rhino Mastery: The Kill"")"			
"=HYPERLINK(""https://www.wowhead.com/wotlk/quest=12558"", ""Dreadsaber Mastery: Ready to Pounce"")"			
"=HYPERLINK(""https://www.wowhead.com/wotlk/quest=12560"", ""Crocolisk Mastery: The Plan"")"			
"=HYPERLINK(""https://www.wowhead.com/wotlk/quest=12569"", ""Crocolisk Mastery: The Ambush"")"			
"=HYPERLINK(""https://www.wowhead.com/wotlk/quest=12589"", ""Kick, What Kick?"")"			
"=HYPERLINK(""https://www.wowhead.com/wotlk/quest=12592"", ""The Great Hunter's Challenge"")"			
"=HYPERLINK(""https://www.wowhead.com/wotlk/quest=12624"", ""It Could Be Anywhere!"")"			
"=HYPERLINK(""https://www.wowhead.com/wotlk/quest=12634"", ""Some Make Lemonade, Some Make Liquor"")"			
"=HYPERLINK(""https://www.wowhead.com/wotlk/quest=12644"", ""Still At It"")"			
"=HYPERLINK(""https://www.wowhead.com/wotlk/quest=12645"", ""The Taste Test"")"			
"=HYPERLINK(""https://www.wowhead.com/wotlk/quest=12654"", ""The Part-time Hunter"")"			
"=HYPERLINK(""https://www.wowhead.com/wotlk/quest=12804"", ""A Steak Fit for a Hunter"")"			
"=HYPERLINK(""https://www.wowhead.com/wotlk/quest=12529"", ""The Ape Hunter's Slave"")"			
"=HYPERLINK(""https://www.wowhead.com/wotlk/quest=12530"", ""Tormenting the Softknuckles"")"			
"=HYPERLINK(""https://www.wowhead.com/wotlk/quest=12531"", ""The Underground Menace"")"			
"=HYPERLINK(""https://www.wowhead.com/wotlk/quest=12532"", ""Flown the Coop!"")"			
"=HYPERLINK(""https://www.wowhead.com/wotlk/quest=12533"", ""The Wasp Hunter's Apprentice"")"			
"=HYPERLINK(""https://www.wowhead.com/wotlk/quest=12534"", ""The Sapphire Queen"")"			
"=HYPERLINK(""https://www.wowhead.com/wotlk/quest=12535"", ""Mischief in the Making"")"			
"=HYPERLINK(""https://www.wowhead.com/wotlk/quest=12540"", ""Just Following Orders"")"			
"=HYPERLINK(""https://www.wowhead.com/wotlk/quest=12559"", ""Powering the Waygate - The Maker's Perch"")"			
"=HYPERLINK(""https://www.wowhead.com/wotlk/quest=12561"", ""An Issue of Trust"")"			
"=HYPERLINK(""https://www.wowhead.com/wotlk/quest=12571"", ""Make the Bad Snake Go Away"")"			
"=HYPERLINK(""https://www.wowhead.com/wotlk/quest=12572"", ""Gods like Shiny Things"")"			
"=HYPERLINK(""https://www.wowhead.com/wotlk/quest=12575"", ""The Lost Mistwhisper Treasure"")"			
"=HYPERLINK(""https://www.wowhead.com/wotlk/quest=12576"", ""Forced Hand"")"			
"=HYPERLINK(""https://www.wowhead.com/wotlk/quest=12581"", ""A Hero's Burden"")"			
"=HYPERLINK(""https://www.wowhead.com/wotlk/quest=12603"", ""Sharpening Your Talons"")"			
"=HYPERLINK(""https://www.wowhead.com/wotlk/quest=12605"", ""Securing the Bait"")"			
"=HYPERLINK(""https://www.wowhead.com/wotlk/quest=12607"", ""A Mammoth Undertaking"")"			
"=HYPERLINK(""https://www.wowhead.com/wotlk/quest=12611"", ""Returned Sevenfold"")"			
"=HYPERLINK(""https://www.wowhead.com/wotlk/quest=12613"", ""Powering the Waygate - The Maker's Overlook"")"			
"=HYPERLINK(""https://www.wowhead.com/wotlk/quest=12614"", ""Post-partum Aggression"")"			
"=HYPERLINK(""https://www.wowhead.com/wotlk/quest=12617"", ""Exterminate the Intruders"")"			
"=HYPERLINK(""https://www.wowhead.com/wotlk/quest=12620"", ""The Lifewarden's Wrath"")"			
"=HYPERLINK(""https://www.wowhead.com/wotlk/quest=12621"", ""Freya's Pact"")"			
"=HYPERLINK(""https://www.wowhead.com/wotlk/quest=12658"", ""My Pet Roc"")"			
"=HYPERLINK(""https://www.wowhead.com/wotlk/quest=12660"", ""Weapons of Destruction"")"			
"=HYPERLINK(""https://www.wowhead.com/wotlk/quest=12681"", ""Reagent Agent"")"			
"=HYPERLINK(""https://www.wowhead.com/wotlk/quest=12683"", ""Burning to Help"")"			
"=HYPERLINK(""https://www.wowhead.com/wotlk/quest=12699"", ""An Embarassing Incident"")"			
"=HYPERLINK(""https://www.wowhead.com/wotlk/quest=12702"", ""Chicken Party!"")"			
"=HYPERLINK(""https://www.wowhead.com/wotlk/quest=12704"", ""Appeasing the Great Rain Stone"")"			
"=HYPERLINK(""https://www.wowhead.com/wotlk/quest=12805"", ""Salvaging Life's Strength"")"			
"=HYPERLINK(""https://www.wowhead.com/wotlk/quest=12546"", ""Reclamation"")"			
"=HYPERLINK(""https://www.wowhead.com/wotlk/quest=12691"", ""A Timeworn Coffer"")"			
"=HYPERLINK(""https://www.wowhead.com/wotlk/quest=12703"", ""Kartak's Rampage"")"			
"=HYPERLINK(""https://www.wowhead.com/wotlk/quest=12705"", ""Will of the Titans"")"			
"=HYPERLINK(""https://www.wowhead.com/wotlk/quest=12759"", ""Tools of War"")"			
"=HYPERLINK(""https://www.wowhead.com/wotlk/quest=12760"", ""Secret Strength of the Frenzyheart"")"			
"=HYPERLINK(""https://www.wowhead.com/wotlk/quest=12761"", ""Mastery of the Crystals"")"			
"=HYPERLINK(""https://www.wowhead.com/wotlk/quest=12762"", ""Power of the Great Ones"")"			
"=HYPERLINK(""https://www.wowhead.com/wotlk/quest=12726"", ""Song of Wind and Water"")"			
"=HYPERLINK(""https://www.wowhead.com/wotlk/quest=12732"", ""The Heartblood's Strength"")"			
"=HYPERLINK(""https://www.wowhead.com/wotlk/quest=12734"", ""Rejek: First Blood"")"			
"=HYPERLINK(""https://www.wowhead.com/wotlk/quest=12735"", ""A Cleansing Song"")"			
"=HYPERLINK(""https://www.wowhead.com/wotlk/quest=12736"", ""Song of Reflection"")"			
"=HYPERLINK(""https://www.wowhead.com/wotlk/quest=12737"", ""Song of Fecundity"")"			
"=HYPERLINK(""https://www.wowhead.com/wotlk/quest=12741"", ""Strength of the Tempest"")"			
"=HYPERLINK(""https://www.wowhead.com/wotlk/quest=12758"", ""A Hero's Headgear"")"			
"=HYPERLINK(""https://www.wowhead.com/tbc/quest=9524"", ""Imprisoned in the Citadel"")"			
"=HYPERLINK(""https://www.wowhead.com/tbc/quest=10957"", ""Redemption of the Ashtongue"")"			
"=HYPERLINK(""https://www.wowhead.com/tbc/quest=10959"", ""The Fall of the Betrayer"")"			
"=HYPERLINK(""https://www.wowhead.com/tbc/quest=11492"", ""Hard to Kill"")"			
"=HYPERLINK(""https://www.wowhead.com/wotlk/quest=13149"", ""Dispelling Illusions"")"			
"=HYPERLINK(""https://www.wowhead.com/wotlk/quest=13151"", ""A Royal Escort"")"			
"=HYPERLINK(""https://www.wowhead.com/tbc/quest=11490"", ""The Scryer's Scryer"")"			
"=HYPERLINK(""https://www.wowhead.com/wotlk/quest=13126"", ""A Unified Front"")"			
"=HYPERLINK(""https://www.wowhead.com/wotlk/quest=13131"", ""Junk in My Trunk"")"			
"=HYPERLINK(""https://www.wowhead.com/wotlk/quest=13132"", ""Vengeance Be Mine!"")"			
"=HYPERLINK(""https://www.wowhead.com/wotlk/quest=13159"", ""Containment"")"			
"=HYPERLINK(""https://www.wowhead.com/wotlk/quest=24451"", ""An Audience With The Arcanist"")"			
"=HYPERLINK(""https://www.wowhead.com/wotlk/quest=24557"", ""The Silver Covenant's Scheme"")"			
"=HYPERLINK(""https://www.wowhead.com/wotlk/quest=13606"", ""Freya's Sigil"")"			
"=HYPERLINK(""https://www.wowhead.com/wotlk/quest=13607"", ""The Celestial Planetarium"")"			
"=HYPERLINK(""https://www.wowhead.com/wotlk/quest=13609"", ""Hodir's Sigil"")"			
"=HYPERLINK(""https://www.wowhead.com/wotlk/quest=13610"", ""Thorim's Sigil"")"			
"=HYPERLINK(""https://www.wowhead.com/wotlk/quest=13611"", ""Mimiron's Sigil"")"			
"=HYPERLINK(""https://www.wowhead.com/wotlk/quest=13629"", ""Val'anyr, Hammer of Ancient Kings"")"			
"=HYPERLINK(""https://www.wowhead.com/wotlk/quest=13821"", ""Heroic: Freya's Sigil"")"			
"=HYPERLINK(""https://www.wowhead.com/wotlk/quest=13822"", ""Heroic: Hodir's Sigil"")"			
"=HYPERLINK(""https://www.wowhead.com/wotlk/quest=13823"", ""Heroic: Thorim's Sigil"")"			
"=HYPERLINK(""https://www.wowhead.com/wotlk/quest=13824"", ""Heroic: Mimiron's Sigil"")"			
"=HYPERLINK(""https://www.wowhead.com/wotlk/quest=13207"", ""Halls of Stone"")"			
"=HYPERLINK(""https://www.wowhead.com/classic/quest=5725"", ""The Power to Destroy..."")"			
"=HYPERLINK(""https://www.wowhead.com/classic/quest=6521"", ""An Unholy Alliance"")"			
"=HYPERLINK(""https://www.wowhead.com/classic/quest=1048"", ""Into The Scarlet Monastery"")"			
"=HYPERLINK(""https://www.wowhead.com/classic/quest=4742"", ""Seal of Ascension"")"			
"=HYPERLINK(""https://www.wowhead.com/classic/quest=7361"", ""Favor Amongst the Darkspear"")"			
"=HYPERLINK(""https://www.wowhead.com/classic/quest=7362"", ""Ally of the Tauren"")"			
"=HYPERLINK(""https://www.wowhead.com/classic/quest=7401"", ""Wanted: DWARVES!"")"			
"=HYPERLINK(""https://www.wowhead.com/tbc/quest=10259"", ""Into the Breach"")"			
"=HYPERLINK(""https://www.wowhead.com/tbc/quest=10188"", ""The Sigil of Krasus"")"			
"=HYPERLINK(""https://www.wowhead.com/tbc/quest=10192"", ""Krasus's Compendium"")"			
"=HYPERLINK(""https://www.wowhead.com/tbc/quest=10209"", ""Summoner Kanthin's Prize"")"			
"=HYPERLINK(""https://www.wowhead.com/tbc/quest=10301"", ""Unlocking the Compendium"")"			
"=HYPERLINK(""https://www.wowhead.com/tbc/quest=10384"", ""Ethereum Data"")"			
"=HYPERLINK(""https://www.wowhead.com/tbc/quest=10385"", ""Potential for Brain Damage = High"")"			
"=HYPERLINK(""https://www.wowhead.com/tbc/quest=10405"", ""S-A-B-O-T-A-G-E"")"			
"=HYPERLINK(""https://www.wowhead.com/tbc/quest=10408"", ""Nexus-King Salhadaar"")"			
"=HYPERLINK(""https://www.wowhead.com/tbc/quest=10751"", ""Breaching the Path"")"			
"=HYPERLINK(""https://www.wowhead.com/tbc/quest=10765"", ""When Worlds Collide..."")"			
"=HYPERLINK(""https://www.wowhead.com/tbc/quest=10768"", ""Tabards of the Illidari"")"			
"=HYPERLINK(""https://www.wowhead.com/tbc/quest=11527"", ""Mutiny on the Mercy"")"			
"=HYPERLINK(""https://www.wowhead.com/tbc/quest=11529"", ""Sorlof's Booty"")"			
"=HYPERLINK(""https://www.wowhead.com/wotlk/quest=11951"", ""Bait and Switch"")"			
"=HYPERLINK(""https://www.wowhead.com/wotlk/quest=11957"", ""Saragosa's End"")"			
"=HYPERLINK(""https://www.wowhead.com/wotlk/quest=12537"", ""Lightning Definitely Strikes Twice"")"			
"=HYPERLINK(""https://www.wowhead.com/wotlk/quest=12538"", ""The Mist Isn't Listening"")"			
"=HYPERLINK(""https://www.wowhead.com/wotlk/quest=12579"", ""Lifeblood of the Mosswalker Shrine"")"			
"=HYPERLINK(""https://www.wowhead.com/wotlk/quest=12580"", ""The Mosswalker Savior"")"			
"=HYPERLINK(""https://www.wowhead.com/wotlk/quest=13127"", ""Mage-Lord Urom"")"			
"=HYPERLINK(""https://www.wowhead.com/wotlk/quest=13178"", ""Slay them all!"")"			
"=HYPERLINK(""https://www.wowhead.com/wotlk/quest=13185"", ""Stop the Siege"")"			
"=HYPERLINK(""https://www.wowhead.com/wotlk/quest=13192"", ""Warding the Walls"")"			
"=HYPERLINK(""https://www.wowhead.com/wotlk/quest=13194"", ""Healing with Roses"")"			
"=HYPERLINK(""https://www.wowhead.com/wotlk/quest=13202"", ""Jinxing the Walls"")"			
"=HYPERLINK(""https://www.wowhead.com/wotlk/quest=13228"", ""The Broken Front"")"			
"=HYPERLINK(""https://www.wowhead.com/wotlk/quest=13237"", ""Poke and Prod"")"			
"=HYPERLINK(""https://www.wowhead.com/wotlk/quest=13239"", ""Volatility"")"			
"=HYPERLINK(""https://www.wowhead.com/wotlk/quest=13264"", ""That's Abominable!"")"			
"=HYPERLINK(""https://www.wowhead.com/wotlk/quest=13273"", ""Going After the Core"")"			
"=HYPERLINK(""https://www.wowhead.com/wotlk/quest=13274"", ""The Core's Keeper"")"			
"=HYPERLINK(""https://www.wowhead.com/wotlk/quest=13277"", ""Against the Giants"")"			
"=HYPERLINK(""https://www.wowhead.com/wotlk/quest=13278"", ""Coprous the Defiled"")"			
"=HYPERLINK(""https://www.wowhead.com/wotlk/quest=13279"", ""Basic Chemistry"")"			
"=HYPERLINK(""https://www.wowhead.com/wotlk/quest=13281"", ""Neutralizing the Plague"")"			
"=HYPERLINK(""https://www.wowhead.com/wotlk/quest=13306"", ""Raise the Barricades"")"			
"=HYPERLINK(""https://www.wowhead.com/wotlk/quest=13307"", ""Bloodspattered Banners"")"			
"=HYPERLINK(""https://www.wowhead.com/wotlk/quest=13312"", ""The Ironwall Rampart"")"			
"=HYPERLINK(""https://www.wowhead.com/wotlk/quest=13313"", ""Blinding the Eyes in the Sky"")"			
"=HYPERLINK(""https://www.wowhead.com/wotlk/quest=13316"", ""The Guardians of Corp'rethar"")"			
"=HYPERLINK(""https://www.wowhead.com/wotlk/quest=13328"", ""Shatter the Shards"")"			
"=HYPERLINK(""https://www.wowhead.com/wotlk/quest=13329"", ""Before the Gate of Horror"")"			
"=HYPERLINK(""https://www.wowhead.com/wotlk/quest=13330"", ""Blood of the Chosen"")"			
"=HYPERLINK(""https://www.wowhead.com/wotlk/quest=13331"", ""Keeping the Alliance Blind"")"			
"=HYPERLINK(""https://www.wowhead.com/wotlk/quest=13349"", ""Cradle of the Frostbrood"")"			
"=HYPERLINK(""https://www.wowhead.com/wotlk/quest=13538"", ""Southern Sabotage"")"			
"=HYPERLINK(""https://www.wowhead.com/wotlk/quest=13539"", ""Toppling the Towers"")"			
"=HYPERLINK(""https://www.wowhead.com/wotlk/quest=24823"", ""Path of Destruction"")"			
"=HYPERLINK(""https://www.wowhead.com/wotlk/quest=24825"", ""Path of Wisdom"")"			
"=HYPERLINK(""https://www.wowhead.com/wotlk/quest=24826"", ""Path of Vengeance"")"			
"=HYPERLINK(""https://www.wowhead.com/wotlk/quest=24827"", ""Path of Courage"")"			
"=HYPERLINK(""https://www.wowhead.com/wotlk/quest=24869"", ""Deprogramming"")"			
"=HYPERLINK(""https://www.wowhead.com/wotlk/quest=24870"", ""Securing the Ramparts"")"			
"=HYPERLINK(""https://www.wowhead.com/wotlk/quest=24874"", ""Blood Quickening"")"			
"=HYPERLINK(""https://www.wowhead.com/wotlk/quest=24915"", ""Mograine's Reunion"")"			
"=HYPERLINK(""https://www.wowhead.com/wotlk/quest=24916"", ""Jaina's Locket"")"			
"=HYPERLINK(""https://www.wowhead.com/wotlk/quest=24917"", ""Muradin's Lament"")"			
"=HYPERLINK(""https://www.wowhead.com/wotlk/quest=24918"", ""Sylvanas' Vengeance"")"			
"=HYPERLINK(""https://www.wowhead.com/wotlk/quest=24919"", ""The Lightbringer's Redemption"")"			
"=HYPERLINK(""https://www.wowhead.com/wotlk/quest=25239"", ""Path of Might"")"			
