Quest Link,Same,Max,Guess
Reclaiming Sunstrider Isle,,,
Replenishing the Healing Crystals,,,
Replenishing the Healing Crystals,,,
Kobold Camp Cleanup,,,
Wolves Across the Border,,,
A New Threat,,,
The Mindless Ones,,,
The Damned,,,
The Balance of Nature,,,
The Hunt Begins,,,
Cutting Teeth,,,
Rescue the Survivors!,,,
What Must Be Done...,,,
Volatile Mutations,,,
Investigate Echo Ridge,,,
The Boar Hunter,,,
The Balance of Nature,,,
The Woodland Protector,,,
The Hunt Continues,,,
A Humble Task,,,
Sting of the Scorpid,,,120
A Refugee's Quandary,,,
Rattling the Rattlecages,,,
Scavenging Deathknell,,,
Galgar's Cactus Apple Surprise,,,60
Unfortunate Measures,,,
Thirst Unending,,,
Healing the Lake,,,
Botanical Legwork,,,
Brotherhood of Thieves,,,
The Troll Cave,,,
Night Web's Hollow,,,
The Scarlet Crusade,,,
Rite of Strength,,,
The Battleboars,,,
Vile Familiars,,,100
Webwood Venom,,,
Iverron's Antidote,,,
Milly's Harvest,,,
Lazy Peons,,,180
Thazz'ril's Pick,,,60
Solanian's Belongings,,,
Aggression,,,
A Fistful of Slivers,,,
The Shrine of Dath'Remar,,,
Inoculation,,,
Spare Parts,,,
The Blood Elves,,,
Bounty on Garrick Padfoot,,,
Skirmish at Echo Ridge,,,
The Stolen Journal,,,
The Red Messenger,,,
Zenn's Bidding,,,
Poison Water,,,
Sarkoth,,,60
Burning Blade Medallion,,,120
Webwood Egg,,,
Crown of the Earth,,,
Crown of the Earth,,,
Break Sharptusk!,,,
Gordo's Task,,,
Marla's Last Wish,,,
Felendren the Banished,,,
Unstable Mana Crystals,,,
Major Malfunction,,,
Blood Elf Spy,,,
Pie for Billy,,,
Stocking Jetsteam,,,
A New Plague,,,
A Putrid Task,,,
Sharing the Land,,,
Winterhoof Cleansing,,,
Swoop Hunting,,,240
The Emerald Dreamcatcher,,,
Doom Weed,,,
Ammo for Rumbleshot,,,
Wanted: Thaelis the Hungerer,,,
The Dead Scar,,,
Arcane Instability,,,
Soaked Pages,,,
Swift Discipline,,,
Investigate the Scourge of Stormwind,,,
Darnassian Intrusions,,,
Red Snapper - Very Tasty!,,,
The Great Moongraze Hunt,,,
Medicinal Purpose,,,
Gold Dust Exchange,,,
Kobold Candles,,,
The Fargodeep Mine,,,
Collecting Kelp,,,
Distracting Jarven,,,
The Grizzled Den,,,
Fields of Grief,,,
Proof of Demise,,,
Beer Basted Boar Ribs,,,
Seek Redemption!,,,
Thunderhorn Totem,,,
Rite of Vision,,,
Rite of Vision,,,
Vanquish the Betrayers,,,300
Carry Your Weight,,,100
A Solvent Spirit,,,
Timberling Seeds,,,
Timberling Sprouts,,,
Twisted Hatred,,,
Recipe of the Kaldorei,,,
Lost Armaments,,,
The Dwarven Spy,,,
Pelt Collection,,,
"Fish Heads, Fish Heads...",,,
Situation at Sunsail Anchorage,,,
A Small Start,,,
Cookie's Jumbo Gumbo,,,
Kyle's Gone Missing!,,,
Goldtooth,,,
A Favor for Evershine,,,
The Lich's Identity,,,
Graverobbers,,,
The Chill of Death,,,
The Mills Overrun,,,
At War With The Scarlet Crusade,,,
The Road to Darnassus,,,
Dangers of the Windfury,,,
Dwarven Digging,,,
Thunderhorn Cleansing,,,
Mazzranache,,,
Gathering Leather,,,
Thwarting Kolkar Aggression,,,
Break a Few Eggs,,,180
Practical Prey,,,
From The Wreckage....,,,
Elixirs for the Bladeleafs,,,
Ferocitas the Dream Eater,,,
The Sleeping Druid,,,
Grimscale Pirates!,,,
Wretched Ringleader,,,
Investigate the Scourge of the Undercity,,,
"Nightstalker Clean Up, Isle 2...",,,
An Alternative Alternative,,,
Reclaiming the Ruins,,,
Precious and Fragile Things Need Special Handling,,,
The Great Moongraze Hunt,,,
Red Linen Goods,,,
Princess Must Die!,,,100
Frostmane Hold,,,
The Perfect Stout,,,
A New Plague,,,
At War With The Scarlet Crusade,,,
Those Blasted Troggs!,,,
The Relics of Wakening,,,
Minshina's Skull,,,30
Need for a Cure,,,
Finding the Antidote,,,
Winds in the Desert,,,
Tumors,,,
Crown of the Earth,,,
Oakenscowl,,,
A Bundle of Trouble,,,
A Somber Task,,,
Corrupted Soil,,,
The Ring of Mmmrrrggglll,,,
The Party Never Ends,,,
Defending Fairbreeze Village,,,
I've Got a Plant,,,
Tree's Company,,,
Show Gnomercy,,,
Riverpaw Gnoll Bounty,,,
Bounty on Murlocs,,,
Protect the Frontier,,,
The Jasperlode Mine,,,
Manhunt,,,
The Haunted Mills,,,
At War With The Scarlet Crusade,,,
Wanted: Maggot Eye,,,
The Dormant Shade,,,
Operation Recombobulation,,,
Prove Your Worth,,,
Wildmane Totem,,,
Wildmane Cleansing,,,
The Venture Co.,,,
Kodo Hide Bag,,,
Zalazane,,,300
A Sacred Burial,,,
Encroachment,,,240
The Hunter's Way,,,
Buzzbox 827,,,
Amani Encroachment,,,
The Spearcrafter's Hammer,,,
Powering our Defenses,,,
Deactivating the Spire,,,
Cleaning up the Grounds,,,
Suncrown Village,,,
The Fallen Courier,,,
Warlord Sriss'tiz,,,
All That Remains,,,
The Prophecy of Akida,,,
Beasts of the Apocalypse!,,,
Murlocs... Why Here? Why Now?,,,
Whitebark's Memory,,,
Investigate the Scourge of Silvermoon,,,
Investigate the Scourge of Exodar,,,
"Wanted:  \""Hogger\""",,,180
Deaths in the Family,,,
Rear Guard Patrol,,,
A New Plague,,,
Rat Catching,,,240
A Pilot's Revenge,,,
Thelsamar Blood Sausages,,,
Arugal's Folly,,,
Wild Hearts,,,
The Public Servant,,,
Preparation for Ceremony,,,
Lost But Not Forgotten,,,240
Securing the Lines,,,300
The Enchanted Glade,,,
Crown of the Earth,,,
Zul'Marosh,,,
Goldenmist Village,,,
Tomber's Supplies,,,
Investigate An'daroth,,,
Anok'suten,,,120
Chieftain Oomooroo,,,
Learning from the Crystals,,,
Alien Predators,,,
The People's Militia,,,
Goretusk Liver Pie,,,
The Forgotten Heirloom,,,
In Defense of the King's Lands,,,
The Trogg Threat,,,
Tundra MacGrann's Stolen Stash,,,
Protecting the Herd,,,
At War With The Scarlet Crusade,,,
Proving Allegiance,,,
Ivar the Foul,,,
A Recipe For Death,,,
Ursal the Mauler,,,
Supervisor Fizsprocket,,,
Dark Storms,,,300
Skull Rock,,,120
Plainstrider Menace,,,180
Disrupt the Attacks,,,240
The Fall of Ameth'Aran,,,
Bashal'Aran,,,60
Bashal'Aran,,,180
Tools of the Highborne,,,
Buzzbox 411,,,
Supplying the Front,,,
Gaffer Jacks,,,
Electropellers,,,
Easy Strider Living,,,
Tears of the Moon,,,
Sathrah's Sacrifice,,,
Hidden Enemies,,,120
Deeprun Rat Roundup,,,60
Dealing with Zeb'Sora,,,
Salvaging the Past,,,
Forgotten Rituals,,,
Spirits of the Drowned,,,
The Kurken is Lurkin',,,
A Favorite Treat,,,
The Kessel Run,,,
Westfall Stew,,,
The Family Crypt,,,
The Zhevra,,,120
Raptor Thieves,,,240
The Forgotten Pools,,,120
Bashal'Aran,,,
Bashal'Aran,,,
Washed Ashore,,,
The Plagued Coast,,,
Vanquishing Aquantion,,,
Catch and Release,,,
Declaration of Power,,,
Saving Princess Stillpine,,,
The People's Militia,,,
Patrolling Westfall,,,
Poor Old Blanchy,,,
Arugal's Folly,,,
The Dead Fields,,,
Rites of the Earthmother,,,
Centaur Bracers,,,300
Southsea Freebooters,,,300
Samophlange,,,180
Samophlange,,,120
The Demon Seed,,,120
How Big a Threat?,,,60
How Big a Threat?,,,180
Buzzbox 323,,,
The Family and the Fishing Pole,,,
Plagued Lands,,,
Washed Ashore,,,
The Red Crystal,,,
As Water Cascades,,,
Supplies for the Crossroads,,,
Windrunner Village,,,
Down the Dead Scar,,,
Bearers of the Plague,,,
Into Occupied Territory,,,
Trouble at the Underlight Mines,,,
Underlight Ore Samples,,,
Know Thine Enemy,,,
Victims of Corruption,,,
The Second Sample,,,
Signs of the Legion,,,
Salvaging the Data,,,
Mac'Aree Mushroom Menagerie,,,
The Killing Fields,,,
Arugal's Folly,,,
Dry Times,,,
Thunderbrew Lager,,,
Red Leather Bandanas,,,
In Defense of the King's Lands,,,
In Defense of the King's Lands,,,
Filthy Paws,,,
Crocolisk Hunting,,,
Humble Beginnings,,,
Arugal's Folly,,,
A Recipe For Death,,,
Chen's Empty Keg,,,300
Fungal Spores,,,180
Harpy Raiders,,,240
The Disruption Ends,,,300
Prowlers of the Barrens,,,180
Bingles' Missing Supplies,,,
Hilary's Necklace,,,
Nugget Slugs,,,
The Cliffspring River,,,
Testing an Enemy's Strength,,,
Curbing the Plague,,,
Culinary Crunch,,,
Retaking Windrunner Spire,,,
Irradiated Crystal Shards,,,
More Irradiated Crystal Shards,,,
Constrictor Vines,,,
Blood Watch,,,
Keeper of the Flame,,,
The Lost Tools,,,
A Hunter's Boast,,,
Ambermill Investigations,,,
Kolkar Leaders,,,120
Root Samples,,,
Harpy Lieutenants,,,240
The Stagnant Oasis,,,30
Altered Beings,,,240
Echeyakee,,,60
Stolen Booty,,,
WANTED: Baron Longshore,,,120
For Love Eternal,,,
Buzzbox 525,,,
Gearing Redridge,,,
Cleansing of the Infected,,,
The Power to Destroy...,,,
Hidden Enemies,,,
Slaying the Beast,,,
Deactivate An'owyn,,,
Rotting Hearts,,,
More Rotting Hearts,,,
The Bear Necessities,,,
Culling the Flutterers,,,
I Shoot Magic Into the Darkness,,,
Intercepting the Message,,,
The Power to Destroy...,,,
The People's Militia,,,
Red Silk Bandanas,,,
In Defense of the King's Lands,,,
Assessing the Threat,,,
A Hunter's Challenge,,,
Rot Hide Ichor,,,
The Angry Scytheclaws,,,
The Master's Glaive,,,
Cave Mushrooms,,,
"Deep Ocean, Vast Sea",,,
Fruit of the Sea,,,
Deviate Hides,,,
The Twin Ziggurats,,,
Investigate the Amani Catacombs,,,
Troll Juju,,,
Pilfered Equipment,,,
Artifacts of the Blacksilt,,,
WANTED: Deathclaw,,,
The Cryo-Core,,,
Cutting a Path,,,
Redridge Goulash,,,
Underbelly Scales,,,
The Defias Brotherhood,,,
The Defias Brotherhood,,,
Collecting Memories,,,
A Dark Threat Looms,,,
Gathering Idols,,,
A Recipe For Death,,,
Verog the Dervish,,,360
Ignition,,,240
Raptor Horns,,,240
Miner's Fortune,,,300
Enraged Thunder Lizards,,,
Trouble at the Docks,,,
Serpentbloom,,,
The Tower of Althalaxx,,,
Smart Drinks,,,
Moonglow Vest,,,
Tharnariun's Hope,,,
Stolen Silver,,,180
WANTED: Murkdeep!,,,
The Blackwood Corrupted,,,
Boulderslide Ravine,,,
Avenge My Village,,,
Kill Grundig Darkcloud,,,
Shadowpine Weaponry,,,
Spinal Dust,,,
More Spinal Dust,,,
Attack on Zeb'Tela,,,
Clearing the Way,,,
Containing the Threat,,,
Galaen's Fate,,,
The Final Sample,,,
Ysera's Tears,,,
The Bloodcursed Naga,,,
The Hopeless Ones...,,,
Restoring Sanctity,,,
The Sun Gate,,,
Critters of the Void,,,
Limits of Physical Exhaustion,,,
Don't Drink the Water,,,
"Oh, the Tangled Webs They Weave",,,
The Coast Isn't Clear,,,
Mercenaries,,,
Hezrul Bloodmark,,,
Ishamuhale,,,60
The Zoram Strand,,,
Goblin Invaders,,,
Samophlange Manual,,,
Naga at the Zoram Strand,,,
Blood Feeders,,,
The Warsong Reports,,,
Warsong Runner Update,,,
Five Signets for War Supplies,,,
Five Signets for War Supplies,,,
A Little Dash of Seasoning,,,
Assault on Zeb'Nowa,,,
The Missing Expedition,,,
They're Alive! Maybe...,,,
Ending the Bloodcurse,,,
Into the Dream,,,
Fouled Water Spirits,,,
The Everstill Bridge,,,
Dusky Crab Cakes,,,
The Coastal Menace,,,
A Baying of Gnolls,,,
Murloc Poachers,,,
Oh Brother. . .,,,
Vyrin's Revenge,,,
Assault on Fenris Isle,,,
A Husband's Revenge,,,
Serena Bloodfeather,,,180
Spirit of the Wind,,,
The Guns of Northwatch,,,
Consumed by Hatred,,,300
Cry of the Thunderhawk,,,
Mathystra Relics,,,
A Lost Master,,,
The Ancient Statuette,,,
Bathran's Hair,,,
Deepmoss Spider Eggs,,,
Underground Assault,,,
Gyromast's Revenge,,,
Gyromast's Retrieval,,,
Counterattack!,,,240
Lost in Battle,,,60
Agamaggan's Strength,,,
Agamaggan's Agility,,,
Wisdom of Agamaggan,,,
Rising Spirit,,,
Razorhide,,,
The Sleeper Has Awakened,,,
Earthen Arise,,,
Captives at Deatholme,,,
Dar'Khan's Lieutenants,,,
Bring Me Kel'gash's Head!,,,
War on Deatholme,,,
What We Don't Know...,,,
Clearing the Way,,,
Blackrock Menace,,,
Howling in the Hills,,,
Selling Fish,,,
Wolves at Our Heels,,,
Eight-Legged Menaces,,,
Tramping Paws,,,
The Algaz Gauntlet,,,
Beren's Peril,,,
Tribes at War,,,500
The Tower of Althalaxx,,,
Raene's Cleansing,,,
A Gnome's Respite,,,
Ineptitude + Chemicals = Fun,,,
Devils in Westfall,,,
Super Reaper 6000,,,100
Pridewings of Stonetalon,,,
Deviate Eradication,,,
Blood Shards of Agamaggan,,,1
Arachnophobia,,,
Warsong Scout Update,,,
Wanted: Knucklerot and Luzran,,,
The Traitor's Destruction,,,
Razormaw,,,
The Defias Brotherhood,,,
WANTED: Chok'sul,,,
Claws from the Deep,,,
Search for Incendicite,,,
The Weaver,,,
Young Crocolisk Skins,,,
Elixir of Suffering,,,
The Rescue,,,
WANTED: Syndicate Personnel,,,
Egg Hunt,,,300
Leaders of the Fang,,,
Elune's Tear,,,
Covert Ops - Alpha,,,
Covert Ops - Beta,,,
The Essence of Aku'Mai,,,
Solomon's Law,,,
Shadow Magic,,,
Fire Taboo,,,
Gann's Reclamation,,,
Dig Rat Stew,,,
Knowledge in the Deeps,,,
The Ruins of Stardust,,,
Blood of Innocents,,,
Shredding Machines,,,
The Flying Machine Airport,,,60
Cycle of Rebirth,,,
An Unwelcome Guest,,,
The Night Watch,,,
Gather Rot Blossoms,,,
Between a Rock and a Thistlefur,,,
Ormer's Revenge,,,
Rethban Ore,,,
Digging Through the Ooze,,,
Elixir of Pain,,,
Battle of Hillsbrad,,,
Chen's Empty Keg,,,
Weapons of Choice,,,400
The Absent Minded Prospector,,,
The Tower of Althalaxx,,,
Elemental Bracers,,,
An Aggressive Defense,,,
Researching the Corruption,,,
Troll Charm,,,
Ashenvale Outrunners,,,180
Tharil'zun,,,
Stonetalon Standstill,,,
Seasoned Wolf Kabobs,,,
The Totem of Infliction,,,
Blackrock Bounty,,,
Look To The Stars,,,
Look To The Stars,,,
What Comes Around...,,,
Battle of Hillsbrad,,,
Souvenirs of Death,,,
Betrayal from Within,,,
Ruuzel,,,
Mage Summoner,,,
Culling the Threat,,,
Cenarius' Legacy,,,
The Sacred Flame,,,
Twilight Falls,,,
Pacify the Centaur,,,
Fish in a Bucket,,,
New Life,,,
Elemental War,,,
Warsong Outrider Update,,,
More Resource Crates,,,
More Resource Crates,,,
The Battle for Arathi Basin!,,,
The Battle for Arathi Basin!,,,
The Night Watch,,,
Wanted: Gath'Ilzogg,,,
Wanted: Lieutenant Fangore,,,
Morganth,,,
Blisters on The Land,,,
Crime and Punishment,,,
Quell The Uprising,,,
The Color of Blood,,,
War Banners,,,
Apprentice's Duties,,,
Defeat Nek'rosh,,,
Battle of Hillsbrad,,,
Battle of Hillsbrad,,,
Revenge of Gann,,,180
Revenge of Gann,,,30
The Book of Ur,,,
Jin'Zil's Forest Magic,,,
Retrieval for Mauren,,,
Enraged Spirits,,,
"Going, Going, Guano!",,,
Test of Faith,,,
Blueleaf Tubers,,,
Save Techbot's Brain!,,,
Alien Egg,,,30
Harpies Threaten,,,600
Bloodfury Bloodline,,,180
Satyr Horns,,,600
Allegiance to the Old Gods,,,
King of the Foulweald,,,
Ghoulish Effigy,,,
The Third Fleet,,,
Ormer's Revenge,,,
The Fury Runs Deep,,,
Isha Awak,,,120
Arugal Must Die,,,
Raene's Cleansing,,,
Reclaiming the Charred Vale,,,
Gerenzo Wrenchwhistle,,,180
The Crone of the Kraul,,,
A Vengeful Fate,,,
Blackfathom Villainy,,,
Gnogaine,,,
Sacred Fire,,,300
Blackfathom Villainy,,,
Warsong Supplies,,,
Warsong Saw Blades,,,
Amongst the Ruins,,,
The Lost Chalice,,,
The Legend of Stalvan,,,
The Legend of Stalvan,,,
Worgen in the Woods,,,
Uncovering the Past,,,
Proving Your Worth,,,
Elixir of Agony,,,
Battle of Hillsbrad,,,
Dangerous!,,,
Raene's Cleansing,,,
Wounded Ancients,,,
The Tower of Althalaxx,,,
Grimtotem Spying,,,240
Arikara,,,120
A Different Approach,,,120
A Dip in the Moonwell,,,30
A Shameful Waste,,,
Agents of Destruction,,,
Worgen in the Woods,,,
The Cursed Crew,,,
Ormer's Revenge,,,120
The Lost Ingots,,,
The Stockade Riots,,,
Lightforge Ingots,,,
Forsaken Diseases,,,
Ordanus,,,180
The Den,,,
A New Ore Sample,,,60
The Sacred Flame,,,
Horde Presence,,,
Wind Rider,,,
Wanted - Arnak Grimtotem,,,120
Ten Signets for War Supplies,,,
Ten Signets for War Supplies,,,
Missing Crystals,,,
The Night Watch,,,
Ogre Thieves,,,
Look To The Stars,,,
Mor'Ladim,,,
Bride of the Embalmer,,,
Lifting the Curse,,,
The Dark Iron War,,,
A Noble Brew,,,
Elixir of Agony,,,
Elixir of Agony,,,
Down the Coast,,,
Battle of Hillsbrad,,,
Humbert's Sword,,,
The Tear of the Moons,,,
The Howling Vale,,,
Fallen Sky Lake,,,
Velinde's Effects,,,
The Scythe of Elune,,,
Raene's Cleansing,,,
Salt Flat Venom,,,
Hardened Shells,,,
Steelsnap,,,240
Mortality Wanes,,,
Test of Endurance,,,
Test of Strength,,,
Test of Lore,,,
Load Lightening,,,300
The Missing Diplomat,,,
Essential Artificials,,,
Gyrodrillmatic Excavationators,,,
Data Rescue,,,
The Sparklematic 5200!,,,
More Sparklematic Action,,,
The Only Cure is More Green Glow,,,
The Sparklematic 5200!,,,
The Sparklematic 5200!,,,
More Sparklematic Action,,,
More Sparklematic Action,,,
Hypercapacitor Gizmo,,,180
The Lost Pages,,,
Icy Blue Mechanostrider Replacement,,,
White Mechanostrider Replacement,,,
Destroy the Legion,,,360
Reclaiming Felfire Hill,,,
Destroy the Legion,,,360
Tiger Mastery,,,180
Panther Mastery,,,180
Worgen in the Woods,,,
A Grim Task,,,
The Attack!,,,
Soothing Turtle Bisque,,,
Supply and Demand,,,
The Thandol Span,,,
Northfold Manor,,,
A King's Tribute,,,
Rocket Car Parts,,,
The Tower of Althalaxx,,,
Centaur Bounty,,,
Centaur Bounty,,,
Items of Some Consequence,,,
Soothing Turtle Bisque,,,
Morbent Fel,,,
The Legend of Stalvan,,,
Investigate the Camp,,,
Stone Tokens,,,
Farren's Proof,,,
Stormwind Ho!,,,
The Hammer May Fall,,,
Call to Arms,,,
Insane Druids,,,
The Branch of Cenarius,,,
Satyr Slaying!,,,
Raid on the Kolkar,,,
Assault on the Kolkar,,,
Barbaric Battlements,,,
On Iron Pauldrons,,,
Bone Collector,,,
Never Again!,,,
Never Again!,,,
Tiger Mastery,,,
Panther Mastery,,,
The Second Rebellion,,,
Syndicate Assassins,,,
Helcular's Revenge,,,
Helcular's Revenge,,,
Foul Magics,,,
Vorrel's Revenge,,,
Hearts of Zeal,,,
A Bump in the Road,,,
Broken Tears,,,
Befouled by Satyr,,,
The Burning of Spirits,,,
Search for Tyranis,,,
Reagents for Reclaimers Inc.,,,
The Corrupter,,,
Sceptre of Light,,,
Raptor Mastery,,,
Bad Medicine,,,
Infiltration,,,
Valik,,,
Prison Break In,,,
Bracers of Binding,,,
Costly Menace,,,
Bartolo's Yeti Fur Cloak,,,
Hunt for Yenniku,,,
Raising Spirits,,,
Kodo Roundup,,,
Bloodscalp Insight,,,
Tiger Mastery,,,
Bloodscalp Ears,,,
Stranglethorn Fever,,,
Dalaran Patrols,,,
Singing Blue Shards,,,
A Dwarf and His Tools,,,
Encrusted Tail Fins,,,
The Swarm Grows,,,
Parts of the Swarm,,,
Theramore Spies,,,
The Theramore Docks,,,
Jarl Needs a Blade,,,
Jarl Needs Eyes,,,
Marsh Frog Legs,,,
The Missing Diplomat,,,
Khan Dez'hepah,,,
Stealing Supplies,,,
Gizmo for Warug,,,
Draenethyst Crystals,,,
The Lost Caravan,,,
Reagents for Reclaimers Inc.,,,
The Corrupter,,,
Rig Wars,,,
The Grand Betrayal,,,
Gnome Improvement,,,
Nogg's Ring Redo,,,
Clam Bait,,,
A Host of Evil,,,
More Resource Crates,,,
More Resource Crates,,,
The Battle for Arathi Basin!,,,
The Battle for Arathi Basin!,,,
Traitors Among Us,,,
Propaganda War,,,
Discrediting the Deserters,,,
Thresher Oil,,,
Raptor Mastery,,,
Hostile Takeover,,,
Crushridge Bounty,,,
Gol'dir,,,
Noble Deaths,,,
The Defense of Grom'gol,,,
Some Assembly Required,,,
Hints of a New Plague?,,,
Worth Its Weight in Gold,,,
Dream Dust in the Swamp,,,
Test of Lore,,,
To Steal From Thieves,,,
Hungry!,,,
Power Stones,,,
Trampled Under Foot,,,
Horns of Frenzy,,,
Other Fish to Fry,,,
Claim Rackmore's Treasure!,,,
An Unholy Alliance,,,
An Unusual Patron,,,
What's Haunting Witch Hill?,,,
The Witch's Bane,,,
Cleansing Witch Hill,,,
An Unholy Alliance,,,
Tiger Mastery,,,
The Defense of Grom'gol,,,
The Stone of the Tides,,,
Headhunting,,,
Bloody Bone Necklaces,,,
Water Elementals,,,
Favor for Krazek,,,
The Vile Reef,,,
Sigil of Strom,,,
The Princess Trapped,,,
Stromgarde Badges,,,
Guile of the Raptor,,,
Pearl Diving,,,
Study of the Elements: Rock,,,
Coolant Heads Prevail,,,
Gyro... What?,,,
Liquid Stone,,,
Frostmaw,,,
Goblin Sponsorship,,,
The Black Shield,,,
Ongeku,,,
Khan Jehn,,,
Khan Shaka,,,
Encroaching Wildlife,,,
Bring the End,,,
Bring the Light,,,
Catch of the Day,,,
Twilight of the Dawn Runner,,,
The End of the Deserters,,,
Defias in Dustwallow?,,,
Secondhand Diving Gear,,,
Recover the Cargo!,,,
Prisoners of the Grimtotems,,,
Raptor Captor,,,
Unleash the Raptors,,,
More than Coincidence,,,
Nat's Bargain,,,
Panther Mastery,,,
Kurzen's Mystery,,,
Preserving Knowledge,,,
Mok'thardin's Enchantment,,,
Special Forces,,,
Excelsior,,,
Stones of Binding,,,
Call to Arms,,,
Agmond's Fate,,,
Mirages,,,
Compendium of the Fallen,,,
Mythology of the Titans,,,
Mudrock Soup and Bugs,,,
Hand of Iruxos,,,
Portals of the Legion,,,
Book of the Ancients,,,
Little Morsels,,,
Mercy for the Cursed,,,
Confirming the Suspicion,,,
Arms of the Grimtotems,,,
The Grimtotem Weapon,,,
The Grimtotem Plot,,,
Down the Scarlet Path,,,
The Crown of Will,,,
"\""Pretty Boy\"" Duncan",,,
Wanted!  Marez Cowl,,,
Wand over Fist,,,
Trelane's Defenses,,,
Attack on the Tower,,,
Study of the Elements: Rock,,,
Indurium,,,
The Karnitol Shipwreck,,,
Badlands Reagent Run,,,
Badlands Reagent Run,,,
Ghost-o-plasm Round Up,,,
Fifteen Signets for War Supplies,,,
Fifteen Signets for War Supplies,,,
Raze Direhorn Post!,,,
Peace at Last,,,
Direhorn Raiders,,,
Bloodfen Feathers,,,
Banner of the Stonemaul,,,
The Essence of Enmity,,,
The Reagent Thief,,,
WANTED: Goreclaw the Ravenous,,,
Raze Direhorn Post!,,,
Secure the Cargo!,,,
Panther Mastery,,,
Colonel Kurzen,,,
Troll Witchery,,,
A Meal Served Cold,,,
The Green Hills of Stranglethorn,,,
Chapter I,,,
Chapter II,,,
Chapter III,,,
Chapter IV,,,
Crushridge Warmongers,,,
Baron's Demise,,,
Dark Council,,,
The Perenolde Tiara,,,
WANTED: Baron Vardus,,,
Speaking with Nezzliok,,,
The Curse of the Tides,,,
The Broken Sigil,,,
Deep Sea Salvage,,,
Drowned Sorrows,,,
Sunken Treasure,,,
Foul Magics,,,
Call to Arms,,,
The Real Threat,,,
Wanted!  Otto and Falconcrest,,,
Lack of Surplus,,,
Barbecued Buzzard Wings,,,
Solution to Doom,,,
Amulet of Secrets,,,
Scrounging,,,
In the Name of the Light,,,
... and Bugs,,,
Marg Speaks,,,
Coyote Thieves,,,
Reagents for Reclaimers Inc.,,,
The Corrupter,,,
The Hidden Chamber,,,
The Old Ways,,,
The Origins of Smithing,,,
The Art of the Armorsmith,,,
The Way of the Weaponsmith,,,
The Art of the Armorsmith,,,
The Way of the Weaponsmith,,,
Unclaimed Baggage,,,
Corrosion Prevention,,,
Catch a Dragon by the Tail,,,
Raptor Mastery,,,
The Crown of Will,,,
Mok'thardin's Enchantment,,,
Mok'thardin's Enchantment,,,
Bloodscalp Clan Heads,,,
Up to Snuff,,,
Venture Company Mining,,,
Scaring Shaky,,,
Sigil of Arathor,,,
The Lost Fragments,,,
Overlord Mok'Morokk's Concern,,,
Army of the Black Dragon,,,
Identifying the Brood,,,
The Brood of Onyxia,,,
Razzeric's Tweaking,,,
Deadmire,,,
Mazen's Behest,,,
Lore for a Price,,,
Necklace Recovery,,,
Spirits of Stonemaul Hold,,,
Challenge to the Black Flight,,,
Uldaman Reagent Run,,,
Skullsplitter Tusks,,,
Lord Aliden Perenolde,,,
Keep An Eye Out,,,
Split Bone Necklace,,,
The Bloodsail Buccaneers,,,
The Bloodsail Buccaneers,,,
The Captain's Chest,,,
Facing Negolash,,,
Enticing Negolash,,,
Message in a Bottle,,,
Sigil of Trollbane,,,
Breaking the Keystone,,,
Lack of Surplus,,,
Study of the Elements: Rock,,,
Stone Is Better than Cloth,,,
Murdaloc,,,
Into The Scarlet Monastery,,,
Indurium Ore,,,
Khan Hratha,,,
Khan Hratha,,,
Nothing But The Truth,,,
Driftwood,,,
Uldaman Reagent Run,,,
War on the Woodpaw,,,
Replacement Phial,,,
Shadowshard Fragments,,,
Shadowshard Fragments,,,
The Captain's Chest,,,
Facing Negolash,,,
Into The Scarlet Monastery,,,
Raptor Mastery,,,
Big Game Hunter,,,
The Crown of Will,,,
Akiris by the Bundle,,,
Tremors of the Earth,,,
Broken Alliances,,,
Reclaimed Treasures,,,
Pool of Tears,,,
Threat From the Sea,,,
In Search of The Temple,,,
Rhapsody's Kalimdor Kocktail,,,
Wastewander Justice,,,
Find the Gems,,,
Reclaimed Treasures,,,
Alpha Strike,,,
Against the Hatecrest,,,
The Ogres of Feralas,,,
Gordunni Cobalt,,,
Pool of Tears,,,
Sweet Amber,,,
Sweet Amber,,,
Sweet Amber,,,
Sweet Amber,,,
Sweet Amber,,,
Mok'thardin's Enchantment,,,
Voodoo Dues,,,
Cracking Maury's Foot,,,
Zanzil's Secret,,,
"The Star, the Hand and the Heart",,,
"The Star, the Hand and the Heart",,,
An Ambassador of Evil,,,
Fool's Stout,,,
Fresh Meat,,,
More Wastewander Justice,,,
Water Pouch Bounty,,,
Water Pouch Bounty,,,
Badlands Reagent Run II,,,
Restoring the Necklace,,,
Find the Gems and Power Source,,,
Badlands Reagent Run II,,,
The Ogres of Feralas,,,
The High Wilderness,,,
Screecher Spirits,,,
Preying on the Predators,,,
Stranglethorn Fever,,,
The Singing Crystals,,,
Fiery Blaze Enchantments,,,
This Is Going to Be Hard,,,
The Lost Tablets of Will,,,
Continued Threat,,,
"Smelt On, Smelt Off",,,
The Great Silver Deceiver,,,
The Art of the Imbue,,,
A Good Head On Your Shoulders,,,
The World At Your Feet,,,
The Mithril Kid,,,
Wild Leather Armor,,,
Wild Leather Shoulders,,,
Wild Leather Vest,,,
Wild Leather Helmet,,,
Wild Leather Boots,,,
Wild Leather Leggings,,,
Wild Leather Armor,,,
Wild Leather Shoulders,,,
Wild Leather Vest,,,
Wild Leather Helmet,,,
Wild Leather Boots,,,
Wild Leather Leggings,,,
Scarab Shells,,,
Against Lord Shalzaru,,,
Stoley's Shipment,,,
WANTED: Andre Firebeard,,,
Troll Necklace Bounty,,,
Cuergo's Gold,,,
Undamaged Venom Sac,,,
A New Cloak's Sheen,,,
A Grim Discovery,,,
Witherbark Cages,,,
Troll Temper,,,
Faerie Dragon Muisek,,,
Caught!,,,
"Nat Pagle, Angler Extreme",,,
Clamlette Surprise,,,
Zukk'ash Infestation,,,
More Resource Crates,,,
More Resource Crates,,,
The Battle for Arathi Basin!,,,
The Battle for Arathi Basin!,,,
Pirate Hats Ahoy!,,,
Southsea Shakedown,,,
Mai'Zoth,,,
Slake That Thirst,,,
Speaking with Gan'zulah,,,
The Mind's Eye,,,
Saving Yenniku,,,
Filling the Soul Gem,,,
Tanaris Field Sampling,,,
Another Power Source?,,,
Gadgetzan Water Survey,,,
WANTED: Caliph Scorpidsting,,,
The Mark of Quality,,,
The Mark of Quality,,,
Tiara of the Deep,,,
Dark Ceremony,,,
Release Them,,,
"Rise, Obsidion!",,,
Ledger from Tanaris,,,
A Gesture of Goodwill,,,
Reclaiming the Eggs,,,
Noxious Lair Investigation,,,
The Super Egg-O-Matic,,,
Divino-matic Rod,,,
Doling Justice,,,
Nekrum's Medallion,,,
Lines of Communication,,,
Testing the Vessel,,,
Hippogryph Muisek,,,
The Prophecy of Mosh'aru,,,
Favored of Elune?,,,
A Short Incubation,,,
Food for Baby,,,
Spiritual Unrest,,,
A Land Filled with Hatred,,,
Twisted Evils,,,
Vyletongue Corruption,,,
Vyletongue Corruption,,,
Stinglasher,,,
The Super Egg-O-Matic,,,
The Scrimshank Redemption,,,
A Sticky Situation,,,
Skulk Rock Clean-up,,,
The Super Snapper FX,,,
The Altar of Zul,,,
Gahz'ridian,,,
The Flawless Flame,,,
Forging the Shaft,,,
Timbermaw Ally,,,
Zapped Giants,,,
The Pariah's Instructions,,,
Fuel for the Zapping,,,
STOLEN: Smithing Tuyere and Lookout's Spyglass,,,
JOB OPPORTUNITY: Culling the Competition,,,
Improved Quality,,,
Improved Quality,,,
"Gammerita, Mon!",,,
Stalking the Stalkers,,,
Hunt the Savages,,,
Avenging the Fallen,,,
Vilebranch Hooligans,,,
Message to the Wildhammer,,,
Another Message to the Wildhammer,,,
Cannibalistic Cousins,,,
Timbermaw Ally,,,
The Thirsty Goblin,,,
Sprinkle's Secret Ingredient,,,
Wandering Shay,,,
The Dunemaul Compound,,,
Legends of Maraudon,,,
Kill 'Em With Sleep Deprivation,,,
Curse These Fat Fingers,,,
Fiery Menace!,,,
Incendosaurs? Whateverosaur is More Like It,,,
Lard Lost His Lunch,,,
Twenty Signets for War Supplies,,,
Twenty Signets for War Supplies,,,
Whiskey Slim's Lost Grog,,,
Summoning the Princess,,,
Tremors of the Earth,,,
Seal of the Earth,,,
Broken Alliances,,,
Seal of the Earth,,,
The Temple of Atal'Hakkar,,,
Into The Temple of Atal'Hakkar,,,
Snickerfang Jowls,,,
Rage of Ages,,,
A Boar's Vitality,,,
Spirit of the Boar,,,
The Decisive Striker,,,
Salt of the Scorpok,,,
The Basilisk's Bite,,,
Infallible Mind,,,
Vulture's Vigor,,,
Spiritual Domination,,,
Gahz'rilla,,,
The Stave of Equinex,,,
The Morrow Stone,,,
Dark Heart,,,
Vengeance on the Northspring,,,
Treant Muisek,,,
Mountain Giant Muisek,,,
Natural Materials,,,
Thistleshrub Valley,,,
Prayer to Elune,,,
Shadoweaver,,,
The Undermarket,,,
The Flame's Casing,,,
Un'Goro Soil,,,
Un'Goro Soil,,,
Morrowgrain Research,,,
Morrowgrain Research,,,
The Mystery of Morrowgrain,,,
Tablet of the Seven,,,
The Ancient Egg,,,
WANTED: Overseer Maltorius,,,
What the Flux?,,,
"Snapjaws, Mon!",,,
The Final Message to the Wildhammer,,,
Separation Anxiety,,,
Dark Vessels,,,
Saving Sharpbeak,,,
The Stone Circle,,,
Roll the Bones,,,
Shizzle's Flyer,,,
Forces of Jaedenar,,,
A Husband's Last Battle,,,
Corruption of Earth and Seed,,,
Corruption of Earth and Seed,,,
Recover the Key!,,,
Wanted: Vile Priestess Hexx and Her Minions,,,
Job Opening: Guard Captain of Revantusk Village,,,
Arcane Runes,,,
Set Them Ablaze!,,,
Stealing Knowledge,,,
Seeping Corruption,,,
Dark Iron Legacy,,,
Extinguish the Firegut,,,
It's a Secret to Everybody,,,
Alien Ecology,,,
Disharmony of Flame,,,
The Videre Elixir,,,
The Videre Elixir,,,
KILL ON SIGHT: Dark Iron Dwarves,,,
The Strength of Corruption,,,
Muigin and Larion,,,
Haze of Evil,,,
Larion and Muigin,,,
Zapper Fuel,,,
Overmaster Pyron,,,
A Sample of Slime...,,,
Bone-Bladed Weapons,,,
A Little Slime Goes a Long Way,,,
Testing for Impurities - Un'Goro Crater,,,
Testing for Corruption - Felwood,,,
Broodling Essence,,,
Clear the Way,,,
Collection of the Corrupt Water,,,
Jammal'an the Prophet,,,
Betrayed,,,
The God Hakkar,,,
Kim'jael Indeed!,,,
Krom'Grul,,,
Gor'tesh the Brute Lord,,,
Ogre Head On A Stick = Party,,,
Expedition Salvation,,,
Ribbly Screwspigot,,,
Bloodpetal Sprouts,,,
Bloodpetal Zapper,,,
Chasing A-Me 01,,,
Crystals of Power,,,
The Fare of Lar'korwi,,,
The Scent of Lar'korwi,,,
Crystal Restore,,,
Crystal Force,,,
Crystal Ward,,,
Crystal Yield,,,
Crystal Charge,,,
Crystal Spire,,,
Bungle in the Jungle,,,
Scarlet Diversions,,,
Target: Felstone Field,,,
Felstone Field Cauldron,,,
Target: Felstone Field,,,
"Kim'jael's \""Missing\"" Equipment",,,
Toxic Tolerance,,,
Venomhide Eggs,,,
"Hungry, Hungry Hatchling",,,
Gorishi Grub,,,
"Poached, Scrambled, Or Raw?",,,
Searing Roc Feathers,,,
They Grow Up So Fast,,,
Searing Roc Feathers,,,
"Hungry, Hungry Hatchling",,,
"Poached, Scrambled, Or Raw?",,,
Gorishi Grub,,,
Flute of Xavaric,,,
The Smoldering Ruins of Thaurissan,,,
Aquementas,,,
A Taste of Flame,,,
A Taste of Flame,,,
The Rise of the Machines,,,
KILL ON SIGHT: High Ranking Dark Iron Officials,,,
Silver Heart,,,
The Love Potion,,,
The Corruption of the Jadefire,,,
Felbound Ancients,,,
Super Sticky,,,
Well of Corruption,,,
Corrupted Sabers,,,
Pawn Captures Queen,,,
A Little Slime Goes a Long Way,,,
Chillwind Horns,,,
Further Corruption,,,
The Wildlife Suffers Too,,,
Two Halves Become One,,,
Verifying the Corruption,,,
The Last Element,,,
Finding the Source,,,
Moontouched Wildkin,,,
Corrupted Windblossom,,,
Corrupted Windblossom,,,
The Spirits of Southwind,,,
Corrupted Windblossom,,,
To Serve Kum'isha,,,
Kum'isha's Endeavors,,,
Corrupted Songflower,,,
The Swamp Talker,,,
Corrupted Songflower,,,
Summoning Shadra,,,
Corrupted Songflower,,,
The Essence of Eranikus,,,
Everything Counts In Large Amounts,,,
One Draenei's Junk...,,,
Morrowgrain to Feathermoon Stronghold,,,
Morrowgrain to Darnassus,,,
Morrowgrain to Thunder Bluff,,,
The Spectral Chalice,,,
Cleansing Felwood,,,
Cleansing Felwood,,,
Salve via Hunting,,,
Salve via Mining,,,
Salve via Gathering,,,
Salve via Skinning,,,
Salve via Disenchanting,,,
Salve via Hunting,,,
Salve via Mining,,,
Salve via Gathering,,,
Salve via Skinning,,,
Salve via Disenchanting,,,
Corrupted Songflower,,,
Corrupted Songflower,,,
Corrupted Windblossom,,,
Corrupted Songflower,,,
Corrupted Whipper Root,,,
Corrupted Songflower,,,
Corrupted Night Dragon,,,
The Heart of the Mountain,,,
Hurley Blackbreath,,,
Lost Thunderbrew Recipe,,,
Corrupted Windblossom,,,
Corrupted Windblossom,,,
The Apes of Un'Goro,,,
The Mighty U'cha,,,
Corrupted Windblossom,,,
Corrupted Songflower,,,
Corrupted Windblossom,,,
Corrupted Whipper Root,,,
Corrupted Whipper Root,,,
Corrupted Whipper Root,,,
Corrupted Whipper Root,,,
Corrupted Night Dragon,,,
Corrupted Night Dragon,,,
Corrupted Whipper Root,,,
Corrupted Night Dragon,,,
Libram of Rumination,,,
Corrupted Songflower,,,
Corrupted Songflower,,,
Corrupted Windblossom,,,
Corrupted Windblossom,,,
Libram of Constitution,,,
Libram of Tenacity,,,
Libram of Resilience,,,
Libram of Voracity,,,
Beware of Pterrordax,,,
Volcanic Activity,,,
Melding of Influences,,,
Locked Away,,,
Locked Away,,,
Dragonscale Leatherworking,,,
Tribal Leatherworking,,,
Elemental Leatherworking,,,
Dragonscale Leatherworking,,,
Elemental Leatherworking,,,
Tribal Leatherworking,,,
Pamela's Doll,,,
Dadanga is Hungry!,,,
Dousing the Flames of Protection,,,
Defenders of Darrowshire,,,
Target: Dalson's Tears,,,
Dalson's Tears Cauldron,,,
Target: Writhing Haunt,,,
Writhing Haunt Cauldron,,,
Target: Dalson's Tears,,,
Target: Writhing Haunt,,,
Minion's Scourgestones,,,
Invader's Scourgestones,,,
Corruptor's Scourgestones,,,
Corruptor's Scourgestones,,,
Invader's Scourgestones,,,
Minion's Scourgestones,,,
Corruptor's Scourgestones,,,
Invader's Scourgestones,,,
Minion's Scourgestones,,,
Salve via Hunting,,,
Salve via Mining,,,
Salve via Gathering,,,
Salve via Skinning,,,
Salve via Disenchanting,,,
Salve via Hunting,,,
Salve via Mining,,,
Salve via Gathering,,,
Salve via Skinning,,,
Salve via Disenchanting,,,
A Plague Upon Thee,,,
A Plague Upon Thee,,,
Zaeldarr the Outcast,,,
Runecloth,,,
Sacred Cloth,,,
Augustus' Receipt Book,,,
Again With the Zapped Giants,,,
Refuel for the Zapping,,,
Arena Grandmaster,,,
More Resource Crates,,,
The Battle for Arathi Basin!,,,
The Battle for Arathi Basin!,,,
More Resource Crates,,,
Deadly Desert Venom,,,
Securing the Supply Lines,,,
Deadwood of the North,,,
Feathers for Grazle,,,
Feathers for Nafien,,,
Betrayed,,,
"Are We There, Yeti?",,,
Disharmony of Fire,,,
It's Dangerous to Go Alone,,,
Incendius!,,,
FIFTY! YEP!,,,
The Good Stuff,,,
The Bait for Lar'korwi,,,
... and a Batch of Ooze,,,
Wild Guardians,,,
Strange Sources,,,
A Matter of Time,,,
Counting Out Time,,,
Counting Out Time,,,
The Wildlife Suffers Too,,,
Ursius of the Shardtooth,,,
Threat of the Winterfall,,,
Toxic Horrors,,,
All Along the Watchtowers,,,
All Along the Watchtowers,,,
A Strange Historian,,,
The Annals of Darrowshire,,,
Heroes of Darrowshire,,,
Troubled Spirits of Kel'Theril,,,
Fragments of the Past,,,
Demon Dogs,,,
Blood Tinged Skies,,,
Carrion Grubbage,,,
Unfinished Business,,,
Beads for Salfa,,,
Skeletal Fragments,,,
Hive in the Tower,,,
The Stones That Bind Us,,,
Winterfall Runners,,,
Villains of Darrowshire,,,
Retribution of the Light,,,
Fragments of the Past,,,
Skeletal Fragments,,,
Of Forgotten Memories,,,
Fire Plume Forged,,,
Fire Plume Forged,,,
Unfinished Business,,,
Stormers and Rumblers,,,
Lethtendris's Web,,,
Lethtendris's Web,,,
Noggle's Last Hope,,,
Stepping Up Security,,,
Kitchen Assistance,,,
"Are We There, Yeti?",,,
The Name of the Beast,,,
Azsharite,,,
A Taste of Flame,,,
The Rise of the Machines,,,
Precarious Predicament,,,
Operation: Death to Angerforge,,,
Wild Guardians,,,
The Final Tablets,,,
Brumeran of the Chillwind,,,
The Lost Tablets of Mosh'aru,,,
"Are We There, Yeti?",,,
Target: Gahrron's Withering,,,
Gahrron's Withering Cauldron,,,
Target: Gahrron's Withering,,,
A Final Blow,,,
Plagued Hatchlings,,,
Of Lost Honor,,,
To Kill With Purpose,,,
Unfinished Business,,,
That's Asking A Lot,,,
"When Smokey Sings, I Get Violent",,,
Un-Life's Little Annoyances,,,
Pusillin and the Elder Azj'Tordin,,,
Noggle's Lost Satchel,,,
The Twilight Mystery,,,
Winterfall Activity,,,
The So-Called Mark of the Lightbringer,,,
Defiling Uther's Tomb,,,
The Mark of the Lightbringer,,,
Fel Orc Scavengers,,,
Ill Omens,,,
Cursed Talismans,,,
The Royal Rescue,,,
The Fate of the Kingdom,,,
Put Her Down,,,
Wild Guardians,,,
The Pack Mistress,,,
Kibler's Exotic Pets,,,
En-Ay-Es-Tee-Why,,,
Enraged Wildkin,,,
Bijou's Belongings,,,
Bijou's Belongings,,,
High Chief Winterfall,,,
"Wanted - Deathclasp, Terror of the Sands",,,
True Believers,,,
Still Believing,,,
"Alas, Andorhal",,,
"Alas, Andorhal",,,
Luck Be With You,,,
A Broken Trap,,,
Unfinished Gordok Business,,,
An Extraordinary Egg,,,
A Fine Egg,,,
An Ordinary Egg,,,
A Bad Egg,,,
Uniting the Shattered Amulet,,,
"You Are Rakh'likh, Demon",,,
"Avast Ye, Admiral!",,,
Egg Collection,,,
Seal of Ascension,,,
Seal of Ascension,,,
Doomrigger's Clasp,,,
The Darkstone Tablet,,,
Dawn's Gambit,,,
Frostsaber E'ko,,,
Winterfall E'ko,,,
Shardtooth E'ko,,,
Chillwind E'ko,,,
Ice Thistle E'ko,,,
Frostmaul E'ko,,,
Wildkin E'ko,,,
Urok Doomhowl,,,
Warlord's Command,,,
Frostsaber Provisions,,,
For The Horde!,,,
Shy-Rotam,,,
Cap of the Scarlet Savant,,,
Leggings of Arcana,,,
Breastplate of Bloodthirst,,,
Maxwell's Mission,,,
General Drakkisath's Demise,,,
The Medallion of Faith,,,
Fiery Plate Gauntlets,,,
The Demon Forge,,,
Breastplate of the Chromatic Flight,,,
Legplates of the Chromatic Defier,,,
Winterfall Intrusion,,,
Marauders of Darrowshire,,,
The Flesh Does Not Lie,,,
The Active Agent,,,
The Great Fras Siabi,,,
Houses of the Holy,,,
The Archivist,,,
Above and Beyond,,,
The Restless Souls,,,
Sweet Serenity,,,
Snakestone of the Shadow Huntress,,,
Corruption,,,
Barov Family Fortune,,,
The Last Barov,,,
Barov Family Fortune,,,
The Last Barov,,,
"Doctor Theolen Krastinov, the Butcher",,,
Kirtonos the Herald,,,
"The Human, Ras Frostwhisper",,,
"The Lich, Ras Frostwhisper",,,
Mantles of the Dawn,,,
Mantles of the Dawn,,,
Mantles of the Dawn,,,
Krastinov's Bag of Horrors,,,
Chromatic Mantle of the Dawn,,,
The Gordok Ogre Suit,,,
The Gordok Ogre Suit,,,
Chromatic Mantle of the Dawn,,,
Chromatic Mantle of the Dawn,,,
Free Knot!,,,
Shards of the Felvine,,,
A Reliquary of Purity,,,
The Battle of Darrowshire,,,
Araj's Scarab,,,
Araj's Scarab,,,
Of Love and Family,,,
Rampaging Giants,,,
Hameya's Plea,,,
The Ranger Lord's Behest,,,
"Duskwing, Oh How I Hate Thee...",,,
The Corpulent One,,,
The Crimson Courier,,,
Nathanos' Ruse,,,
"The Scarlet Oracle, Demetria",,,
Ramstein,,,
The Eastern Plagues,,,
Order Must Be Restored,,,
Oculus Illusions,,,
"The Test of Skulls, Scryer",,,
"The Test of Skulls, Somnus",,,
"The Test of Skulls, Chronalis",,,
"The Test of Skulls, Axtroz",,,
Blood of the Black Dragon Champion,,,
"Favor Amongst the Brotherhood, Dark Iron Ore",,,
"Favor Amongst the Brotherhood, Fiery Core",,,
"Favor Amongst the Brotherhood, Lava Core",,,
"Favor Amongst the Brotherhood, Core Leather",,,
"Favor Amongst the Brotherhood, Blood of the Mountain",,,
Eye of the Emberseer,,,
The Molten Core,,,
Hands of the Enemy,,,
Zinfizzlex's Portable Shredder Unit,,,
Zinfizzlex's Portable Shredder Unit,,,
The Legend of Korrak,,,
Korrak the Bloodrager,,,
A Fair Trade,,,
Arrows Are For Sissies,,,
Favor Amongst the Darkspear,,,
Ally of the Tauren,,,
The Return of Korrak,,,
Korrak the Everliving,,,
Wanted: DWARVES!,,,
What the Hoof?,,,
Free Knot!,,,
The Madness Within,,,
Libram of Rapidity,,,
Libram of Focus,,,
Libram of Protection,,,
Attunement to the Core,,,
A Binding Contract,,,
Imperial Plate Belt,,,
Imperial Plate Boots,,,
Imperial Plate Bracer,,,
Imperial Plate Chest,,,
Imperial Plate Helm,,,
Imperial Plate Leggings,,,
Imperial Plate Shoulders,,,
Unfinished Gordok Business,,,
Restoring Fiery Flux Supplies via Kingsblood,,,
Gaining Even More Acceptance,,,
Thunderaan the Windseeker,,,
A Donation of Wool,,,
A Donation of Wool,,,
A Donation of Silk,,,
A Donation of Mageweave,,,
A Donation of Runecloth,,,
Additional Runecloth,,,
A Donation of Silk,,,
A Donation of Mageweave,,,
A Donation of Runecloth,,,
Additional Runecloth,,,
A Donation of Wool,,,
A Donation of Silk,,,
A Donation of Mageweave,,,
A Donation of Runecloth,,,
Additional Runecloth,,,
A Donation of Wool,,,
A Donation of Silk,,,
A Donation of Mageweave,,,
A Donation of Runecloth,,,
Additional Runecloth,,,
A Donation of Wool,,,
A Donation of Silk,,,
A Donation of Mageweave,,,
A Donation of Runecloth,,,
Additional Runecloth,,,
A Donation of Wool,,,
A Donation of Silk,,,
A Donation of Mageweave,,,
A Donation of Runecloth,,,
A Donation of Runecloth,,,
Additional Runecloth,,,
A Donation of Wool,,,
A Donation of Silk,,,
A Donation of Mageweave,,,
Additional Runecloth,,,
A Donation of Wool,,,
A Donation of Silk,,,
A Donation of Mageweave,,,
A Donation of Runecloth,,,
Additional Runecloth,,,
Attunement to the Core,,,
Warsong Outriders <NYI> <TXT>,,,
"Zulian, Razzashi, and Hakkari Coins",,,
Essence Mangoes,,,
A Collection of Heads,,,
"Gurubashi, Vilebranch, and Witherbark Coins",,,
"Sandfury, Skullsplitter, and Bloodscalp Coins",,,
Restoring Fiery Flux Supplies via Iron,,,
Restoring Fiery Flux Supplies via Heavy Leather,,,
Zanza's Potent Potables,,,
Signets of the Zandalar,,,
Junkboxes Needed,,,
The Twilight Lexicon,,,
What Tomorrow Brings,,,
Only One May Rise,,,
More Resource Crates,,,
More Resource Crates,,,
The Path of the Righteous,,,
The Hand of the Righteous,,,
Dearest Natalia,,,
Into The Maw of Madness,,,
Glyph Chasing,,,
Breaking the Code,,,
The Calling,,,
Secret Communication,,,
Encrypted Twilight Texts,,,
Twilight Geolords,,,
Vyral the Vile,,,
Dukes of the Council,,,
Medallion of Station,,,
Lords of the Council,,,
Twilight Ring of Lordship,,,
Signet of the Dukes,,,
Scepter of the Council,,,
Abyssal Contacts,,,
Abyssal Crests,,,
Abyssal Signets,,,
Abyssal Scepters,,,
The Root of All Evil,,,
The Alliance Needs Copper Bars!,,,
The Alliance Needs More Copper Bars!,,,
The Alliance Needs Iron Bars!,,,
The Alliance Needs More Iron Bars!,,,
Bandages for the Field,,,
Desert Survival Kits,,,
Twilight Battle Orders,,,
The Alliance Needs Thorium Bars!,,,
The Alliance Needs More Thorium Bars!,,,
Target: Hive'Ashi Stingers,,,
Target: Hive'Ashi Workers,,,
The Alliance Needs Stranglekelp!,,,
The Alliance Needs More Stranglekelp!,,,
The Alliance Needs Purple Lotus!,,,
The Alliance Needs More Purple Lotus!,,,
Field Duty,,,
Field Duty Papers,,,
The Alliance Needs Arthas' Tears!,,,
The Alliance Needs More Arthas' Tears!,,,
The Alliance Needs Light Leather!,,,
The Alliance Needs More Light Leather!,,,
The Alliance Needs Medium Leather!,,,
The Alliance Needs More Medium Leather!,,,
The Alliance Needs Thick Leather!,,,
The Alliance Needs More Thick Leather!,,,
The Alliance Needs Linen Bandages!,,,
The Alliance Needs More Linen Bandages!,,,
The Alliance Needs Silk Bandages!,,,
The Alliance Needs More Silk Bandages!,,,
The Alliance Needs Runecloth Bandages!,,,
The Alliance Needs More Runecloth Bandages!,,,
The Alliance Needs Rainbow Fin Albacore!,,,
The Alliance Needs More Rainbow Fin Albacore!,,,
The Alliance Needs Roast Raptor!,,,
The Alliance Needs More Roast Raptor!,,,
The Alliance Needs Spotted Yellowtail!,,,
The Alliance Needs More Spotted Yellowtail!,,,
The Horde Needs Copper Bars!,,,
The Horde Needs More Copper Bars!,,,
Hive'Zora Scout Report,,,
Hoary Templar,,,
Earthen Templar,,,
Crimson Templar,,,
The Four Dukes,,,
Target: Hive'Zora Hive Sisters,,,
Boots for the Guard,,,
Grinding Stones for the Guard,,,
The Horde Needs Tin Bars!,,,
The Horde Needs More Tin Bars!,,,
The Horde Needs Mithril Bars!,,,
The Horde Needs More Mithril Bars!,,,
Volunteer's Battlegear,,,
The Horde Needs Peacebloom!,,,
The Horde Needs More Peacebloom!,,,
Veteran's Battlegear,,,
Champion's Battlegear,,,
Stalwart's Battlegear,,,
Scrying Goggles? No Problem!,,,
The Horde Needs Firebloom!,,,
The Horde Needs More Firebloom!,,,
The Horde Needs Purple Lotus!,,,
The Horde Needs More Purple Lotus!,,,
The Isle of Dread!,,,
Dirge's Kickin' Chimaerok Chops,,,
The Horde Needs Heavy Leather!,,,
The Horde Needs More Heavy Leather!,,,
The Horde Needs Thick Leather!,,,
The Horde Needs More Thick Leather!,,,
Mortal Champions,,,
The Horde Needs Rugged Leather!,,,
The Horde Needs More Rugged Leather!,,,
The Horde Needs Wool Bandages!,,,
The Horde Needs More Wool Bandages!,,,
Decoy!,,,
The Horde Needs Mageweave Bandages!,,,
The Horde Needs More Mageweave Bandages!,,,
The Horde Needs Runecloth Bandages!,,,
The Horde Needs More Runecloth Bandages!,,,
The Horde Needs Lean Wolf Steaks!,,,
The Horde Needs More Lean Wolf Steaks!,,,
The Horde Needs Spotted Yellowtail!,,,
The Horde Needs More Spotted Yellowtail!,,,
The Horde Needs Baked Salmon!,,,
The Horde Needs More Baked Salmon!,,,
The Only Prescription,,,
Target: Hive'Zora Tunnelers,,,
The Good News and The Bad News,,,
The Wrath of Neptulon,,,
Nefarius's Corruption,,,
Field Duty,,,
Field Duty Papers,,,
The Nightmare's Corruption,,,
Azure Templar,,,
Hive'Regal Scout Report,,,
Hive'Ashi Scout Report,,,
Twilight Marauders,,,
The Path of the Protector,,,
The Path of the Protector,,,
The Path of the Protector,,,
The Protector of Kalimdor,,,
The Path of the Conqueror,,,
The Path of the Conqueror,,,
The Path of the Conqueror,,,
The Qiraji Conqueror,,,
The Path of the Invoker,,,
The Path of the Invoker,,,
The Path of the Invoker,,,
The Grand Invoker,,,
The Changing of Paths - Protector No More,,,
The Changing of Paths - Invoker No More,,,
The Changing of Paths - Conqueror No More,,,
Target: Hive'Ashi Defenders,,,
Target: Hive'Ashi Sandstalkers,,,
Target: Hive'Zora Waywatchers,,,
Target: Hive'Zora Reavers,,,
Target: Hive'Regal Ambushers,,,
Target: Hive'Regal Spitfires,,,
Target: Hive'Regal Slavemakers,,,
Target: Hive'Regal Burrowers,,,
The Ironforge Brigade Needs Explosives!,,,
Scrying Materials,,,
Armor Kits for the Field,,,
Arms for the Field,,,
Uniform Supplies,,,
Extraordinary Materials,,,
The Orgrimmar Legion Needs Mojo!,,,
Arms for the Field,,,
Armor Kits for the Field,,,
Imperial Qiraji Armaments,,,
Imperial Qiraji Regalia,,,
Desert Survival Kits,,,
Boots for the Guard,,,
Grinding Stones for the Guard,,,
Scrying Materials,,,
Uniform Supplies,,,
Extraordinary Materials,,,
Bandages for the Field,,,
One Commendation Signet,,,
One Commendation Signet,,,
One Commendation Signet,,,
One Commendation Signet,,,
One Commendation Signet,,,
One Commendation Signet,,,
One Commendation Signet,,,
One Commendation Signet,,,
Ten Commendation Signets,,,
Ten Commendation Signets,,,
Ten Commendation Signets,,,
Ten Commendation Signets,,,
Ten Commendation Signets,,,
Ten Commendation Signets,,,
Ten Commendation Signets,,,
Ten Commendation Signets,,,
The Ultimate Deception,,,
One Commendation Signet,,,
Ten Commendation Signets,,,
One Commendation Signet,,,
Ten Commendation Signets,,,
One Commendation Signet,,,
Ten Commendation Signets,,,
One Commendation Signet,,,
Ten Commendation Signets,,,
One Commendation Signet,,,
Ten Commendation Signets,,,
One Commendation Signet,,,
Ten Commendation Signets,,,
One Commendation Signet,,,
Ten Commendation Signets,,,
Thirty Signets for War Supplies,,,
Thirty Signets for War Supplies,,,
The Ectoplasmic Distiller,,,
Hunting for Ectoplasm,,,
A Portable Power Source,,,
A Shifty Merchant,,,
Dead Man's Plea,,,
Anthion's Strange Request,,,
Falrin's Vendetta,,,
The Instigator's Enchantment,,,
Three Kings of Flame,,,
I See Alcaz Island In Your Future...,,,
Final Preparations,,,
"Mea Culpa, Lord Valthalak",,,
Return to Bodley,,,
The Challenge,,,
The Perfect Poison,,,
Echoes of War,,,
The Dread Citadel - Naxxramas,,,
The Dread Citadel - Naxxramas,,,
Cryptstalker Armor Doesn't Make Itself...,,,
Crypt Fiend Parts,,,
Bonescythe Digs,,,
Bone Fragments,,,
The Elemental Equation,,,
Core of Elements,,,
Binding the Dreadnaught,,,
Dark Iron Scraps,,,
Savage Flora,,,
Savage Fronds,,,
"They Call Me \""The Rooster\""",,,
Craftsman's Writ,,,
Writ of Safe Passage,,,
Craftsman's Writ - Dense Weightstone,,,
Craftsman's Writ - Imperial Plate Chest,,,
Craftsman's Writ - Volcanic Hammer,,,
Craftsman's Writ - Huge Thorium Battleaxe,,,
Craftsman's Writ - Radiant Circlet,,,
Craftsman's Writ - Wicked Leather Headband,,,
Craftsman's Writ - Rugged Armor Kit,,,
Craftsman's Writ - Wicked Leather Belt,,,
Craftsman's Writ - Runic Leather Pants,,,
Craftsman's Writ - Brightcloth Pants,,,
Craftsman's Writ - Runecloth Boots,,,
Craftsman's Writ - Runecloth Bag,,,
Craftsman's Writ - Runecloth Robe,,,
Craftsman's Writ - Goblin Sapper Charge,,,
Craftsman's Writ - Thorium Grenade,,,
Craftsman's Writ - Gnomish Battle Chicken,,,
Craftsman's Writ - Thorium Tube,,,
Craftsman's Writ - Major Mana Potion,,,
Craftsman's Writ - Greater Arcane Protection Potion,,,
Craftsman's Writ - Major Healing Potion,,,
Craftsman's Writ - Potion of Petrification,,,
Craftsman's Writ - Stonescale Eel,,,
Craftsman's Writ - Plated Armorfish,,,
Craftsman's Writ - Lightning Eel,,,
The Savage Guard - Arcanum of Protection,,,
The Savage Guard - Arcanum of Rapidity,,,
The Savage Guard - Arcanum of Focus,,,
The Ice Guard,,,
The Shadow Guard,,,
Superior Armaments of Battle - Friend of the Dawn,,,
Epic Armaments of Battle - Friend of the Dawn,,,
Superior Armaments of Battle - Honored Amongst the Dawn,,,
Epic Armaments of Battle - Honored Amongst the Dawn,,,
Epic Armaments of Battle - Revered Amongst the Dawn,,,
Superior Armaments of Battle - Revered Amongst the Dawn,,,
Superior Armaments of Battle - Exalted Amongst the Dawn,,,
Epic Armaments of Battle - Exalted Amongst the Dawn,,,
Glacial Cloak,,,
A Humble Offering,,,
"Atiesh, the Befouled Greatstaff",,,
"Atiesh, Greatstaff of the Guardian",,,
"Atiesh, Greatstaff of the Guardian",,,
"Atiesh, Greatstaff of the Guardian",,,
"Atiesh, Greatstaff of the Guardian",,,
Allegiance to Cenarion Circle,,,
Scouring the Desert,,,
Scouring the Desert,,,
The Zapthrottle Mote Extractor!,,,
The Zapthrottle Mote Extractor!,,,
Establishing New Outposts,,,
Bolstering Our Defenses,,,
Hellfire Fortifications,,,
Hellfire Fortifications,,,
Into the Breach,,,
A Donation of Wool,,,
A Donation of Silk,,,
A Donation of Mageweave,,,
A Donation of Runecloth,,,
Additional Runecloth,,,
A Donation of Wool,,,
A Donation of Silk,,,
A Donation of Mageweave,,,
A Donation of Runecloth,,,
Additional Runecloth,,,
Bonechewer Blood,,,
Warlord of the Bleeding Hollow,,,
Boiling Blood,,,
One Commendation Signet,,,
Ten Commendation Signets,,,
One Commendation Signet,,,
Ten Commendation Signets,,,
Wanted: Worg Master Kruush,,,
Zeth'Gor Must Burn!,,,
Hellfire Fortifications,,,
Hellfire Fortifications,,,
Gaining Acceptance,,,
The Crimson Courier,,,
Preparing the Salve,,,
Ravager Egg Roundup,,,
Voidwalkers Gone Wild,,,
A Job for an Intelligent Man,,,
Smooth as Butter,,,
"Helboar, the Other White Meat",,,
No More Mushrooms!,,,
The Path of Glory,,,
Unyielding Souls,,,
"Waste Not, Want Not",,,
Looking to the Leadership,,,
An Old Gift,,,
Laying Waste to the Unwanted,,,
When This Mine's a-Rockin',,,
I Work... For the Horde!,,,
Burn It Up... For the Horde!,,,
The Mastermind,,,
Felspark Ravine,,,
The Path of Anguish,,,
In Case of Emergency...,,,
Make Them Listen,,,
The Battle Horn,,,
Outland Sucks!,,,
How to Serve Goblins,,,
Bloody Vengeance,,,
The Warp Rifts,,,
Void Ridge,,,
The Agony and the Darkness,,,
Forge Camp: Mageddon,,,
Cannons of Rage,,,
Doorway to the Abyss,,,
Disruption - Forge Camp: Mageddon,,,
Enemy of my Enemy...,,,
Invasion Point: Annihilator,,,
The Heart of Darkness,,,
Shizz Work,,,
Beneath Thrallmar,,,
Zeth'Gor Must Burn!,,,
The Demoniac Scryer,,,
A Burden of Souls,,,
Fel Spirits,,,
Digging for Prayer Beads,,,
Fei Fei's Treat,,,
The Exorcism of Colonel Jules,,,
The Great Fissure,,,
In Need of Felblood,,,
The Cleansing Must Be Stopped,,,
Arelion's Journal,,,
Marking the Path,,,
Magic of the Arakkoa,,,
Birds of a Feather,,,
Deadly Predators,,,
The Assassin,,,
A Spirit Guide,,,
The Finest Down,,,
The Pools of Aggonar,,,
Cleansing the Waters,,,
Arelion's Mistress,,,
Life's Finer Pleasures,,,
Gaining Mirren's Trust,,,
Weaken the Ramparts,,,
Weaken the Ramparts,,,
The Umbrafen Tribe,,,
There's No Explanation for Fashion,,,
Menacing Marshfangs,,,
Jyoba's Report,,,
Thick Hydra Scales,,,
Fulgor Spores,,,
Umbrafen Eel Filets,,,
Too Many Mouths to Feed,,,
The Dead Mire,,,
An Unnatural Drought,,,
The Boha'mu Ruins,,,
Idols of the Feralfen,,,
"A Damp, Dark Place",,,
Diaphanous Wings,,,
Menacing Marshfangs,,,
Gathering the Reagents,,,
Messenger to the Feralfen,,,
Spirits of the Feralfen,,,
Safeguarding the Watchers,,,
The Dying Balance,,,
Blacksting's Bane,,,
Nothin' Says Lovin' Like a Big Stinger,,,
A Job Undone,,,
Unfinished Business,,,
Saving the Sporeloks,,,
Mission: Gateways Murketh and Shaadraz,,,
Disrupt Their Reinforcements,,,
Mission: The Murketh and Shaadraz Gateways,,,
Mission: The Abyssal Shelf,,,
Mission: The Abyssal Shelf,,,
Disrupt Their Reinforcements,,,
Return to the Abyssal Shelf,,,
Return to the Abyssal Shelf,,,
Withered Flesh,,,
A Traitor Among Us,,,
The Dreghood Elders,,,
Arzeth's Demise,,,
The Eyes of Grillok,,,
"Grillok \""Darkeye\""",,,
The Eyes of Skettis,,,
Arakkoa War Path,,,
Thin the Flock,,,
Drill the Drillmaster,,,
Demonic Contamination,,,
A Pilgrim's Plight,,,
Trueflight Arrows,,,
An Ambitious Plan,,,
Rampaging Ravagers,,,
Source of the Corruption,,,
Cruel Taskmasters,,,
The Arakkoa Threat,,,
Makuru's Vengeance,,,
Sha'naar Relics,,,
A Debilitating Sickness,,,
Administering the Salve,,,
Wanted: Blacktalon the Savage,,,
The Rock Flayer Matriarch,,,
The Seer's Relic,,,
The Blood is Life,,,
The Blood is Life,,,
Heart of Rage,,,
Heart of Rage,,,
Observing the Sporelings,,,
Familiar Fungi,,,
Disturbance at Umbrafen Lake,,,
As the Crow Flies,,,
Drain Schematics,,,
The Sporelings' Plight,,,
More Spore Sacs,,,
Escape from Umbrafen,,,
Plants of Zangarmarsh,,,
Leader of the Bloodscale,,,
Strange Energy,,,
Clues in the Thicket,,,
Olemba Seeds,,,
Olemba Seed Oil,,,
Unruly Neighbors,,,
An Unwelcome Presence,,,
Vessels of Power,,,
Colossal Menace,,,
Cruel's Intentions,,,
Keep Thornfang Hill Clear!,,,
Testing the Antidote,,,
From the Abyss,,,
Natural Remedies,,,
Overlord,,,
The Foot of the Citadel,,,
Before Darkness Falls,,,
A Question of Gluttony,,,
Stealing Back the Mushrooms,,,
Balance Must Be Preserved,,,
Now That We're Friends...,,,
Now That We're Still Friends...,,,
A Warm Welcome,,,
Leader of the Darkcrest,,,
Natural Enemies,,,
More Tendrils!,,,
Identify Plant Parts,,,
Blessings of the Ancients,,,
Fertile Spores,,,
More Fertile Spores,,,
Glowcap Mushrooms,,,
More Glowcaps,,,
"Burstcap Mushrooms, Mon!",,,
Have You Ever Seen One of These?,,,
WANTED: Boss Grog'ak,,,
Impending Attack,,,
Us or Them,,,
Stinger Venom,,,
Lines of Communication,,,
Natural Armor,,,
Ango'rosh Encroachment,,,
Overlord Gorefist,,,
Stinging the Stingers,,,
The Sharpest Blades,,,
Angling to Beat the Competition,,,
A Spirit Ally?,,,
Secrets of the Daggerfen,,,
The Terror of Marshlight Lake,,,
The Biggest of Them All,,,
Pursuing Terrorclaw,,,
Maktu's Revenge,,,
It's Watching You!,,,
Stymying the Arakkoa,,,
Stymying the Arakkoa,,,
Investigate Tuurem,,,
Attack on Firewing Point,,,
Attack on Firewing Point,,,
The Firewing Liaison,,,
The Firewing Liaison,,,
Thinning the Ranks,,,
What Happens in Terokkar Stays in Terokkar,,,
Timber Worg Tails,,,
Strained Supplies,,,
Vestments of the Wolf Spirit,,,
More Venom Sacs,,,
A Cure for Zahlia,,,
Restoring the Light,,,
The Elusive Ironjaw,,,
Patriarch Ironjaw,,,
Magical Disturbances,,,
Magical Disturbances,,,
Rather Be Fishin',,,
A Personal Favor,,,
Daggerfen Deviance,,,
Wanted: Chieftain Mummaki,,,
Wanted: Chieftain Mummaki,,,
Message to the Daggerfen,,,
Test Flight: Ruuan Weald,,,
Welcoming the Wolf Spirit,,,
Veil Rhaze: Unliving Evil,,,
Missing Friends,,,
Veil Lithic: Preemptive Strike,,,
The Shadow Tomb,,,
Bring Me Another Shrubbery!,,,
Bring Me A Shrubbery!,,,
"Oh, It's On!",,,
Stalk the Stalker,,,
Lost in Action,,,
A Rare Bean,,,
Agitated Spirits of Skysong,,,
Blessing of Incineratus,,,
The Tortured Earth,,,
Windroc Mastery,,,
Talbuk Mastery,,,
Don't Kill the Fat One,,,
Message in a Battle,,,
Standards and Practices,,,
Do My Eyes Deceive Me,,,
Not On My Watch!,,,
The Ruins of Burning Blade,,,
HELP!,,,
Voren'thal's Visions,,,
More Basilisk Eyes,,,
Recover the Bones,,,
Helping the Lost Find Their Way,,,
Wanted: Bonelashers Dead!,,,
Wanted: Bonelashers Dead!,,,
Torgos!,,,
Torgos!,,,
Who Are They?,,,
Who Are They?,,,
Kill the Shadow Council!,,,
Kill the Shadow Council!,,,
"And Now, the Moment of Truth",,,
Marks of Kil'jaeden,,,
More Marks of Kil'jaeden,,,
Single Mark of Kil'jaeden,,,
Firewing Signets,,,
The Final Code,,,
The Final Code,,,
The Softest Wings,,,
The Tomb of Lights,,,
Vengeful Souls,,,
Taken in the Night,,,
Veil Shalas: Signal Fires,,,
The Infested Protectors,,,
An Improper Burial,,,
A Hero Is Needed,,,
The Fallen Exarch,,,
The Outcast's Plight,,,
More Feathers,,,
For the Fallen,,,
Terokkarantula,,,
Evil Draws Near,,,
Killing the Crawlers,,,
Killing the Crawlers,,,
Fumping,,,
The Big Bone Worm,,,
Clefthoof Mastery,,,
The Spirit Polluted,,,
Muck Diving,,,
Eating Damnation,,,
Talbuk Mastery,,,
Talbuk Mastery,,,
Vile Idolatry,,,
Stealing from Thieves,,,
More Crystal Fragments,,,
An Audacious Advance,,,
A Head Full of Ivory,,,
More Heads Full of Ivory,,,
Bleeding Hollow Supply Crates,,,
The Twin Clefts of Nagrand,,,
Corki's Gone Missing Again!,,,
Matters of Security,,,
Ruthless Cunning,,,
Armaments for Deception,,,
Returning the Favor,,,
Body of Evidence,,,
Wanted: Giselda the Crone,,,
Wanted: Giselda the Crone,,,
Wanted: Zorbo the Advisor,,,
Wanted: Zorbo the Advisor,,,
I Must Have Them!,,,
Bring Me The Egg!,,,
Undercutting the Competition,,,
Safety Is Job One,,,
The Encroaching Wilderness,,,
Marauding Wolves,,,
Protecting Our Own,,,
The Encroaching Wilderness,,,
Dust from the Drakes,,,
Protecting Our Own,,,
Felling an Ancient Tree,,,
The Bloodmaul Ogres,,,
The Bladespire Threat,,,
The Bladespire Ogres,,,
The Bloodmaul Ogres,,,
A Dire Situation,,,
Into the Draenethyst Mine,,,
Strange Brew,,,
Getting the Bladespire Tanked,,,
The Trappings of a Vindicator,,,
Thunderlord Clan Artifacts,,,
Vision Guide,,,
They Stole Me Hookah and Me Brews!,,,
A Curse Upon Both of Your Clans!,,,
Bladespire Kegger,,,
Malaise,,,
Scratches,,,
The Stones of Vekh'nir,,,
Trial and Error,,,
Creating the Pendant,,,
Silkwing Cocoons,,,
The Den Mother,,,
The Dread Relic,,,
Shattering the Veil,,,
Clefthoof Mastery,,,
Clefthoof Mastery,,,
Gurok the Usurper,,,
Windroc Mastery,,,
Windroc Mastery,,,
Murkblood Corrupters,,,
Once Were Warriors,,,
Murkblood Leaders...,,,
Ortor My Old Friend...,,,
Stopping the Spread,,,
Solving the Problem,,,
More Obsidian Warbeads,,,
Obsidian Warbeads,,,
Gava'xi,,,
Wanted: Durn the Hungerer,,,
Wanted: Durn the Hungerer,,,
War on the Warmaul,,,
Cho'war the Pillager,,,
Finding the Survivors,,,
Cho'war the Pillager,,,
The Ravaged Caravan,,,
Oshu'gun Crystal Powder,,,
Oshu'gun Crystal Powder,,,
Oshu'gun Crystal Powder,,,
Oshu'gun Crystal Powder,,,
Everything Will Be Alright,,,
Vision of the Dead,,,
Levixus the Soul Caller,,,
Fierce Enemies,,,
Proving Your Strength,,,
"Gorr'Dim, Your Time Has Come...",,,
Planting the Banner,,,
The Thunderspike,,,
"Grimnok and Korgaah, I Am For You!",,,
Picking Up Some Power Converters,,,
Crystal Clear,,,
"What Came First, the Drake or the Egg?",,,
Ridgespine Menace,,,
Cutting Your Teeth,,,
Ride the Lightning,,,
More than a Pound of Flesh,,,
Trapping the Light Fantastic,,,
...and a Time for Action,,,
On Spirit's Wings,,,
Into the Churning Gulch,,,
Poaching from Poachers,,,
The Smallest Creatures,,,
A Boaring Time for Grulloc,,,
Prisoner of the Bladespire,,,
Culling the Wild,,,
Little Embers,,,
From the Ashes,,,
Crush the Bloodmaul Camp,,,
A Date with Dorgok,,,
Crush the Bloodmaul Camp!,,,
Into the Churning Gulch,,,
"Goodnight, Gronn",,,
Massacre at Gruul's Lair,,,
Understanding the Mok'Nathal,,,
The Totems of My Enemy,,,
Spirit Calling,,,
Gather the Orbs,,,
Mok'Nathal Treats,,,
Longtail is the Lynchpin,,,
The Ultimate Bloodsport,,,
Buying Time,,,
The Master Planner,,,
Crackin' Some Skulls,,,
Forge Camp: Annihilated,,,
Material Components,,,
The Agitated Ancestors,,,
A Visit With The Ancestors,,,
Auchindoun...,,,
What the Soul Sees,,,
The Archmage's Staff,,,
Ar'kelos the Guardian,,,
Battle-Mage Dathric,,,
Malevolent Remnants,,,
A Fate Worse Than Death,,,
You're Hired!,,,
Manaforge B'naar,,,
Recharging the Batteries,,,
High Value Targets,,,
A Convincing Disguise,,,
That Little Extra Kick,,,
Pick Your Part,,,
Dr. Boom!,,,
Essence for the Engines,,,
Elemental Power Extraction,,,
Distraction at Manaforge B'naar,,,
Attack on Manaforge Coruu,,,
Wanted: Annihilator Servo!,,,
A Heap of Ethereals,,,
Taretha's Diversion,,,
Escape from Durnholde,,,
Shutting Down Manaforge B'naar,,,
Another Heap of Ethereals,,,
"It's a Fel Reaver, But with Heart",,,
Measuring Warp Energies,,,
Shutting Down Manaforge B'naar,,,
Securing the Shaleskin Shale,,,
Run a Diagnostic!,,,
Deal With the Saboteurs,,,
More Warbeads,,,
More Warbeads!,,,
Whispers of the Raven God,,,
Show Them Gnome Mercy!,,,
Breaking Down Netherock,,,
Gorgrom the Dragon-Eater,,,
Whelps of the Wyrmcult,,,
Maxnar Must Die!,,,
Slaughter at Boulder'mok,,,
Gorgrom the Dragon-Eater,,,
Slaughter at Boulder'mok,,,
Deceive thy Enemy,,,
You're Fired!,,,
Exorcising the Trees,,,
Since Time Forgotten...,,,
Slay the Brood Mother,,,
There Can Be Only One Response,,,
Harvesting the Fel Ammunition,,,
Fire At Will!,,,
The Hound-Master,,,
Nice Hat...,,,
Brother Against Brother,,,
Terokk's Legacy,,,
The Sigil of Krasus,,,
Krasus's Compendium,,,
Invaluable Asset Zapping,,,
Warp-Raider Nesaad,,,
Summoner Kanthin's Prize,,,
The Sunfury Garrison,,,
Down With Daellis,,,
In A Scrap With The Legion,,,
Torching Sunfury Hold,,,
One Demon's Trash...,,,
Declawing Doomclaw,,,
Potential Energy Source,,,
Building a Perimeter,,,
"You, Robot",,,
Finding the Keymaster,,,
Consortium Crystal Collection,,,
Rightful Repossession,,,
Hitting the Motherlode,,,
Rebuilding the Staff,,,
Unlocking the Compendium,,,
Abjurist Belmara,,,
Conjurer Luminrath,,,
Cohlien Frostweaver,,,
The Annals of Kirin'Var,,,
A Lingering Suspicion,,,
Capturing the Phylactery,,,
Destroy Naberius!,,,
Shutting Down Manaforge Coruu,,,
Shutting Down Manaforge Coruu,,,
Indispensable Tools,,,
Master Smith Rhonsus,,,
The Unending Invasion,,,
New Opportunities,,,
Diagnosis: Critical,,,
Flora of the Eco-Domes,,,
Creatures of the Eco-Domes,,,
When Nature Goes Too Far,,,
Keeping Up Appearances,,,
Retrieving the Goods,,,
All Clear!,,,
Besieged!,,,
To Legion Hold,,,
Blast the Infernals!,,,
The Sketh'lon Wreckage,,,
Setting Up the Bomb,,,
Minions of the Shadow Council,,,
The Fate of Flanis,,,
The Summoning Chamber,,,
Bring Down the Warbringer!,,,
Gaining Access,,,
Besieged!,,,
To Legion Hold,,,
Setting Up the Bomb,,,
Blast the Infernals!,,,
Minions of the Shadow Council,,,
The Fate of Kagrosh,,,
The Summoning Chamber,,,
Bring Down the Warbringer!,,,
Gaining Access,,,
The Art of Fel Reaver Maintenance,,,
The Art of Fel Reaver Maintenance,,,
The Fel and the Furious,,,
The Fel and the Furious,,,
A Haunted History,,,
Spectrecles,,,
Capture the Weapons,,,
Capture the Weapons,,,
A Ghost in the Machine,,,
Harbingers of Shadowmoon,,,
What Strange Creatures...,,,
Spleendid!,,,
Additional Materials,,,
Fresh from the Mechanar,,,
The Lexicon Demonica,,,
"Frankly, It Makes No Sense...",,,
The Second Course...,,,
A Grunt's Work...,,,
Put On Yer Kneepads...,,,
The Sketh'lon Wreckage,,,
Asghar's Totem,,,
The Rod of Lianthe,,,
Sketh'lon Feathers,,,
Imbuing the Headpiece,,,
Thwart the Dark Conclave,,,
"Fel Reavers, No Thanks!",,,
The Best Defense,,,
Teleport This!,,,
Bloody Imp-ossible!,,,
Turning the Tide,,,
Pride of the Fel Horde,,,
Fel Embers,,,
The Will of the Warchief,,,
Pride of the Fel Horde,,,
Imprisoned in the Citadel,,,
Imprisoned in the Citadel,,,
Kalynna's Request,,,
The Shade of Aran,,,
Nightbane,,,
The Master's Terrace,,,
Digging Up the Past,,,
The Warlord's Hideout,,,
Preparing for War,,,
Coilfang Armaments,,,
Arcane Disturbances,,,
Restless Activity,,,
Entry Into Karazhan,,,
The Second and Third Fragments,,,
Keanna's Log,,,
A Demonic Presence,,,
The Soul Devices,,,
Into the Heart of the Labyrinth,,,
Capturing the Keystone,,,
A Not-So-Modest Proposal,,,
Getting Down to Business,,,
A Promising Start,,,
Troublesome Distractions,,,
Securing the Celestial Ridge,,,
Full Triangle,,,
In Search of Farahlite,,,
Neutralizing the Nethermancers,,,
Dealing with the Overmaster,,,
Shutting Down Manaforge Duro,,,
Shutting Down Manaforge Ara,,,
Sunfury Briefings,,,
Surveying the Ruins,,,
The Minions of Culuthas,,,
Shutting Down Manaforge Duro,,,
The Ethereum,,,
Kick Them While They're Down,,,
The Flesh Lies...,,,
Arconus the Insatiable,,,
Shutting Down Manaforge Ara,,,
A Dark Pact,,,
Ethereum Data,,,
Potential for Brain Damage = High,,,
S-A-B-O-T-A-G-E,,,
Socrethar's Shadow,,,
Nexus-King Salhadaar,,,
Deathblow to the Legion,,,
Electro-Shock Goodness!,,,
Single Firewing Signet,,,
More Firewing Signets,,,
Synthesis of Power,,,
Arcane Tomes,,,
A Cleansing Light,,,
Fel Armaments,,,
Captain Tyralius,,,
Damning Evidence,,,
Recipe for Destruction,,,
On Nethery Wings,,,
Dimensius the All-Devouring,,,
Enraged Spirits of Fire and Earth,,,
Enraged Spirits of Water,,,
Enraged Spirits of Air,,,
Turning Point,,,
A Gift for Voren'thal,,,
I Was A Lot Of Things...,,,
A Lesson Learned,,,
The Cipher of Damnation - Grom'tor's Charge,,,
Demonic Crystal Prisons,,,
"Lohn'goron, Bow of the Torn-heart",,,
The Cipher of Damnation - Ar'tor's Charge,,,
Of Thistleheads and Eggs...,,,
Tablets of Baa'ri,,,
To Catch A Thistlehead,,,
Oronu the Elder,,,
The Ashtongue Corruptors,,,
The Shadowmoon Shuffle,,,
The Cipher of Damnation - Borak's Charge,,,
Karabor Training Grounds,,,
The Cipher of Damnation,,,
The Ashtongue Tribe,,,
Proof of Allegiance,,,
Divination: Gorefiend's Armor,,,
Divination: Gorefiend's Cloak,,,
Divination: Gorefiend's Truncheon,,,
A Necessary Distraction,,,
"Teron Gorefiend, I am...",,,
Against the Legion,,,
"Teron Gorefiend, I am...",,,
"Wanted: Uvuros, Scourge of Shadowmoon",,,
"Wanted: Uvuros, Scourge of Shadowmoon",,,
The Book of Fel Names,,,
Varedis Must Be Stopped,,,
Marks of Sargeras,,,
More Marks of Sargeras,,,
Single Mark of Sargeras,,,
Sunfury Signets,,,
More Sunfury Signets,,,
Single Sunfury Signet,,,
Underworld Loam,,,
Against the Illidari,,,
Against All Odds,,,
Tear of the Earthmother,,,
Felspine the Greater,,,
The Main Course!,,,
Quenching the Blade,,,
Tablets of Baa'ri,,,
Oronu the Elder,,,
The Ashtongue Corruptors,,,
Karabor Training Grounds,,,
A Necessary Distraction,,,
Varedis Must Be Stopped,,,
How to Break Into the Arcatraz,,,
The Ata'mal Terrace,,,
Showdown,,,
The Path of Conquest,,,
Breaching the Path,,,
Rohok's Request,,,
Hotter than Hell,,,
Dumphry's Request,,,
Hotter than Hell,,,
When Worlds Collide...,,,
Tabards of the Illidari,,,
Dissension Amongst the Ranks...,,,
The Path of Conquest,,,
Breaching the Path,,,
Blood Elf + Giant = ???,,,
Tabards of the Illidari,,,
Dissension Amongst the Ranks...,,,
Kindness,,,
Showdown,,,
The Ashtongue Broken,,,
Reclaiming Holy Grounds,,,
The Great Retribution,,,
Single Sunfury Signet,,,
More Sunfury Signets,,,
Sunfury Signets,,,
Marks of Sargeras,,,
More Marks of Sargeras,,,
Single Mark of Sargeras,,,
Becoming a Mooncloth Tailor,,,
Becoming a Spellfire Tailor,,,
Becoming a Shadoweave Tailor,,,
Infiltrating Dragonmaw Fortress,,,
To Netherwing Ledge!,,,
Nether Gas In a Fel Fire Engine,,,
The Force of Neltharaku,,,
Zuluhed the Whacked,,,
Harbinger of Doom,,,
Trial of the Naaru: Mercy,,,
Trial of the Naaru: Strength,,,
Master of Potions,,,
Master of Transmutation,,,
Master of Elixirs,,,
An Artifact From the Past,,,
Redemption of the Ashtongue,,,
The Fall of the Betrayer,,,
A Mission of Mercy,,,
Ethereum Secrets,,,
Ethereum Prisoner I.D. Catalogue,,,
A Thousand Worlds,,,
Stasis Chambers of Bash'ir,,,
Purging the Chambers of Bash'ir,,,
The Mark of the Nexus-King,,,
Nexus-Prince Shaffar's Personal Chamber,,,
Grulloc Has Two Skulls,,,
Maggoc's Treasure Chest,,,
Even Gronn Have Standards,,,
Grim(oire) Business,,,
Into the Soulgrinder,,,
World of Shadows,,,
Secrets of the Talonpriests,,,
More Shadow Dust,,,
Fires Over Skettis,,,
Netherwing Crystals,,,
Nethermine Flayer Hide,,,
Netherdust Pollen,,,
Nethercite Ore,,,
A Slow Death,,,
Bomb Them Again!,,,
The Crystals,,,
Banish the Demons,,,
Yous Have Da Darkrune?,,,
A Shabby Disguise,,,
Our Boy Wants To Be A Skyguard Ranger,,,
Archmage No More,,,
Protector No More,,,
Assassin No More,,,
Restorer No More,,,
The Not-So-Friendly Skies...,,,
A Job Unfinished...,,,
The Great Netherwing Egg Hunt,,,
Accepting All Eggs,,,
Banish More Demons,,,
Overseeing and You: Making the Right Choices,,,
The Booterang: A Cure For The Common Worthless Peon,,,
Hazzik's Bargain,,,
Guardian of the Monument,,,
A Crystalforged Darkrune,,,
A Father's Duty,,,
Wrangle Some Aether Rays!,,,
Wrangle More Aether Rays!,,,
Terokk's Downfall,,,
Tokens of the Descendants,,,
Picking Up The Pieces...,,,
Dragons are the Least of Our Problems,,,
To Rule The Skies,,,
A Fel Whip For Gahk,,,
Seeker of Truth,,,
Crazed and Confused,,,
Disrupting the Twilight Portal,,,
The Soul Cannon of Reth'hedron,,,
Hungry Nether Rays,,,
Threat from Above,,,
Sage No More,,,
Restorer No More,,,
Champion No More,,,
Defender No More,,,
"Promises, Promises...",,,
Tuskin' Raiders,,,
X Marks... Your Doom!,,,
Hex Lord? Hah!,,,
If Valgarde Falls...,,,
Rescuing the Rescuers,,,
Prisoners of Wyrmskull,,,
Dragonflayer Battle Plans,,,
Preying Upon the Weak,,,
I'll Try Anything!,,,
Wanted: Nazan's Riding Crop,,,
Wanted: Keli'dan's Feathered Stave,,,
Wanted: Bladefist's Seal,,,
Wanted: Shattered Hand Centurions,,,
Wanted: The Heart of Quagmirran,,,
Wanted: A Black Stalker Egg,,,
Wanted: The Warlord's Treatise,,,
Wanted: Coilfang Myrmidons,,,
Wanted: The Headfeathers of Ikiss,,,
Wanted: Shaffar's Wondrous Pendant,,,
Wanted: The Exarch's Soul Gem,,,
Wanted: Murmur's Whisper,,,
Wanted: Malicious Instructors,,,
Revenge is Tasty,,,
Wanted: The Epoch Hunter's Head,,,
Super Hot Stew,,,
Manalicious,,,
Soup for the Soul,,,
Wanted: Aeonus's Hourglass,,,
Wanted: Rift Lords,,,
Wanted: A Warp Splinter Clipping,,,
Wanted: Sunseeker Channelers,,,
Wanted: Pathaleon's Projector,,,
Wanted: Tempest-Forge Destroyers,,,
Wanted: The Scroll of Skyriss,,,
Wanted: Arcatraz Sentinels,,,
We Call Him Steelfeather,,,
Out of My Element?,,,
The Scryer's Scryer,,,
Hard to Kill,,,
Wanted: The Signet Ring of Prince Kael'thas,,,
Wanted: Sisters of Torment,,,
In Defense of Halaa,,,
"Enemies, Old and New",,,
Blood for Blood,,,
The Missing Magistrix,,,
Crocolisks in the City,,,
Bait Bandits,,,
The One That Got Away,,,
Shrimpin' Ain't Easy,,,
Felblood Fillet,,,
Gaining the Advantage,,,
Sunfury Attack Plans,,,
The Multiphase Survey,,,
Adversarial Blood,,,
Trial of the Naaru: Magtheridon,,,
The Cudgel of Kar'desh,,,
The Vials of Eternity,,,
Break the Blockade,,,
Scare the Guano Out of Them!,,,
Shoveltusk Soup Again?,,,
The Clutches of Evil,,,
The New Plague,,,
Spiking the Mix,,,
Test at Sea,,,
Root Causes,,,
Two Wrongs...,,,
One Size Does Not Fit All,,,
Mission: Eternal Flame,,,
Danger! Explosives!,,,
Reports from the Field,,,
Send Them Packing,,,
Let Them Eat Crow,,,
Ambushed!,,,
Of Keys and Cages,,,
Guide Our Sights,,,
Landing the Killing Blow,,,
Dealing With Gjalerbron,,,
In Service to the Light,,,
Leader of the Deranged,,,
Towers of Certain Doom,,,
"Gruesome, But Necessary",,,
"Burn Skorn, Burn!",,,
Into Utgarde!,,,
Sniff Out the Enemy,,,
"Gruesome, But Necessary",,,
"Burn Skorn, Burn!",,,
Towers of Certain Doom,,,
Ingvar Must Die!,,,
Dealing With Gjalerbron,,,
Of Keys and Cages,,,
The Walking Dead,,,
Down to the Wire,,,
War is Hell,,,
Hasty Preparations,,,
A Score to Settle,,,
Making the Horn,,,
The Depths of Depravity,,,
Green Eggs and Whelps,,,
Draconis Gastritis,,,
Mimicking Nature's Call,,,
A Lesson in Fear,,,
Baleheim Bodycount,,,
The Yeti Next Door,,,
Baleheim Must Burn!,,,
The Artifacts of Steel Gate,,,
The Shining Light,,,
What's in That Brew?,,,
Stunning Defeat at the Ring,,,
Brains! Brains! Brains!,,,
A Tailor-Made Formula,,,
Apply Heat and Stir,,,
Field Test,,,
Parts for the Job,,,
Warning: Some Assembly Required,,,
Suppressing the Elements,,,
Spirits of the Ice,,,
The Fallen Sisters,,,
Wild Vines,,,
Spawn of the Twisted Glade,,,
The Cleansing,,,
Seeds of the Blacksouled Keepers,,,
The Cleansing,,,
Alpha Worg,,,
Alpha Worg,,,
Mission: Package Retrieval,,,
Absholutely... Thish Will Work!,,,
Mission: Plague This!,,,
Into the World of Spirits,,,
The Book of Runes,,,
The Rune of Command,,,
Mastering the Runes,,,
The Book of Runes,,,
Mastering the Runes,,,
The Rune of Command,,,
I've Got a Flying Machine!,,,
Steel Gate Patrol,,,
And You Thought Murlocs Smelled Bad!,,,
Bring Down Those Shields,,,
And You Thought Murlocs Smelled Bad!,,,
Bring Down Those Shields,,,
The One That Got Away,,,
Brother Betrayers,,,
Brother Betrayers,,,
Eyes of the Eagle,,,
Eyes of the Eagle,,,
The Path to Payback,,,
It Goes to 11...,,,
Trident of the Son,,,
The Enemy's Legacy,,,
Shield Hill,,,
Locating the Mechanism,,,
Keeper Witherleaf,,,
Drop It then Rock It!,,,
Harpoon Master Yavus,,,
Sleeping Giants,,,
Sleeping Giants,,,
Forgotten Treasure,,,
Daggercap Divin',,,
The Fragrance of Money,,,
Feeding the Survivors,,,
Arming Kamagua,,,
Avenge Iskaal,,,
Gambling Debt,,,
The Ransacked Caravan,,,
Jack Likes His Drink,,,
Dead Man's Debt,,,
Falcon Versus Hawk,,,
Swabbin' Soap,,,
There Exists No Honor Among Birds,,,
The Jig is Up,,,
Tools to Get the Job Done,,,
A Carver and a Croaker,,,
"\""Crowleg\"" Dan",,,
We Can Rebuild It,,,
We Have the Technology,,,
Iron Rune Constructs and You: Collecting Data,,,
Lightning Infused Relics,,,
The Dead Rise!,,,
"\""Scoodles\""",,,
The Staff of Storm's Fury,,,
The Frozen Heart of Isuldof,,,
Mutiny on the Mercy,,,
Sorlof's Booty,,,
Winterfin Commerce,,,
"Oh Noes, the Tadpoles!",,,
Them!,,,
Grmmurggll Mrllggrl Glrggl!!!,,,
Succulent Orca Stew,,,
The Ancient Armor of the Kvaldir,,,
A Return to Resting,,,
Keymaster Urmgrgl,,,
Learning to Communicate,,,
Monitoring the Rift: Cleftcliff Anomaly,,,
Monitoring the Rift: Sundered Chasm,,,
Prison Break,,,
Abduction,,,
The Honored Dead,,,
Put Them to Rest,,,
Taking Back Mightstone Quarry,,,
Cutting Off the Source,,,
"In Wine, Truth",,,
Patience is a Virtue that We Don't Need,,,
Bury Those Cockroaches!,,,
Taken by the Scourge,,,
Karuk's Oath,,,
Gamel the Cruel,,,
The Trident of Naz'jan,,,
The Emissary,,,
Vision of Air,,,
Return My Remains,,,
Revenge Upon Magmoth,,,
Mobu's Pneumatic Tank Transjigamarig,,,
Super Strong Metal Plates!,,,
"Dirty, Stinkin' Snobolds!",,,
The Art of Persuasion,,,
Motes of the Enraged,,,
Just a Few More Things...,,,
The Plains of Nasam,,,
Hah... You're Not So Big Now!,,,
Into the Mist,,,
Burn in Effigy,,,
Plan B,,,
Horn of the Ancient Mariner,,,
Orabus the Helmsman,,,
A Race Against Time,,,
A Proper Death,,,
Merciful Freedom,,,
Stop the Plague,,,
Fallen Necropolis,,,
Scouting the Sinkholes,,,
The Heart of the Elements,,,
The Warsong Farms,,,
Damned Filthy Swine,,,
Bring 'Em Back Alive,,,
Oh Great... Plagued Magnataur!,,,
There's Something Going On In Those Caves,,,
The Horn of Elemental Fury,,,
Might As Well Wipe Out the Scourge,,,
The Collapse,,,
What's the Matter with the Transmatter?,,,
Coward Delivery... Under 30 Minutes or it's Free,,,
Re-Cursive,,,
Scouting the Sinkholes,,,
Vermin Extermination,,,
Fueling the Project,,,
The Wondrous Bloodspore,,,
Pollen from the Source,,,
A Bot in Mammoth's Clothing,,,
A Suitable Test Subject,,,
Gammothra the Tormentor,,,
Deploy the Shake-n-Quake!,,,
A Little Bit of Spice,,,
Lupus Pupus,,,
Master and Servant,,,
"Lefty Loosey, Righty Tighty",,,
A Soldier in Need,,,
Enemies of the Light,,,
The Hunt is On,,,
"Emergency Protocol: Section 8.2, Paragraph C",,,
"Emergency Protocol: Section 8.2, Paragraph D",,,
The Siege,,,
Load'er Up!,,,
Death From Above,,,
What Are They Up To?,,,
The Power of the Elements,,,
Patching Up,,,
Master the Storm,,,
Weakness to Lightning,,,
Plug the Sinkholes,,,
Breaking Through,,,
Souls of the Decursed,,,
Reading the Meters,,,
It's Time for Action,,,
Fruits of Our Labor,,,
Postponing the Inevitable,,,
Cleaning Up the Pools,,,
The Sub-Chieftains,,,
Reference Material,,,
Secrets of the Ancients,,,
Quickening,,,
Nuts for Berries,,,
Take No Chances,,,
Keep the Secret Safe,,,
Basic Training,,,
Drake Hunt,,,
Cracking the Code,,,
Hatching a Plan,,,
Drake Hunt,,,
The Cell,,,
Bait and Switch,,,
Finding the Phylactery,,,
Saragosa's End,,,
Call to Arms!,,,
Mustering the Reds,,,
The Tides Turn,,,
Springing the Trap,,,
Prisoner of War,,,
Repurposed Technology,,,
Adding Injury to Insult,,,
Against Nifflevar,,,
Monitoring the Rift: Winterfin Cavern,,,
Have They No Shame?,,,
Have They No Shame?,,,
Disarmament,,,
Disarmament,,,
Necro Overlord Mezhen,,,
The Frost Wyrm and its Master,,,
Stop the Ascension!,,,
All Hail the Conqueror of Skorn!,,,
Stop the Ascension!,,,
The Conqueror of Skorn!,,,
Necro Overlord Mezhen,,,
The Frost Wyrm and its Master,,,
Rivenwood Captives,,,
March of the Giants,,,
The Lodestone,,,
Demolishing Megalith,,,
March of the Giants,,,
The Lodestone,,,
Demolishing Megalith,,,
The Slumbering King,,,
The Slumbering King,,,
Surrender... Not!,,,
The Honored Ancestors,,,
The Lost Spirits,,,
Picking Up the Pieces,,,
Leading the Ancestors Home,,,
Reclaiming the Quarry,,,
Hampering Their Escape,,,
A Visit to the Curator,,,
Boiling Point,,,
Shrouds of the Scourge,,,
The Bad Earth,,,
Blending In,,,
Kaganishu,,,
Words of Power,,,
A Courageous Strike,,,
Neutralizing the Cauldrons,,,
Shatter the Orbs!,,,
"It Was The Orcs, Honest!",,,
The Doctor and the Lich-Lord,,,
I'm Stuck in this Damned Cage... But Not For Long!,,,
The Gearmaster,,,
Unfit for Death,,,
Ears of Our Enemies,,,
Can't Get Ear-nough...,,,
The Culler Cometh,,,
Happy as a Clam,,,
Not On Our Watch,,,
The Nefarious Clam Master...,,,
Help Those That Cannot Help Themselves,,,
Kaw the Mammoth Destroyer,,,
"Ned, Lord of Rhinos...",,,
The Assassination of Harold Lane,,,
Defeat the Gearmaster,,,
Buying Some Time,,,
Words of Power,,,
Surrounded!,,,
Preparing for the Worst,,,
Not Without a Fight!,,,
Let Nothing Go To Waste,,,
Planning for the Future,,,
Spirits Watch Over Us,,,
Into the Fold,,,
Pride of the Horde,,,
Blood Oath of the Horde,,,
Rifle the Bodies,,,
Rifle the Bodies,,,
Avenge this Atrocity!,,,
Tua'kea's Crab Traps,,,
The Bait,,,
Last Rites,,,
Spiritual Insight,,,
Freedom for the Lingering,,,
From the Depths of Azjol-Nerub,,,
Seared Scourge,,,
Black Blood of Yogg-Saron,,,
An Enemy in Arthas,,,
Scourge Armaments,,,
Marked for Death: High Cultist Zangus,,,
Projections and Plans,,,
Projections and Plans,,,
Chains of the Anub'ar,,,
The Focus on the Beach,,,
The Focus on the Beach,,,
Blightbeasts be Damned!,,,
Atop the Woodlands,,,
Atop the Woodlands,,,
Strengthen the Ancients,,,
Strengthen the Ancients,,,
Containing the Rot,,,
The End of the Line,,,
The End of the Line,,,
The Liquid Fire of Elune,,,
Kill the Cultists,,,
The High Cultist,,,
The Forsaken Blight and You: How Not to Die,,,
Emerald Dragon Tears,,,
Wanted: The Scarlet Onslaught,,,
Blighted Last Rites,,,
Materiel Plunder,,,
Let Them Not Rise!,,,
Fresh Remounts,,,
Spread the Good Word,,,
Stealing from the Siegesmiths,,,
Bombard the Ballistae,,,
Need to Know,,,
Flight of the Wintergarde Defender,,,
A Means to an End,,,
Fire Upon the Waters,,,
No Mercy for the Captured,,,
Torture the Torturer,,,
Rescue from Town Square,,,
Without a Prayer,,,
The Fate of the Dead,,,
The Perfect Dissemblance,,,
Not In Our Mine,,,
The Bleeding Ore,,,
The Search for Slinkin,,,
Leave Nothing to Chance,,,
Imprints on the Past,,,
The Truth Will Out,,,
The Murkweed Elixir,,,
The Forgotten Tale,,,
The Truth Shall Set Us Free,,,
Funding the War Effort,,,
Beachfront Property,,,
The Noble's Crypt,,,
Slay Loguhn,,,
Truce?,,,
Prevent the Accord,,,
Prevent the Accord,,,
End Arcanimus,,,
Meat on the Hook,,,
Return of the High Chief,,,
In Search of the Ruby Lilac,,,
Where the Wild Things Roam,,,
In Service of Blood,,,
In Service of the Unholy,,,
In Service of Frost,,,
The Power to Destroy,,,
All Hail Roanauk!,,,
Pest Control,,,
Canyon Chase,,,
Pest Control,,,
Canyon Chase,,,
One of a Kind,,,
Mighty Magnataur,,,
Just Passing Through,,,
Doing Your Duty,,,
The Denouncement,,,
A Fall From Grace,,,
Do Unto Others,,,
Steamtank Surprise,,,
Scattered To The Wind,,,
The Chain Gun And You,,,
Breaking Off A Piece,,,
My Old Enemy,,,
Plunderbeard's Journal,,,
Chasing Icestorm: Thel'zan's Phylactery,,,
What Secrets Men Hide,,,
The Return of the Crusade?,,,
The Path of Redemption,,,
Frostmourne Cavern,,,
Filling the Cages,,,
Vial of Visions,,,
Subject to Interpretation,,,
Sacrifices Must be Made,,,
Seared Scourge,,,
Nozzlerust Defense,,,
Stocking Up,,,
Shaved Ice,,,
Soft Packaging,,,
Something That Doesn't Melt,,,
Hard to Swallow,,,
Lumber Hack,,,
Harp on This!,,,
Slim Pickings,,,
Messy Business,,,
Worm Wrangler,,,
Stomping Grounds,,,
Really Big Worm,,,
Wanted: Magister Keldonus,,,
Wanted: Gigantaur,,,
Wanted: Dreadtalon,,,
Wanton Warlord,,,
Blackriver Brawl,,,
Gray Worg Hides,,,
A Minor Substitution,,,
Jun'ik's Coverup,,,
Vordrassil's Fall,,,
Replenishing the Storehouse,,,
The Darkness Beneath,,,
Them or Us!,,,
Take Their Rear!,,,
Eagle Eyes,,,
The Failed World Tree,,,
A Dark Influence,,,
Secrets of the Flamebinders,,,
Thinning the Ranks,,,
A Possible Link,,,
Vordrassil's Seeds,,,
Shredder Repair,,,
A Possible Link,,,
The Thane of Voldrune,,,
The Flamebinders' Secrets,,,
A Show of Strength,,,
The Thane of Voldrune,,,
No Place to Run,,,
No One to Save You,,,
The Best of Intentions,,,
Culling the Damned,,,
Defiling the Defilers,,,
Pieces Parts,,,
Shred the Alliance,,,
Making Repairs,,,
Keep 'Em on Their Heels,,,
Overwhelmed!,,,
Kick 'Em While They're Down,,,
Local Support,,,
Life or Death,,,
Northern Hospitality,,,
Test of Mettle,,,
Wolfsbane Root,,,
Escape from Silverbrook,,,
A Swift Response,,,
Down With Captain Zorna!,,,
Crush Captain Brightwater!,,,
Keep Them at Bay!,,,
Keep Them at Bay,,,
Smoke 'Em Out,,,
Smoke 'Em Out,,,
Defending Wyrmrest Temple,,,
Attack on Silverbrook,,,
Heated Battle,,,
Return to the Earth,,,
Riding the Red Rocket,,,
Seeking Solvent,,,
Always Seeking Solvent,,,
Supplemental Income,,,
Riding the Red Rocket,,,
Wanted: Kreug Oathbreaker,,,
Wanted: High Shaman Bloodpaw,,,
Wanted: Onslaught Commander Iustus,,,
Seeking Solvent,,,
Blackriver Skirmish,,,
Always Seeking Solvent,,,
Heated Battle,,,
Return to the Earth,,,
Eyes Above,,,
Cycle of Life,,,
The Plume of Alystros,,,
Seeds of the Lashers,,,
That Which Creates Can Also Destroy,,,
Scourgekabob,,,
On Ruby Wings,,,
The Cleansing Of Jintha'kalar,,,
Learning to Leave and Return: the Magical Way,,,
Head Games,,,
Death to the Traitor King,,,
Don't Forget the Eggs!,,,
Darkness Stirs,,,
Reborn From The Ashes,,,
Raining Down Destruction,,,
Into the Breach,,,
The Damaged Journal,,,
The Runic Keystone,,,
The Runic Prophecies,,,
Softening the Blow,,,
Brothers in Battle,,,
Uncovering the Tunnels,,,
Steady as a Rock?,,,
The Damaged Journal,,,
Deciphering the Journal,,,
The Runic Prophecies,,,
Voices From the Dust,,,
Rallying the Troops,,,
Pounding the Iron,,,
Runes of Compulsion,,,
Latent Power,,,
"Sarathstra, Scourge of the North",,,
Free at Last,,,
Nice to Meat You,,,
Therapy,,,
It Takes Guts....,,,
Drak'aguul's Mallet,,,
See You on the Other Side,,,
The Perfect Plan,,,
Why Fabricate When You Can Appropriate?,,,
We Have the Power,,,
Sasha's Hunt,,,
"Chill Out, Mon",,,
... Or Maybe We Don't,,,
Jin'arrak's End,,,
The Iron Thane and His Anvil,,,
Blackout,,,
Souls at Unrest,,,
Hour of the Worg,,,
An Intriguing Plan,,,
The Captive Prospectors,,,
Looking the Part,,,
Cultivating an Image,,,
Put on Your Best Face for Loken,,,
The Unexpected 'Guest',,,
From the Ground Up,,,
We Have the Power,,,
... Or Maybe We Don't,,,
Bringing Down the Iron Thane,,,
The Overseer's Shadow,,,
Cultivating an Image,,,
Loken's Orders,,,
In the Name of Loken,,,
The Bear God's Offspring,,,
"Ursoc, the Bear God",,,
Destroy the Sapling,,,
Children of Ursoc,,,
Vordrassil's Sapling,,,
"Ursoc, the Bear God",,,
Vordrassil's Seeds,,,
Neltharion's Flame,,,
A Bear of an Appetite,,,
Out of Body Experience,,,
Ruuna's Request,,,
My Enemy's Friend,,,
Mounting Up,,,
The Horse Hollerer,,,
Through Fields of Flame,,,
Through Fields of Flame,,,
Mystery of the Infinite,,,
Shimmercap Stew,,,
"You Can Run, But You Can't Hide",,,
Kickin' Nass and Takin' Manes,,,
Near Miss,,,
Close Call,,,
Silver Lining,,,
Dressing Down,,,
Suit Up!,,,
Feedin' Da Goolz,,,
Infiltrating Voltarus,,,
Reunited,,,
Dark Horizon,,,
"So Far, So Bad",,,
It Rolls Downhill,,,
Sabotage,,,
Hazardous Materials,,,
Zero Tolerance,,,
Fuel for the Fire,,,
Disclosure,,,
Siphoning the Spirits,,,
Wanted: Ragemane's Flipper,,,
This Just In: Fire Still Hot!,,,
Trolls Is Gone Crazy!,,,
Troll Patrol,,,
Troll Patrol: High Standards,,,
Defend the Stand,,,
"Argent Crusade, We Are Leaving!",,,
Trouble at the Altar of Sseratus,,,
Mopping Up,,,
Troll Patrol: Intestinal Fortitude,,,
Precious Elemental Fluids,,,
Leave No One Behind,,,
Mushroom Mixer,,,
Too Much of a Good Thing,,,
"Troll Patrol: Whatdya Want, a Medal?",,,
Rhino Mastery: The Test,,,
"Need an Engine, Take an Engine",,,
"Have a Part, Give a Part",,,
Venture Co. Misadventure,,,
Wipe That Grin Off His Face,,,
Gluttonous Lurkers,,,
Troll Patrol: The Alchemist's Apprentice,,,
An Offering for Soo-rahm,,,
The Bones of Nozronn,,,
Dreadsaber Mastery: Becoming a Predator,,,
Dreadsaber Mastery: Stalking the Prey,,,
Crocolisk Mastery: The Trial,,,
Death to the Necromagi,,,
Skimmer Spinnerets,,,
Malas the Corrupter,,,
A Tangled Skein,,,
Rhino Mastery: The Kill,,,
Lab Work,,,
Dreadsaber Mastery: Ready to Pounce,,,
Crocolisk Mastery: The Plan,,,
The Drakkari Do Not Need Water Elementals!,,,
Troll Patrol,,,
Troll Patrol: Something for the Pain,,,
The Blessing of Zim'Abwa,,,
Blessing of Zim'Abwa,,,
Troll Patrol: Done to Death,,,
Crocolisk Mastery: The Ambush,,,
Crashed Sprayer,,,
Pure Evil,,,
Troll Patrol: Creature Comforts,,,
Troll Patrol,,,
Troll Patrol: Can You Dig It?,,,
"Kick, What Kick?",,,
Troll Patrol: Throwing Down,,,
The Great Hunter's Challenge,,,
Troll Patrol: Couldn't Care Less,,,
Pa'Troll,,,
Something for the Pain,,,
Throwing Down,,,
Creature Comforts,,,
Cocooned!,,,
Stocking the Shelves,,,
Clipping Their Wings,,,
It Could Be Anywhere!,,,
"Some Make Lemonade, Some Make Liquor",,,
Still At It,,,
The Taste Test,,,
The Part-time Hunter,,,
Betrayal,,,
Parachutes for the Argent Crusade,,,
A Steak Fit for a Hunter,,,
Making Something Out Of Nothing,,,
That's What Friends Are For...,,,
Light Won't Grant Me Vengeance,,,
Gymer's Salvation,,,
Our Only Hope,,,
The Storm King's Vengeance,,,
The Faceless Ones,,,
Funky Fungi,,,
The Ape Hunter's Slave,,,
Tormenting the Softknuckles,,,
The Underground Menace,,,
Flown the Coop!,,,
The Wasp Hunter's Apprentice,,,
The Sapphire Queen,,,
Mischief in the Making,,,
Lightning Definitely Strikes Twice,,,
The Mist Isn't Listening,,,
Just Following Orders,,,
Powering the Waygate - The Maker's Perch,,,
An Issue of Trust,,,
Make the Bad Snake Go Away,,,
Gods like Shiny Things,,,
The Lost Mistwhisper Treasure,,,
Forced Hand,,,
Lifeblood of the Mosswalker Shrine,,,
The Mosswalker Savior,,,
A Hero's Burden,,,
Sharpening Your Talons,,,
Securing the Bait,,,
A Mammoth Undertaking,,,
Returned Sevenfold,,,
Powering the Waygate - The Maker's Overlook,,,
Post-partum Aggression,,,
The Blessing of Zim'Torga,,,
Exterminate the Intruders,,,
Blessing of Zim'Torga,,,
The Lifewarden's Wrath,,,
Freya's Pact,,,
The Leaders at Jin'Alai,,,
Breaking Through Jin'Alai,,,
But First My Offspring,,,
Relics of the Snow Leopard Goddess,,,
The Frozen Earth,,,
Sealing the Rifts,,,
"My Prophet, My Enemy",,,
An End to the Suffering,,,
Plundering Their Own,,,
The Blessing of Zim'Rhuk,,,
Blessing of Zim'Rhuk,,,
My Pet Roc,,,
Scalps!,,,
Weapons of Destruction,,,
Bringing Down Heb'Jin,,,
I Sense a Disturbance,,,
Preparations for the Underworld,,,
Foundation for Revenge,,,
Setting the Stage,,,
Hell Hath a Fury,,,
Reagent Agent,,,
Burning to Help,,,
Blood of a Dead God,,,
You Reap What You Sow,,,
An Embarassing Incident,,,
Chicken Party!,,,
Appeasing the Great Rain Stone,,,
Wooly Justice,,,
Enchanted Tiki Warriors,,,
Hexed Caches,,,
The Key of Warlord Zol'Maz,,,
The Gods Have Spoken,,,
Salvaging Life's Strength,,,
Containment,,,
Remember Everfrost!,,,
Tails Up,,,
Eggs for Dubra'Jin,,,
Reclamation,,,
The Activation Rune,,,
A Timeworn Coffer,,,
Kartak's Rampage,,,
Will of the Titans,,,
Convocation at Zol'Heb,,,
Tools of War,,,
Secret Strength of the Frenzyheart,,,
Mastery of the Crystals,,,
Power of the Great Ones,,,
Clean Up,,,
Just Around the Corner,,,
A Delicate Touch,,,
Opening the Backdoor,,,
Know No Fear,,,
A Flawless Plan,,,
Reclaimed Rations,,,
Ample Inspiration,,,
Moving In,,,
Ore Repossession,,,
Only Partly Forgotten,,,
Overstock,,,
Expression of Gratitude,,,
Loyal Companions,,,
Stemming the Aggressors,,,
Baby Stealers,,,
Sirana Iceshriek,,,
Pushed Too Far,,,
Ancient Relics,,,
Ancient Relics,,,
Scourge Tactics,,,
Defending The Vanguard,,,
Curing The Incurable,,,
Into The Wild Green Yonder,,,
The Last Line Of Defense,,,
Gal'darah Must Pay,,,
For Posterity,,,
The Restless Dead,,,
One of a Kind,,,
The Purging Of Scourgeholme,,,
The Scourgestone,,,
Halls of Stone,,,
The Crone's Bargain,,,
They Took Our Men!,,,
Equipment Recovery,,,
Discipline,,,
Examples to be Made,,,
Emergency Measures,,,
The Air Stands Still,,,
The Stone That Started A Revolution,,,
It Could Kill Us All,,,
The Battle For Crusaders' Pinnacle,,,
Maintaining Discipline,,,
Fueling the Demolishers,,,
Song of Wind and Water,,,
The Heartblood's Strength,,,
Rejek: First Blood,,,
A Cleansing Song,,,
Song of Reflection,,,
Song of Fecundity,,,
Strength of the Tempest,,,
A Hero's Headgear,,,
Blood in the Water,,,
"From Their Corpses, Rise!",,,
You'll Need a Gryphon,,,
No Fly Zone,,,
Intelligence Gathering,,,
In Strict Confidence,,,
Second Chances,,,
Going Bearback,,,
The Admiral Revealed,,,
On Brann's Trail,,,
Sniffing Out the Perpetrator,,,
Cold Hearted,,,
Pieces to the Puzzle,,,
Data Mining,,,
Norgannon's Shell,,,
Fervor of the Frostborn,,,
Unwelcome Guests,,,
The Lonesome Watcher,,,
The Drakkensryd,,,
It's All Fun and Games,,,
SCRAP-E,,,
"I Have an Idea, But First...",,,
It's All Fun and Games,,,
Free Your Mind,,,
The Missing Bronzebeard,,,
If He Cannot Be Turned,,,
If He Cannot Be Turned,,,
Making a Harness,,,
Sniffing Out the Perpetrator,,,
Mending Fences,,,
Speaking with the Wind's Voice,,,
Catching up with Brann,,,
The Refiner's Fire,,,
Forging an Alliance,,,
Aberrations,,,
Pieces of the Puzzle,,,
Data Mining,,,
Norgannon's Shell,,,
Rare Earth,,,
Fighting Back,,,
Relief for the Fallen,,,
Honor Challenge,,,
Off With Their Black Wings,,,
Shadow Vault Decree,,,
Get the Key,,,
Valkyrion Must Burn,,,
Eliminate the Competition,,,
Slaves of the Stormforged,,,
The Dark Ore,,,
The Gifts of Loken,,,
Battling the Elements,,,
Yulda's Folly,,,
Is That Your Goblin?,,,
The Hyldsmeet,,,
Taking on All Challengers,,,
In Memoriam,,,
Blowing Hodir's Horn,,,
Facing the Storm,,,
The Armor's Secrets,,,
Hot and Cold,,,
Ebon Blade Prisoners,,,
The Last of Her Kind,,,
Valduran the Stormborn,,,
Forging a Head,,,
Fate of the Titans,,,
Mounting Hodir's Helm,,,
Destroy the Forges!,,,
The Slithering Darkness,,,
Hit Them Where it Hurts,,,
Crush Dem Vrykuls!,,,
A Colossal Threat,,,
Spy Hunter,,,
Leave Our Mark,,,
The Warm-Up ,,,
Into the Pit,,,
The Heart of the Storm,,,
Raising Hodir's Spear,,,
Thrusting Hodir's Spear,,,
The Earthen Oath,,,
Polishing the Helm,,,
The Iron Colossus,,,
"Krolmir, Hammer of Storms",,,
Jormuttar is Soo Fat...,,,
The Witness and the Hero,,,
Loken's Lackeys,,,
Memories of Stormhoof,,,
Distortions in Time,,,
Deep in the Bowels of The Underhalls,,,
The Sum is Greater than the Parts,,,
Feeding Arngrim,,,
Where Time Went Wrong,,,
The Hero's Arms,,,
Veranus,,,
Territorial Trespass,,,
Cave Medicine,,,
There's Always Time for Revenge,,,
Changing the Wind's Course,,,
Revenge for the Vargul,,,
Sibling Rivalry,,,
Shoot 'Em Up,,,
Vile Like Fire!,,,
Hope Within the Emerald Nightmare,,,
Dahlia's Tears,,,
Vandalizing Jotunheim,,,
The Art of Being a Water Terror,,,
Reading the Bones,,,
Reading the Bones,,,
Whatever it Takes!,,,
Diametrically Opposed,,,
Where Are They Coming From?,,,
Destroying the Altars,,,
Death's Gaze,,,
Through the Eye,,,
A Unified Front,,,
Mage-Lord Urom,,,
A Wing and a Prayer,,,
Junk in My Trunk,,,
Vengeance Be Mine!,,,
Find the Ancient Hero,,,
Spill Their Blood,,,
Not-So-Honorable Combat,,,
I'm Smelting... Smelting!,,,
The Runesmiths of Malykriss,,,
Banshee's Revenge,,,
New Recruit,,,
Killing Two Scourge With One Skeleton,,,
The Vile Hold,,,
Generosity Abounds,,,
Matchmaker,,,
Dispelling Illusions,,,
A Royal Escort,,,
A Visit to the Doctor,,,
Warding the Warriors,,,
Bones and Arrows,,,
A Rare Herb,,,
Stunning View,,,
The Rider of the Unholy,,,
The Rider of Frost,,,
The Rider of Blood,,,
The Fate of Bloodbane,,,
An Undead's Best Friend,,,
Honor is for the Weak,,,
From Whence They Came,,,
Seeds of Chaos,,,
Amidst the Confusion,,,
No Mercy for the Merciless,,,
Slay them all!,,,
No Mercy for the Merciless,,,
Slay them all!,,,
Stop the Siege,,,
Stop the Siege,,,
All Things in Good Time,,,
Fueling the Demolishers,,,
Warding the Walls,,,
Bones and Arrows,,,
Healing with Roses,,,
A Rare Herb,,,
Bones and Arrows,,,
Fueling the Demolishers,,,
Warding the Warriors,,,
Bones and Arrows,,,
Fueling the Demolishers,,,
Healing with Roses,,,
Jinxing the Walls,,,
By Fire Be Purged,,,
He's Gone to Pieces,,,
Putting Olakin Back Together Again,,,
Defend the Siege,,,
Defend the Siege,,,
The Broken Front,,,
Avenge Me!,,,
The Broken Front,,,
Finish Me!,,,
The Flesh Giant Champion,,,
Army of the Damned,,,
Poke and Prod,,,
Volatility,,,
Establishing Superiority,,,
Volatility,,,
That's Abominable!,,,
Going After the Core,,,
The Core's Keeper,,,
Time to Hide,,,
That's Abominable!,,,
Against the Giants,,,
Coprous the Defiled,,,
Basic Chemistry,,,
King of the Mountain,,,
Neutralizing the Plague,,,
King of the Mountain,,,
Assault by Ground,,,
Forging the Keystone,,,
Poke and Prod,,,
That's Abominable!,,,
That's Abominable!,,,
Borrowed Technology,,,
The Solution Solution,,,
Against the Giants,,,
Basic Chemistry,,,
Neutralizing the Plague,,,
Coprous the Defiled,,,
Slaves to Saronite,,,
Assault by Ground,,,
Slaves to Saronite,,,
Field Repairs,,,
Do Your Worst,,,
Raise the Barricades,,,
Bloodspattered Banners,,,
Mind Tricks,,,
Assault by Air,,,
Assault by Air,,,
The Ironwall Rampart,,,
Blinding the Eyes in the Sky,,,
Get the Message,,,
Sneak Preview,,,
The Guardians of Corp'rethar,,,
Drag and Drop,,,
Chain of Command,,,
Cannot Reproduce,,,
Retest Now,,,
Retest Now,,,
Drag and Drop,,,
Shatter the Shards,,,
Before the Gate of Horror,,,
Blood of the Chosen,,,
Keeping the Alliance Blind,,,
Raise the Barricades,,,
Capture More Dispatches,,,
Bloodspattered Banners,,,
Before the Gate of Horror,,,
Blood of the Chosen,,,
The Ironwall Rampart,,,
The Guardians of Corp'rethar,,,
Shatter the Shards,,,
Not a Bug,,,
"Mystery of the Infinite, Redux",,,
Not a Bug,,,
Need More Info,,,
No Rest For The Wicked,,,
Cradle of the Frostbrood,,,
No Rest For The Wicked,,,
Sneak Preview,,,
Drag and Drop,,,
Drag and Drop,,,
Chain of Command,,,
Cannot Reproduce,,,
Retest Now,,,
Retest Now,,,
Not a Bug,,,
Where Dragons Fell,,,
The Hunter and the Prince,,,
Tirion's Gambit,,,
Not a Bug,,,
Need More Info,,,
No Rest For The Wicked,,,
No Rest For The Wicked,,,
Fringe Science Benefits,,,
Amped for Revolt!,,,
Total Ohmage: The Valley of Lost Hope!,,,
Leading the Charge,,,
Watts My Target,,,
Putting the Hertz: The Valley of Lost Hope,,,
Judgment at the Eye of Eternity,,,
Heroic Judgment at the Eye of Eternity,,,
Securing the Perimeter,,,
Time to Hide,,,
Field Repairs,,,
Do Your Worst,,,
Army of the Damned,,,
Sindragosa's Fall,,,
Where Dragons Fell,,,
The Hunter and the Prince,,,
Tirion's Gambit,,,
Static Shock Troops: the Bombardment,,,
Riding the Wavelength: The Bombardment,,,
Aces High!,,,
Aces High!,,,
Defending Your Title,,,
Back to the Pit,,,
The Aberrations Must Die,,,
Southern Sabotage,,,
Toppling the Towers,,,
Hodir's Tribute,,,
A Valiant's Field Training,,,
A Worthy Weapon,,,
A Blade Fit For A Champion,,,
Freya's Sigil,,,
The Celestial Planetarium,,,
Hodir's Sigil,,,
Thorim's Sigil,,,
Mimiron's Sigil,,,
The Edge Of Winter,,,
Learning The Reins,,,
"Val'anyr, Hammer of Ancient Kings",,,
The Black Knight of Westfall?,,,
The Black Knight of Silverpine?,,,
The Seer's Crystal,,,
The Stories Dead Men Tell,,,
There's Something About the Squire,,,
The Black Knight's Orders,,,
The Black Knight's Fall,,,
The Grand Melee,,,
A Blade Fit For A Champion,,,
A Worthy Weapon,,,
The Edge Of Winter,,,
Training In The Field,,,
Up To The Challenge,,,
A Blade Fit For A Champion,,,
A Worthy Weapon,,,
The Edge Of Winter,,,
Training In The Field,,,
Learning The Reins,,,
Up To The Challenge,,,
The Aspirant's Challenge,,,
The Aspirant's Challenge,,,
The Valiant's Charge,,,
The Valiant's Challenge,,,
The Valiant's Challenge,,,
The Valiant's Charge,,,
The Valiant's Charge,,,
The Valiant's Charge,,,
The Valiant's Charge,,,
The Valiant's Charge,,,
The Valiant's Charge,,,
The Valiant's Charge,,,
The Valiant's Charge,,,
The Valiant's Charge,,,
The Valiant's Challenge,,,
The Valiant's Challenge,,,
The Valiant's Challenge,,,
The Valiant's Challenge,,,
The Valiant's Challenge,,,
The Valiant's Challenge,,,
The Valiant's Challenge,,,
The Valiant's Challenge,,,
A Blade Fit For A Champion,,,
A Worthy Weapon,,,
The Edge Of Winter,,,
A Valiant's Field Training,,,
The Grand Melee,,,
A Blade Fit For A Champion,,,
A Worthy Weapon,,,
The Edge Of Winter,,,
A Valiant's Field Training,,,
The Grand Melee,,,
A Blade Fit For A Champion,,,
A Worthy Weapon,,,
The Edge Of Winter,,,
A Valiant's Field Training,,,
The Grand Melee,,,
A Blade Fit For A Champion,,,
A Worthy Weapon,,,
The Edge Of Winter,,,
A Valiant's Field Training,,,
The Grand Melee,,,
A Blade Fit For A Champion,,,
A Worthy Weapon,,,
The Edge Of Winter,,,
A Valiant's Field Training,,,
The Grand Melee,,,
A Blade Fit For A Champion,,,
A Worthy Weapon,,,
The Edge Of Winter,,,
A Valiant's Field Training,,,
The Grand Melee,,,
A Blade Fit For A Champion,,,
A Worthy Weapon,,,
The Edge Of Winter,,,
A Valiant's Field Training,,,
The Grand Melee,,,
A Blade Fit For A Champion,,,
A Worthy Weapon,,,
The Edge Of Winter,,,
A Valiant's Field Training,,,
The Grand Melee,,,
A Blade Fit For A Champion,,,
A Worthy Weapon,,,
The Edge Of Winter,,,
A Valiant's Field Training,,,
The Grand Melee,,,
Heroic: Freya's Sigil,,,
Heroic: Hodir's Sigil,,,
Heroic: Thorim's Sigil,,,
Heroic: Mimiron's Sigil,,,
Mastery Of Melee,,,
Mastery Of Melee,,,
Mastery Of The Shield-Breaker,,,
Mastery Of The Charge,,,
Mastery Of The Shield-Breaker,,,
Mastery Of The Charge,,,
At The Enemy's Gates,,,
At The Enemy's Gates,,,
At The Enemy's Gates,,,
At The Enemy's Gates,,,
At The Enemy's Gates,,,
At The Enemy's Gates,,,
At The Enemy's Gates,,,
At The Enemy's Gates,,,
At The Enemy's Gates,,,
At The Enemy's Gates,,,
The Black Knight's Fate,,,
A Leg Up,,,
Breakfast Of Champions,,,
The Light's Mercy,,,
Stop The Aggressors,,,
Gormok Wants His Snobolds,,,
Breakfast Of Champions,,,
"You've Really Done It This Time, Kul",,,
Drottinn Hrothgar,,,
Mistcaller Yngvar,,,
Ornolf The Scarred,,,
Deathspeaker Kharos,,,
The Fate Of The Fallen,,,
Get Kraken!,,,
"What Do You Feed a Yeti, Anyway?",,,
Rescue at Sea,,,
Stop The Aggressors,,,
Gormok Wants His Snobolds,,,
"You've Really Done It This Time, Kul",,,
A Leg Up,,,
The Light's Mercy,,,
"What Do You Feed a Yeti, Anyway?",,,
Rescue at Sea,,,
What The Dragons Know,,,
The Sunreaver Plan,,,
A Suitable Disguise,,,
A Meeting With The Magister,,,
Battle Plans Of The Kvaldir,,,
An Audience With The Arcanist,,,
Reforging The Sword,,,
Tempering The Blade,,,
The Halls Of Reflection,,,
The Path to the Citadel,,,
Echoes of Tortured Souls,,,
Wrath of the Lich King,,,
The Path to the Citadel,,,
Echoes of Tortured Souls,,,
Thalorien Dawnseeker,,,
What The Dragons Know,,,
A Suitable Disguise,,,
The Silver Covenant's Scheme,,,
Reforging The Sword,,,
Tempering The Blade,,,
The Halls Of Reflection,,,
Thalorien Dawnseeker,,,
Sartharion Must Die!,,,
Anub'Rekhan Must Die!,,,
Noth the Plaguebringer Must Die!,,,
Instructor Razuvious Must Die!,,,
Patchwerk Must Die!,,,
Malygos Must Die!,,,
Flame Leviathan Must Die!,,,
Razorscale Must Die!,,,
Ignis the Furnace Master Must Die!,,,
XT-002 Deconstructor Must Die!,,,
Lord Jaraxxus Must Die!,,,
Lord Marrowgar Must Die!,,,
Deliverance from the Pit,,,
Deliverance from the Pit,,,
Wrath of the Lich King,,,
A Change of Heart,,,
A Change of Heart,,,
A Change of Heart,,,
A Change of Heart,,,
Path of Destruction,,,
Path of Wisdom,,,
Path of Vengeance,,,
Path of Courage,,,
Path of Destruction,,,
Path of Destruction,,,
Path of Wisdom,,,
Path of Wisdom,,,
Path of Vengeance,,,
Path of Vengeance,,,
Path of Courage,,,
Path of Courage,,,
A Change of Heart,,,
A Change of Heart,,,
A Change of Heart,,,
A Change of Heart,,,
A Change of Heart,,,
A Change of Heart,,,
A Change of Heart,,,
A Change of Heart,,,
A Change of Heart,,,
A Change of Heart,,,
A Change of Heart,,,
A Change of Heart,,,
Deprogramming,,,
Securing the Ramparts,,,
Securing the Ramparts,,,
Respite for a Tormented Soul,,,
Blood Quickening,,,
Deprogramming,,,
Securing the Ramparts,,,
Securing the Ramparts,,,
Blood Quickening,,,
Respite for a Tormented Soul,,,
Empowerment,,,
Mograine's Reunion,,,
Jaina's Locket,,,
Muradin's Lament,,,
Sylvanas' Vengeance,,,
The Lightbringer's Redemption,,,
Path of Might,,,
Path of Might,,,
Path of Might,,,
A Change of Heart,,,
A Change of Heart,,,
A Change of Heart,,,
A Change of Heart,,,
The Twilight Destroyer,,,
Trial of the Sea Lion,,,
Call of Water,,,
Trial of the Sea Lion,,,
Call of Water,,,
The Binding,,,
Creature of the Void,,,
The Binding,,,
Hearts of the Pure,,,
Path of Defense,,,
Creature of the Void,,,
The Binding,,,
The Binding,,,
Call of Fire,,,
Call of Fire,,,
Call of Water,,,
Call of Water,,,
Call of Water,,,
The Tome of Divinity,,,
The Tome of Divinity,,,
Vejrek,,,
Vorlus Vilehoof,,,
Surena Caledon,,,
The Binding,,,
The Affray,,,
Heartswood,,,
The Binding,,,
The Tome of Divinity,,,
The Tome of Divinity,,,
The Binding,,,
Tome of the Cabal,,,
Tome of the Cabal,,,
Tome of the Cabal,,,
Tome of the Cabal,,,
Ulag the Cleaver,,,
Klaven's Tower,,,
Mission: Possible But Not Probable,,,
Body and Heart,,,
Body and Heart,,,
The Principal Source,,,
Gathering the Cure,,,
Curing the Sick,,,
The Principal Source,,,
Gathering the Cure,,,
Curing the Sick,,,
Arcane Refreshment,,,
Rage of Blood,,,
The Prison's Bindings,,,
The Prison's Casing,,,
Suppression,,,
Flawless Fel Essence,,,
Kroshius' Infernal Core,,,
Ulathek the Traitor,,,
Xorothian Stardust,,,
Bell of Dethmoora,,,
Wheel of the Black March,,,
Doomsday Candle,,,
Imp Delivery,,,
Arcanite,,,
Exorcising Terrordale,,,
Collection of Goods,,,
Ancient Equine Spirit,,,
Manna-Enriched Horse Feed,,,
The Divination Scryer,,,
Judgment and Redemption,,,
Fragmented Magic,,,
Call of Earth,,,
Call of Fire,,,
Call of Fire,,,
Call of Water,,,
Call of Water,,,
Call of Water,,,
Redemption,,,
The Rune of Summoning,,,
The First Trial,,,
Claiming the Light,,,
Redeeming the Dead,,,
A Gesture of Commitment,,,
A Demonstration of Loyalty,,,
True Masters of the Light,,,
True Masters of the Light,,,
True Masters of the Light,,,
The Ward of Wakening,,,
No Mere Dream,,,
The Book of the Raven,,,
To Catch A Sparrowhawk,,,
The Raven Stones,,,
The Eagle's Essence,,,
The Falcon's Essence,,,
The Hawk's Essence,,,
Chasing the Moonstone,,,
Vanquish the Raven God,,,
Call of Earth,,,
Call of Earth,,,
Call of Earth,,,
Call of Earth,,,
Garments of the Moon,,,
Garments of the Light,,,
Garments of the Light,,,
Garments of Spirituality,,,
Garments of Darkness,,,
Cleansing the Scar,,,
Help Tavara,,,
Forged Steel,,,
Dead-tooth Jack,,,
The Shade of Elura,,,
Mirror Lake,,,
Mage-tastic Gizmonitor,,,
The Balnir Farmstead,,,
Ju-Ju Heaps,,,
Snatch and Grab,,,
Destiny Calls,,,
Fetch!,,,
The Purest Water,,,
Recently Living,,,
Strength of One,,,
Ironband's Compound,,,
Agamand Heirlooms,,,
Control,,,
Combining Forces,,,
The Shattered Hand,,,
The Shattered Hand,,,
The Deathstalkers,,,
The Deathstalkers,,,
Gathering Materials,,,
Gathering Materials,,,
Investigate the Blue Recluse,,,
Investigate the Alchemist Shop,,,
Fenwick Thatros,,,
Arcane Reavers,,,
A Simple Robe,,,
Plundering the Plunderers,,,
Greed,,,
The Sad Truth,,,
Trial at the Field of Giants,,,
Tools of the Trade,,,
Alther's Mill,,,
The Touch of Zanzil,,,
Seeking the Kor Gem,,,
The Test of Righteousness,,,
Bailor's Ore Shipment,,,
The Rethban Gauntlet,,,
Horns of Nez'ra,,,
The Path of the Adept,,,
"The Manor, Ravenholdt",,,
The Orb of Soran'ruk,,,
Pristine Spider Silk,,,
Waters of Xavian,,,
Laughing Sisters,,,
Fire Hardened Mail,,,
Burning Blood,,,
Ur's Treatise on Shadow Magic,,,
Iron Coral,,,
Sunscorched Shells,,,
Brutal Armor,,,
Satyr Hooves,,,
Chimaeric Horn,,,
Dragonmaw Shinbones,,,
Relic of the Earthen Ring,,,
Relic of the Earthen Ring,,,
Components for the Enchanted Gold Bloodrobe,,,
Components for the Enchanted Gold Bloodrobe,,,
Essence of the Exile,,,
Components for the Enchanted Gold Bloodrobe,,,
Components for the Enchanted Gold Bloodrobe,,,
Cyclonian,,,
The Summoning,,,
Fragments of the Orb of Orahil,,,
Items of Power,,,
Rituals of Power,,,
The Infernal Orb,,,
The Exorcism,,,
Power in Uldaman,,,
Mana Surges,,,
Cleansing of the Orb of Orahil,,,
Shard of a Felhound,,,
Shard of an Infernal,,,
Courser Antlers,,,
Wavethrashing,,,
The Green Drake,,,
Sealed Azure Bag,,,
Encoded Fragments,,,
The Azure Key,,,
Magic Dust,,,
The Siren's Coral,,,
Destroy Morphaz,,,
Of Coursers We Know,,,
The Ichor of Undeath,,,
Blood of Morphaz,,,
Elemental Mastery,,,
Spirit Totem,,,
Da Voodoo,,,
Dispelling Evil,,,
Forging the Mightstone,,,
An Imp's Request,,,
Hot and Itchy,,,
The Wrong Stuff,,,
Trolls of a Feather,,,
Warrior Kinship,,,
War on the Shadowsworn,,,
Voodoo Feathers,,,
Bloodpetal Poison,,,
A Better Ingredient,,,
Prove Your Hatred,,,
Ancient Evil,,,
The Emblazoned Runeblade,,,
Death Comes From On High,,,
"If Chaos Drives, Let Suffering Hold The Reins",,,
Tonight We Dine In Havenshire,,,
Grand Theft Palomino,,,
The Gift That Keeps On Giving,,,
Massacre At Light's Point,,,
The Plaguebringer's Request,,,
More Skulls For Brew,,,
Nowhere To Run And Nowhere To Hide,,,
Lambs To The Slaughter,,,
The Path Of The Righteous Crusader,,,
Bloody Breakout,,,
Death's Challenge,,,
A Special Surprise,,,
A Special Surprise,,,
A Special Surprise,,,
A Special Surprise,,,
A Special Surprise,,,
A Special Surprise,,,
A Special Surprise,,,
A Special Surprise,,,
A Special Surprise,,,
A Special Surprise,,,
Ambush At The Overlook,,,
An End To All Things...,,,
The Light of Dawn,,,
The Endless Hunger,,,
The Battle For The Ebon Hold,,,
Syndicate Emblems,,,
Ancient Sinew Wrapped Lamina,,,
A Proper String,,,
Stave of the Ancients,,,
Material Assistance,,,
Strength of Mount Mugamba,,,
Strength of Mount Mugamba,,,
The Rage of Mugamba,,,
The Heathen's Brand,,,
The Heathen's Brand,,,
The Hero's Brand,,,
The Eye of Zuldazar,,,
The Eye of Zuldazar,,,
The All-Seeing Eye of Zuldazar,,,
Paragons of Power: The Freethinker's Armguards,,,
Paragons of Power: The Freethinker's Belt,,,
Paragons of Power: The Freethinker's Breastplate,,,
Paragons of Power: The Augur's Bracers,,,
Paragons of Power: The Haruspex's Bracers,,,
Paragons of Power: The Vindicator's Armguards,,,
Paragons of Power: The Demoniac's Wraps,,,
Paragons of Power: The Illusionist's Wraps,,,
Paragons of Power: The Confessor's Wraps,,,
Paragons of Power: The Predator's Bracers,,,
Paragons of Power: The Madcap's Bracers,,,
Paragons of Power: The Haruspex's Belt,,,
Paragons of Power: The Haruspex's Tunic,,,
Paragons of Power: The Predator's Belt,,,
Paragons of Power: The Predator's Mantle,,,
Paragons of Power: The Illusionist's Mantle,,,
Paragons of Power: The Illusionist's Robes,,,
Paragons of Power: The Confessor's Bindings,,,
Paragons of Power: The Confessor's Mantle,,,
Paragons of Power: The Madcap's Mantle,,,
Paragons of Power: The Madcap's Tunic,,,
Paragons of Power: The Augur's Belt,,,
Paragons of Power: The Augur's Hauberk,,,
Paragons of Power: The Demoniac's Mantle,,,
Paragons of Power: The Demoniac's Robes,,,
Paragons of Power: The Vindicator's Belt,,,
Paragons of Power: The Vindicator's Breastplate,,,
The Pebble of Kajaro,,,
The Pebble of Kajaro,,,
The Jewel of Kajaro,,,
Kezan's Taint,,,
Kezan's Taint,,,
Kezan's Unstoppable Taint,,,
Enchanted South Seas Kelp,,,
Enchanted South Seas Kelp,,,
Pristine Enchanted South Seas Kelp,,,
Vision of Voodress,,,
Vision of Voodress,,,
The Unmarred Vision of Voodress,,,
Zandalarian Shadow Talisman,,,
Zandalarian Shadow Talisman,,,
Zandalarian Shadow Mastery Talisman,,,
The Maelstrom's Tendril,,,
The Maelstrom's Tendril,,,
Maelstrom's Wrath,,,
Presence of Might,,,
Syncretist's Sigil,,,
Death's Embrace,,,
Falcon's Call,,,
Vodouisant's Vigilant Embrace,,,
Presence of Sight,,,
Hoodoo Hex,,,
Prophetic Aura,,,
Animist's Caress,,,
The Darkreaver Menace,,,
Conqueror's Spaulders,,,
Signet of Unyielding Strength,,,
Drape of Unyielding Strength,,,
Sickle of Unyielding Strength,,,
Conqueror's Greaves,,,
Conqueror's Legguards,,,
Conqueror's Crown,,,
Conqueror's Breastplate,,,
Tiara of the Oracle,,,
Trousers of the Oracle,,,
Mantle of the Oracle,,,
Footwraps of the Oracle,,,
Stormcaller's Pauldrons,,,
Vestments of the Oracle,,,
Stormcaller's Footguards,,,
Stormcaller's Hauberk,,,
Stormcaller's Diadem,,,
Stormcaller's Leggings,,,
Enigma Shoulderpads,,,
Striker's Footguards,,,
Avenger's Breastplate,,,
Avenger's Crown,,,
Avenger's Legguards,,,
Avenger's Pauldrons,,,
Enigma Leggings,,,
Enigma Circlet,,,
Enigma Robes,,,
Enigma Boots,,,
Deathdealer's Boots,,,
Deathdealer's Vest,,,
Deathdealer's Helm,,,
Deathdealer's Leggings,,,
Deathdealer's Spaulders,,,
Avenger's Greaves,,,
Striker's Hauberk,,,
Striker's Diadem,,,
Striker's Leggings,,,
Striker's Pauldrons,,,
Doomcaller's Footwraps,,,
Doomcaller's Robes,,,
Doomcaller's Circlet,,,
Doomcaller's Trousers,,,
Doomcaller's Mantle,,,
Genesis Boots,,,
Genesis Vest,,,
Genesis Helm,,,
Genesis Trousers,,,
Genesis Shoulderpads,,,
Shroud of Infinite Wisdom,,,
Cloak of the Gathering Storm,,,
Drape of Vaulted Secrets,,,
Cloak of Unending Life,,,
Cloak of Veiled Shadows,,,
Shroud of Unspoken Names,,,
Cape of Eternal Justice,,,
Cloak of the Unseen Path,,,
Ring of Infinite Wisdom,,,
Ring of the Gathering Storm,,,
Band of Vaulted Secrets,,,
Band of Unending Life,,,
Band of Veiled Shadows,,,
Ring of Unspoken Names,,,
Ring of Eternal Justice,,,
Signet of the Unseen Path,,,
Gavel of Infinite Wisdom,,,
Hammer of the Gathering Storm,,,
Blade of Vaulted Secrets,,,
Mace of Unending Life,,,
Dagger of Veiled Shadows,,,
Kris of Unspoken Names,,,
Blade of Eternal Justice,,,
Scythe of the Unseen Path,,,
An Earnest Proposition,,,
An Earnest Proposition,,,
An Earnest Proposition,,,
An Earnest Proposition,,,
An Earnest Proposition,,,
An Earnest Proposition,,,
An Earnest Proposition,,,
An Earnest Proposition,,,
An Earnest Proposition,,,
An Earnest Proposition,,,
An Earnest Proposition,,,
An Earnest Proposition,,,
An Earnest Proposition,,,
An Earnest Proposition,,,
An Earnest Proposition,,,
An Earnest Proposition,,,
Just Compensation,,,
Just Compensation,,,
Just Compensation,,,
Just Compensation,,,
Just Compensation,,,
Just Compensation,,,
Just Compensation,,,
Just Compensation,,,
Just Compensation,,,
Just Compensation,,,
Just Compensation,,,
Just Compensation,,,
Just Compensation,,,
Just Compensation,,,
Just Compensation,,,
Just Compensation,,,
Anthion's Parting Words,,,
Anthion's Parting Words,,,
Anthion's Parting Words,,,
Anthion's Parting Words,,,
Anthion's Parting Words,,,
Anthion's Parting Words,,,
Anthion's Parting Words,,,
Anthion's Parting Words,,,
Anthion's Parting Words,,,
Components of Importance,,,
Components of Importance,,,
Components of Importance,,,
Components of Importance,,,
The Left Piece of Lord Valthalak's Amulet,,,
The Left Piece of Lord Valthalak's Amulet,,,
The Left Piece of Lord Valthalak's Amulet,,,
The Left Piece of Lord Valthalak's Amulet,,,
More Components of Importance,,,
More Components of Importance,,,
More Components of Importance,,,
More Components of Importance,,,
The Right Piece of Lord Valthalak's Amulet,,,
The Right Piece of Lord Valthalak's Amulet,,,
The Right Piece of Lord Valthalak's Amulet,,,
The Right Piece of Lord Valthalak's Amulet,,,
Saving the Best for Last,,,
Saving the Best for Last,,,
Saving the Best for Last,,,
Saving the Best for Last,,,
Saving the Best for Last,,,
Saving the Best for Last,,,
Saving the Best for Last,,,
Saving the Best for Last,,,
Saving the Best for Last,,,
Saving the Best for Last,,,
Saving the Best for Last,,,
Saving the Best for Last,,,
Saving the Best for Last,,,
Saving the Best for Last,,,
Saving the Best for Last,,,
Saving the Best for Last,,,
Anthion's Parting Words,,,
Anthion's Parting Words,,,
Anthion's Parting Words,,,
Anthion's Parting Words,,,
Anthion's Parting Words,,,
Anthion's Parting Words,,,
Anthion's Parting Words,,,
Redemption Headpiece,,,
Icebane Gauntlets,,,
Icebane Bracers,,,
Icebane Breastplate,,,
Glacial Wrists,,,
Glacial Gloves,,,
Glacial Vest,,,
Polar Bracers,,,
Polar Gloves,,,
Polar Tunic,,,
Icy Scale Bracers,,,
Icy Scale Gauntlets,,,
Icy Scale Breastplate,,,
Warlord Krellian,,,
An Earnest Proposition,,,
An Earnest Proposition,,,
Just Compensation,,,
Just Compensation,,,
Anthion's Parting Words,,,
Anthion's Parting Words,,,
Saving the Best for Last,,,
Saving the Best for Last,,,
Hellfire Fortifications,,,
Hellfire Fortifications,,,
Bombing Run,,,
Bombing Run,,,
Attunement to Dalaran,,,
Attunement to Dalaran,,,
Threat From Above,,,
Threat From Above,,,
Taking Battle To The Enemy,,,
Among the Champions,,,
Taking Battle To The Enemy,,,
Among the Champions,,,
Threat From Above,,,
Taking Battle To The Enemy,,,
Among the Champions,,,
Threat From Above,,,
Taking Battle To The Enemy,,,
Among the Champions,,,
Battle Before The Citadel,,,
Battle Before The Citadel,,,
Battle Before The Citadel,,,
Battle Before The Citadel,,,
The Sacred and the Corrupt,,,
A Feast of Souls,,,
The Splintered Throne,,,
The Purification of Quel'Delar,,,
The Purification of Quel'Delar,,,
The Purification of Quel'Delar,,,
The Purification of Quel'Delar,,,
The Purification of Quel'Delar,,,
The Purification of Quel'Delar,,,
The Lich King's Last Stand,,,
Show Your Work,,,
Show Your Work,,,
Show Your Work,,,
Irondeep Supplies,,,
Coldtooth Supplies,,,
More Booty!,,,
More Armor Scraps,,,
Lokholar the Ice Lord,,,
Call of Air - Guse's Fleet,,,
Call of Air - Jeztor's Fleet,,,
Call of Air - Mulverick's Fleet,,,
Begin the Attack!,,,
Ivus the Forest Lord,,,
Launch the Attack!,,,
Call of Air - Vipore's Fleet,,,
Call of Air - Slidore's Fleet,,,
Call of Air - Ichman's Fleet,,,
Coldtooth Supplies,,,
Irondeep Supplies,,,
Ram Hide Harnesses,,,
Ram Riding Harnesses,,,
Alterac Valley Graveyards,,,
The Graveyards of Alterac,,,
Towers and Bunkers,,,
Towers and Bunkers,,,
Capture a Mine,,,
Capture a Mine,,,
Proving Grounds,,,
Proving Grounds,,,
Rise and Be Recognized,,,
Honored Amongst the Clan,,,
Earned Reverence,,,
Legendary Heroes,,,
The Eye of Command,,,
Rise and Be Recognized,,,
Honored Amongst the Guard,,,
Earned Reverence,,,
Legendary Heroes,,,
The Eye of Command,,,
Armor Scraps,,,
Enemy Booty,,,
Defusing the Threat,,,
Defusing the Threat,,,
A Gallon of Blood,,,
Crystal Cluster,,,
Carnival Boots,,,
Carnival Jerkins,,,
The World's Largest Gnome!,,,
Crocolisk Boy and the Bearded Murloc,,,
Armor Kits,,,
Coarse Weightstone,,,
Heavy Grinding Stone,,,
Green Iron Bracers,,,
Big Black Mace,,,
Rituals of Strength,,,
Copper Modulator,,,
Whirring Bronze Gizmo,,,
Green Fireworks,,,
Mechanical Repair Kits,,,
Thorium Widget,,,
Small Furry Paws,,,
Torn Bear Pelts,,,
Soft Bushy Tails,,,
Vibrant Plumes,,,
Evil Bat Eyes,,,
5 Tickets - Darkmoon Flower,,,
5 Tickets - Minor Darkmoon Prize,,,
12 Tickets - Lesser Darkmoon Prize,,,
40 Tickets - Greater Darkmoon Prize,,,
50 Tickets - Darkmoon Storage Box,,,
10 Tickets - Last Month's Mutton,,,
50 Tickets - Last Year's Mutton,,,
More Dense Grinding Stones,,,
1200 Tickets - Orb of the Darkmoon,,,
More Armor Kits,,,
More Thorium Widgets,,,
More Bat Eyes,,,
Spawn of Jubjub,,,
1200 Tickets - Amulet of the Darkmoon,,,
Master Angler,,,
Apprentice Angler,,,
Rare Fish - Keefer's Angelfish,,,
Glowing Scorpid Blood,,,
More Glowing Scorpid Blood,,,
Rare Fish - Dezian Queenfish,,,
Rare Fish - Brownell's Blue Striped Racer,,,
Shadows of Doom,,,
Under the Shadow,,,
40 Tickets - Schematic: Steam Tonk Controller,,,
Traitor to the Bloodsail,,,
Making Amends,,,
Mending Old Wounds,,,
War at Sea,,,
The Way to His Heart...,,,
Gem Perfection,,,
Gem Perfection,,,
Shipment: Blood Jade Amulet ,,,
Shipment: Glowing Ivory Figurine,,,
Shipment: Wicked Sun Brooch,,,
Shipment: Intricate Bone Figurine,,,
Shipment: Bright Armor Relic,,,
Shipment: Shifting Sun Curio ,,,
Gem Perfection,,,
Gem Perfection,,,
Finish the Shipment,,,
Northern Cooking,,,
Northern Cooking,,,
Northern Cooking,,,
Northern Cooking,,,
Infused Mushroom Meatloaf,,,
Convention at the Legerdemain,,,
Sewer Stew,,,
Cheese for Glowergold,,,
Mustard Dogs!,,,
Infused Mushroom Meatloaf,,,
Convention at the Legerdemain,,,
Sewer Stew,,,
Cheese for Glowergold,,,
Mustard Dogs!,,,
Necklace Repair,,,
Jewel Of The Sewers,,,
Blood Is Thicker,,,
Dangerously Delicious,,,
Disarmed!,,,
Can't Get Enough Turkey,,,
Don't Forget The Stuffing!,,,
We're Out of Cranberry Chutney Again?,,,
Easy As Pie,,,
She Says Potato,,,
She Says Potato,,,
We're Out of Cranberry Chutney Again?,,,
Easy As Pie,,,
Can't Get Enough Turkey,,,
Don't Forget The Stuffing!,,,
Cardinal Ruby,,,
Kalu'ak Fishing Derby,,,
Better Luck Next Time,,,
Basic Orders,,,
Vent Horizon,,,
Prepping the Speech,,,
Give Gerard a Drink,,,
Dwarven Outfitters,,,
Stormwind Library,,,
CLUCK!,,,
Rocknot's Ale,,,
Wolf Swapping - Arctic Wolf,,,
Wolf Swapping - Red Wolf,,,
New Kodo - Teal,,,
New Kodo - Green,,,
Ivory Raptor Replacement,,,
Red Raptor Replacement,,,
Frostsaber Replacement,,,
Nightsaber Replacement,,,
Frost Ram Exchange,,,
Black Ram Exchange,,,
White Stallion Exchange,,,
Palomino Exchange,,,