Quest Link	Completion Time
"=HYPERLINK(""https://www.wowhead.com/classic/quest=3639"", ""Show Your Work"")"	
"=HYPERLINK(""https://www.wowhead.com/classic/quest=3641"", ""Show Your Work"")"	
"=HYPERLINK(""https://www.wowhead.com/classic/quest=3643"", ""Show Your Work"")"	
"=HYPERLINK(""https://www.wowhead.com/classic/quest=5892"", ""Irondeep Supplies"")"	
"=HYPERLINK(""https://www.wowhead.com/classic/quest=5893"", ""Coldtooth Supplies"")"	
"=HYPERLINK(""https://www.wowhead.com/classic/quest=6741"", ""More Booty!"")"	
"=HYPERLINK(""https://www.wowhead.com/classic/quest=6781"", ""More Armor Scraps"")"	
"=HYPERLINK(""https://www.wowhead.com/classic/quest=6801"", ""Lokholar the Ice Lord"")"	
"=HYPERLINK(""https://www.wowhead.com/classic/quest=6825"", ""Call of Air - Guse's Fleet"")"	
"=HYPERLINK(""https://www.wowhead.com/classic/quest=6826"", ""Call of Air - Jeztor's Fleet"")"	
"=HYPERLINK(""https://www.wowhead.com/classic/quest=6827"", ""Call of Air - Mulverick's Fleet"")"	
"=HYPERLINK(""https://www.wowhead.com/classic/quest=6846"", ""Begin the Attack!"")"	
"=HYPERLINK(""https://www.wowhead.com/classic/quest=6881"", ""Ivus the Forest Lord"")"	
"=HYPERLINK(""https://www.wowhead.com/classic/quest=6901"", ""Launch the Attack!"")"	
"=HYPERLINK(""https://www.wowhead.com/classic/quest=6941"", ""Call of Air - Vipore's Fleet"")"	
"=HYPERLINK(""https://www.wowhead.com/classic/quest=6942"", ""Call of Air - Slidore's Fleet"")"	
"=HYPERLINK(""https://www.wowhead.com/classic/quest=6943"", ""Call of Air - Ichman's Fleet"")"	
"=HYPERLINK(""https://www.wowhead.com/classic/quest=6982"", ""Coldtooth Supplies"")"	
"=HYPERLINK(""https://www.wowhead.com/classic/quest=6985"", ""Irondeep Supplies"")"	
"=HYPERLINK(""https://www.wowhead.com/classic/quest=7002"", ""Ram Hide Harnesses"")"	
"=HYPERLINK(""https://www.wowhead.com/classic/quest=7026"", ""Ram Riding Harnesses"")"	
"=HYPERLINK(""https://www.wowhead.com/classic/quest=7081"", ""Alterac Valley Graveyards"")"	
"=HYPERLINK(""https://www.wowhead.com/classic/quest=7082"", ""The Graveyards of Alterac"")"	
"=HYPERLINK(""https://www.wowhead.com/classic/quest=7101"", ""Towers and Bunkers"")"	
"=HYPERLINK(""https://www.wowhead.com/classic/quest=7102"", ""Towers and Bunkers"")"	
"=HYPERLINK(""https://www.wowhead.com/classic/quest=7122"", ""Capture a Mine"")"	
"=HYPERLINK(""https://www.wowhead.com/classic/quest=7124"", ""Capture a Mine"")"	
"=HYPERLINK(""https://www.wowhead.com/classic/quest=7161"", ""Proving Grounds"")"	
"=HYPERLINK(""https://www.wowhead.com/classic/quest=7162"", ""Proving Grounds"")"	
"=HYPERLINK(""https://www.wowhead.com/classic/quest=7163"", ""Rise and Be Recognized"")"	
"=HYPERLINK(""https://www.wowhead.com/classic/quest=7164"", ""Honored Amongst the Clan"")"	
"=HYPERLINK(""https://www.wowhead.com/classic/quest=7165"", ""Earned Reverence"")"	
"=HYPERLINK(""https://www.wowhead.com/classic/quest=7166"", ""Legendary Heroes"")"	
"=HYPERLINK(""https://www.wowhead.com/classic/quest=7167"", ""The Eye of Command"")"	
"=HYPERLINK(""https://www.wowhead.com/classic/quest=7168"", ""Rise and Be Recognized"")"	
"=HYPERLINK(""https://www.wowhead.com/classic/quest=7169"", ""Honored Amongst the Guard"")"	
"=HYPERLINK(""https://www.wowhead.com/classic/quest=7170"", ""Earned Reverence"")"	
"=HYPERLINK(""https://www.wowhead.com/classic/quest=7171"", ""Legendary Heroes"")"	
"=HYPERLINK(""https://www.wowhead.com/classic/quest=7172"", ""The Eye of Command"")"	
"=HYPERLINK(""https://www.wowhead.com/classic/quest=7223"", ""Armor Scraps"")"	
"=HYPERLINK(""https://www.wowhead.com/classic/quest=7224"", ""Enemy Booty"")"	
"=HYPERLINK(""https://www.wowhead.com/classic/quest=7367"", ""Defusing the Threat"")"	
"=HYPERLINK(""https://www.wowhead.com/classic/quest=7368"", ""Defusing the Threat"")"	
"=HYPERLINK(""https://www.wowhead.com/classic/quest=7385"", ""A Gallon of Blood"")"	
"=HYPERLINK(""https://www.wowhead.com/classic/quest=7386"", ""Crystal Cluster"")"	
"=HYPERLINK(""https://www.wowhead.com/classic/quest=7881"", ""Carnival Boots"")"	
"=HYPERLINK(""https://www.wowhead.com/classic/quest=7882"", ""Carnival Jerkins"")"	
"=HYPERLINK(""https://www.wowhead.com/classic/quest=7883"", ""The World's Largest Gnome!"")"	
"=HYPERLINK(""https://www.wowhead.com/classic/quest=7884"", ""Crocolisk Boy and the Bearded Murloc"")"	
"=HYPERLINK(""https://www.wowhead.com/classic/quest=7885"", ""Armor Kits"")"	
"=HYPERLINK(""https://www.wowhead.com/classic/quest=7889"", ""Coarse Weightstone"")"	
"=HYPERLINK(""https://www.wowhead.com/classic/quest=7890"", ""Heavy Grinding Stone"")"	
"=HYPERLINK(""https://www.wowhead.com/classic/quest=7891"", ""Green Iron Bracers"")"	
"=HYPERLINK(""https://www.wowhead.com/classic/quest=7892"", ""Big Black Mace"")"	
"=HYPERLINK(""https://www.wowhead.com/classic/quest=7893"", ""Rituals of Strength"")"	
"=HYPERLINK(""https://www.wowhead.com/classic/quest=7894"", ""Copper Modulator"")"	
"=HYPERLINK(""https://www.wowhead.com/classic/quest=7895"", ""Whirring Bronze Gizmo"")"	
"=HYPERLINK(""https://www.wowhead.com/classic/quest=7896"", ""Green Fireworks"")"	
"=HYPERLINK(""https://www.wowhead.com/classic/quest=7897"", ""Mechanical Repair Kits"")"	
"=HYPERLINK(""https://www.wowhead.com/classic/quest=7898"", ""Thorium Widget"")"	
"=HYPERLINK(""https://www.wowhead.com/classic/quest=7899"", ""Small Furry Paws"")"	
"=HYPERLINK(""https://www.wowhead.com/classic/quest=7900"", ""Torn Bear Pelts"")"	
"=HYPERLINK(""https://www.wowhead.com/classic/quest=7901"", ""Soft Bushy Tails"")"	
"=HYPERLINK(""https://www.wowhead.com/classic/quest=7902"", ""Vibrant Plumes"")"	
"=HYPERLINK(""https://www.wowhead.com/classic/quest=7903"", ""Evil Bat Eyes"")"	
"=HYPERLINK(""https://www.wowhead.com/classic/quest=7930"", ""5 Tickets - Darkmoon Flower"")"	
"=HYPERLINK(""https://www.wowhead.com/classic/quest=7931"", ""5 Tickets - Minor Darkmoon Prize"")"	
"=HYPERLINK(""https://www.wowhead.com/classic/quest=7932"", ""12 Tickets - Lesser Darkmoon Prize"")"	
"=HYPERLINK(""https://www.wowhead.com/classic/quest=7933"", ""40 Tickets - Greater Darkmoon Prize"")"	
"=HYPERLINK(""https://www.wowhead.com/classic/quest=7934"", ""50 Tickets - Darkmoon Storage Box"")"	
"=HYPERLINK(""https://www.wowhead.com/classic/quest=7935"", ""10 Tickets - Last Month's Mutton"")"	
"=HYPERLINK(""https://www.wowhead.com/classic/quest=7936"", ""50 Tickets - Last Year's Mutton"")"	
"=HYPERLINK(""https://www.wowhead.com/classic/quest=7939"", ""More Dense Grinding Stones"")"	
"=HYPERLINK(""https://www.wowhead.com/classic/quest=7940"", ""1200 Tickets - Orb of the Darkmoon"")"	
"=HYPERLINK(""https://www.wowhead.com/classic/quest=7941"", ""More Armor Kits"")"	
"=HYPERLINK(""https://www.wowhead.com/classic/quest=7942"", ""More Thorium Widgets"")"	
"=HYPERLINK(""https://www.wowhead.com/classic/quest=7943"", ""More Bat Eyes"")"	
"=HYPERLINK(""https://www.wowhead.com/classic/quest=7946"", ""Spawn of Jubjub"")"	
"=HYPERLINK(""https://www.wowhead.com/classic/quest=7981"", ""1200 Tickets - Amulet of the Darkmoon"")"	
"=HYPERLINK(""https://www.wowhead.com/classic/quest=8193"", ""Master Angler"")"	
"=HYPERLINK(""https://www.wowhead.com/classic/quest=8194"", ""Apprentice Angler"")"	
"=HYPERLINK(""https://www.wowhead.com/classic/quest=8221"", ""Rare Fish - Keefer's Angelfish"")"	
"=HYPERLINK(""https://www.wowhead.com/classic/quest=8222"", ""Glowing Scorpid Blood"")"	
"=HYPERLINK(""https://www.wowhead.com/classic/quest=8223"", ""More Glowing Scorpid Blood"")"	
"=HYPERLINK(""https://www.wowhead.com/classic/quest=8224"", ""Rare Fish - Dezian Queenfish"")"	
"=HYPERLINK(""https://www.wowhead.com/classic/quest=8225"", ""Rare Fish - Brownell's Blue Striped Racer"")"	
"=HYPERLINK(""https://www.wowhead.com/tbc/quest=9085"", ""Shadows of Doom"")"	
"=HYPERLINK(""https://www.wowhead.com/tbc/quest=9153"", ""Under the Shadow"")"	
"=HYPERLINK(""https://www.wowhead.com/tbc/quest=9249"", ""40 Tickets - Schematic: Steam Tonk Controller"")"	
"=HYPERLINK(""https://www.wowhead.com/tbc/quest=9259"", ""Traitor to the Bloodsail"")"	
"=HYPERLINK(""https://www.wowhead.com/tbc/quest=9266"", ""Making Amends"")"	
"=HYPERLINK(""https://www.wowhead.com/tbc/quest=9267"", ""Mending Old Wounds"")"	
"=HYPERLINK(""https://www.wowhead.com/tbc/quest=9268"", ""War at Sea"")"	
"=HYPERLINK(""https://www.wowhead.com/tbc/quest=11472"", ""The Way to His Heart..."")"	
"=HYPERLINK(""https://www.wowhead.com/wotlk/quest=12918"", ""Gem Perfection"")"	
"=HYPERLINK(""https://www.wowhead.com/wotlk/quest=12952"", ""Gem Perfection"")"	
"=HYPERLINK(""https://www.wowhead.com/wotlk/quest=12958"", ""Shipment: Blood Jade Amulet "")"	
"=HYPERLINK(""https://www.wowhead.com/wotlk/quest=12959"", ""Shipment: Glowing Ivory Figurine"")"	
"=HYPERLINK(""https://www.wowhead.com/wotlk/quest=12960"", ""Shipment: Wicked Sun Brooch"")"	
"=HYPERLINK(""https://www.wowhead.com/wotlk/quest=12961"", ""Shipment: Intricate Bone Figurine"")"	
"=HYPERLINK(""https://www.wowhead.com/wotlk/quest=12962"", ""Shipment: Bright Armor Relic"")"	
"=HYPERLINK(""https://www.wowhead.com/wotlk/quest=12963"", ""Shipment: Shifting Sun Curio "")"	
"=HYPERLINK(""https://www.wowhead.com/wotlk/quest=13002"", ""Gem Perfection"")"	
"=HYPERLINK(""https://www.wowhead.com/wotlk/quest=13004"", ""Gem Perfection"")"	
"=HYPERLINK(""https://www.wowhead.com/wotlk/quest=13041"", ""Finish the Shipment"")"	
"=HYPERLINK(""https://www.wowhead.com/wotlk/quest=13087"", ""Northern Cooking"")"	
"=HYPERLINK(""https://www.wowhead.com/wotlk/quest=13088"", ""Northern Cooking"")"	
"=HYPERLINK(""https://www.wowhead.com/wotlk/quest=13089"", ""Northern Cooking"")"	
"=HYPERLINK(""https://www.wowhead.com/wotlk/quest=13090"", ""Northern Cooking"")"	
"=HYPERLINK(""https://www.wowhead.com/wotlk/quest=13100"", ""Infused Mushroom Meatloaf"")"	
"=HYPERLINK(""https://www.wowhead.com/wotlk/quest=13101"", ""Convention at the Legerdemain"")"	
"=HYPERLINK(""https://www.wowhead.com/wotlk/quest=13102"", ""Sewer Stew"")"	
"=HYPERLINK(""https://www.wowhead.com/wotlk/quest=13103"", ""Cheese for Glowergold"")"	
"=HYPERLINK(""https://www.wowhead.com/wotlk/quest=13107"", ""Mustard Dogs!"")"	
"=HYPERLINK(""https://www.wowhead.com/wotlk/quest=13112"", ""Infused Mushroom Meatloaf"")"	
"=HYPERLINK(""https://www.wowhead.com/wotlk/quest=13113"", ""Convention at the Legerdemain"")"	
"=HYPERLINK(""https://www.wowhead.com/wotlk/quest=13114"", ""Sewer Stew"")"	
"=HYPERLINK(""https://www.wowhead.com/wotlk/quest=13115"", ""Cheese for Glowergold"")"	
"=HYPERLINK(""https://www.wowhead.com/wotlk/quest=13116"", ""Mustard Dogs!"")"	
"=HYPERLINK(""https://www.wowhead.com/wotlk/quest=13148"", ""Necklace Repair"")"	
"=HYPERLINK(""https://www.wowhead.com/wotlk/quest=13832"", ""Jewel Of The Sewers"")"	
"=HYPERLINK(""https://www.wowhead.com/wotlk/quest=13833"", ""Blood Is Thicker"")"	
"=HYPERLINK(""https://www.wowhead.com/wotlk/quest=13834"", ""Dangerously Delicious"")"	
"=HYPERLINK(""https://www.wowhead.com/wotlk/quest=13836"", ""Disarmed!"")"	
"=HYPERLINK(""https://www.wowhead.com/wotlk/quest=14048"", ""Can't Get Enough Turkey"")"	
"=HYPERLINK(""https://www.wowhead.com/wotlk/quest=14051"", ""Don't Forget The Stuffing!"")"	
"=HYPERLINK(""https://www.wowhead.com/wotlk/quest=14053"", ""We're Out of Cranberry Chutney Again?"")"	
"=HYPERLINK(""https://www.wowhead.com/wotlk/quest=14054"", ""Easy As Pie"")"	
"=HYPERLINK(""https://www.wowhead.com/wotlk/quest=14055"", ""She Says Potato"")"	
"=HYPERLINK(""https://www.wowhead.com/wotlk/quest=14058"", ""She Says Potato"")"	
"=HYPERLINK(""https://www.wowhead.com/wotlk/quest=14059"", ""We're Out of Cranberry Chutney Again?"")"	
"=HYPERLINK(""https://www.wowhead.com/wotlk/quest=14060"", ""Easy As Pie"")"	
"=HYPERLINK(""https://www.wowhead.com/wotlk/quest=14061"", ""Can't Get Enough Turkey"")"	
"=HYPERLINK(""https://www.wowhead.com/wotlk/quest=14062"", ""Don't Forget The Stuffing!"")"	
"=HYPERLINK(""https://www.wowhead.com/wotlk/quest=14151"", ""Cardinal Ruby"")"	
"=HYPERLINK(""https://www.wowhead.com/wotlk/quest=24803"", ""Kalu'ak Fishing Derby"")"	
"=HYPERLINK(""https://www.wowhead.com/wotlk/quest=24806"", ""Better Luck Next Time"")"	
"=HYPERLINK(""https://www.wowhead.com/wotlk/quest=25199"", ""Basic Orders"")"	
"=HYPERLINK(""https://www.wowhead.com/wotlk/quest=25212"", ""Vent Horizon"")"	
"=HYPERLINK(""https://www.wowhead.com/wotlk/quest=25283"", ""Prepping the Speech"")"	
"=HYPERLINK(""https://www.wowhead.com/classic/quest=16"", ""Give Gerard a Drink"")"	
"=HYPERLINK(""https://www.wowhead.com/classic/quest=179"", ""Dwarven Outfitters"")"	
"=HYPERLINK(""https://www.wowhead.com/classic/quest=579"", ""Stormwind Library"")"	
"=HYPERLINK(""https://www.wowhead.com/classic/quest=3861"", ""CLUCK!"")"	
"=HYPERLINK(""https://www.wowhead.com/classic/quest=4295"", ""Rocknot's Ale"")"	
"=HYPERLINK(""https://www.wowhead.com/classic/quest=7660"", ""Wolf Swapping - Arctic Wolf"")"	
"=HYPERLINK(""https://www.wowhead.com/classic/quest=7661"", ""Wolf Swapping - Red Wolf"")"	
"=HYPERLINK(""https://www.wowhead.com/classic/quest=7662"", ""New Kodo - Teal"")"	
"=HYPERLINK(""https://www.wowhead.com/classic/quest=7663"", ""New Kodo - Green"")"	
"=HYPERLINK(""https://www.wowhead.com/classic/quest=7664"", ""Ivory Raptor Replacement"")"	
"=HYPERLINK(""https://www.wowhead.com/classic/quest=7665"", ""Red Raptor Replacement"")"	
"=HYPERLINK(""https://www.wowhead.com/classic/quest=7671"", ""Frostsaber Replacement"")"	
"=HYPERLINK(""https://www.wowhead.com/classic/quest=7672"", ""Nightsaber Replacement"")"	
"=HYPERLINK(""https://www.wowhead.com/classic/quest=7673"", ""Frost Ram Exchange"")"	
"=HYPERLINK(""https://www.wowhead.com/classic/quest=7674"", ""Black Ram Exchange"")"	
"=HYPERLINK(""https://www.wowhead.com/classic/quest=7677"", ""White Stallion Exchange"")"	
"=HYPERLINK(""https://www.wowhead.com/classic/quest=7678"", ""Palomino Exchange"")"	
"=HYPERLINK(""https://www.wowhead.com/classic/quest=8325"", ""Reclaiming Sunstrider Isle"")"	
"=HYPERLINK(""https://www.wowhead.com/tbc/quest=9280"", ""Replenishing the Healing Crystals"")"	
"=HYPERLINK(""https://www.wowhead.com/tbc/quest=9369"", ""Replenishing the Healing Crystals"")"	
"=HYPERLINK(""https://www.wowhead.com/classic/quest=7"", ""Kobold Camp Cleanup"")"	
"=HYPERLINK(""https://www.wowhead.com/classic/quest=33"", ""Wolves Across the Border"")"	
"=HYPERLINK(""https://www.wowhead.com/classic/quest=170"", ""A New Threat"")"	
"=HYPERLINK(""https://www.wowhead.com/classic/quest=364"", ""The Mindless Ones"")"	
"=HYPERLINK(""https://www.wowhead.com/classic/quest=376"", ""The Damned"")"	
"=HYPERLINK(""https://www.wowhead.com/classic/quest=456"", ""The Balance of Nature"")"	
"=HYPERLINK(""https://www.wowhead.com/classic/quest=747"", ""The Hunt Begins"")"	
"=HYPERLINK(""https://www.wowhead.com/classic/quest=788"", ""Cutting Teeth"")"	
"=HYPERLINK(""https://www.wowhead.com/tbc/quest=9283"", ""Rescue the Survivors!"")"	
"=HYPERLINK(""https://www.wowhead.com/tbc/quest=9293"", ""What Must Be Done..."")"	
"=HYPERLINK(""https://www.wowhead.com/tbc/quest=10302"", ""Volatile Mutations"")"	
"=HYPERLINK(""https://www.wowhead.com/classic/quest=15"", ""Investigate Echo Ridge"")"	
"=HYPERLINK(""https://www.wowhead.com/classic/quest=183"", ""The Boar Hunter"")"	
"=HYPERLINK(""https://www.wowhead.com/classic/quest=457"", ""The Balance of Nature"")"	
"=HYPERLINK(""https://www.wowhead.com/classic/quest=459"", ""The Woodland Protector"")"	
"=HYPERLINK(""https://www.wowhead.com/classic/quest=750"", ""The Hunt Continues"")"	
"=HYPERLINK(""https://www.wowhead.com/classic/quest=753"", ""A Humble Task"")"	
"=HYPERLINK(""https://www.wowhead.com/classic/quest=789"", ""Sting of the Scorpid"")"	
"=HYPERLINK(""https://www.wowhead.com/classic/quest=3361"", ""A Refugee's Quandary"")"	
"=HYPERLINK(""https://www.wowhead.com/classic/quest=3901"", ""Rattling the Rattlecages"")"	
"=HYPERLINK(""https://www.wowhead.com/classic/quest=3902"", ""Scavenging Deathknell"")"	
"=HYPERLINK(""https://www.wowhead.com/classic/quest=4402"", ""Galgar's Cactus Apple Surprise"")"	
"=HYPERLINK(""https://www.wowhead.com/classic/quest=8326"", ""Unfortunate Measures"")"	
"=HYPERLINK(""https://www.wowhead.com/classic/quest=8346"", ""Thirst Unending"")"	
"=HYPERLINK(""https://www.wowhead.com/tbc/quest=9294"", ""Healing the Lake"")"	
"=HYPERLINK(""https://www.wowhead.com/tbc/quest=9799"", ""Botanical Legwork"")"	
"=HYPERLINK(""https://www.wowhead.com/classic/quest=18"", ""Brotherhood of Thieves"")"	
"=HYPERLINK(""https://www.wowhead.com/classic/quest=182"", ""The Troll Cave"")"	
"=HYPERLINK(""https://www.wowhead.com/classic/quest=380"", ""Night Web's Hollow"")"	
"=HYPERLINK(""https://www.wowhead.com/classic/quest=381"", ""The Scarlet Crusade"")"	
"=HYPERLINK(""https://www.wowhead.com/classic/quest=757"", ""Rite of Strength"")"	
"=HYPERLINK(""https://www.wowhead.com/classic/quest=780"", ""The Battleboars"")"	
"=HYPERLINK(""https://www.wowhead.com/classic/quest=792"", ""Vile Familiars"")"	
"=HYPERLINK(""https://www.wowhead.com/classic/quest=916"", ""Webwood Venom"")"	
"=HYPERLINK(""https://www.wowhead.com/classic/quest=3521"", ""Iverron's Antidote"")"	
"=HYPERLINK(""https://www.wowhead.com/classic/quest=3904"", ""Milly's Harvest"")"	
"=HYPERLINK(""https://www.wowhead.com/classic/quest=5441"", ""Lazy Peons"")"	
"=HYPERLINK(""https://www.wowhead.com/classic/quest=6394"", ""Thazz'ril's Pick"")"	
"=HYPERLINK(""https://www.wowhead.com/classic/quest=8330"", ""Solanian's Belongings"")"	
"=HYPERLINK(""https://www.wowhead.com/classic/quest=8334"", ""Aggression"")"	
"=HYPERLINK(""https://www.wowhead.com/classic/quest=8336"", ""A Fistful of Slivers"")"	
"=HYPERLINK(""https://www.wowhead.com/classic/quest=8345"", ""The Shrine of Dath'Remar"")"	
"=HYPERLINK(""https://www.wowhead.com/tbc/quest=9303"", ""Inoculation"")"	
"=HYPERLINK(""https://www.wowhead.com/tbc/quest=9305"", ""Spare Parts"")"	
"=HYPERLINK(""https://www.wowhead.com/tbc/quest=10303"", ""The Blood Elves"")"	
"=HYPERLINK(""https://www.wowhead.com/classic/quest=6"", ""Bounty on Garrick Padfoot"")"	
"=HYPERLINK(""https://www.wowhead.com/classic/quest=21"", ""Skirmish at Echo Ridge"")"	
"=HYPERLINK(""https://www.wowhead.com/classic/quest=218"", ""The Stolen Journal"")"	
"=HYPERLINK(""https://www.wowhead.com/classic/quest=382"", ""The Red Messenger"")"	
"=HYPERLINK(""https://www.wowhead.com/classic/quest=488"", ""Zenn's Bidding"")"	
"=HYPERLINK(""https://www.wowhead.com/classic/quest=748"", ""Poison Water"")"	
"=HYPERLINK(""https://www.wowhead.com/classic/quest=790"", ""Sarkoth"")"	
"=HYPERLINK(""https://www.wowhead.com/classic/quest=794"", ""Burning Blade Medallion"")"	
"=HYPERLINK(""https://www.wowhead.com/classic/quest=917"", ""Webwood Egg"")"	
"=HYPERLINK(""https://www.wowhead.com/classic/quest=921"", ""Crown of the Earth"")"	
"=HYPERLINK(""https://www.wowhead.com/classic/quest=929"", ""Crown of the Earth"")"	
"=HYPERLINK(""https://www.wowhead.com/classic/quest=3376"", ""Break Sharptusk!"")"	
"=HYPERLINK(""https://www.wowhead.com/classic/quest=5481"", ""Gordo's Task"")"	
"=HYPERLINK(""https://www.wowhead.com/classic/quest=6395"", ""Marla's Last Wish"")"	
"=HYPERLINK(""https://www.wowhead.com/classic/quest=8335"", ""Felendren the Banished"")"	
"=HYPERLINK(""https://www.wowhead.com/classic/quest=8463"", ""Unstable Mana Crystals"")"	
"=HYPERLINK(""https://www.wowhead.com/classic/quest=8472"", ""Major Malfunction"")"	
"=HYPERLINK(""https://www.wowhead.com/tbc/quest=9311"", ""Blood Elf Spy"")"	
"=HYPERLINK(""https://www.wowhead.com/classic/quest=86"", ""Pie for Billy"")"	
"=HYPERLINK(""https://www.wowhead.com/classic/quest=317"", ""Stocking Jetsteam"")"	
"=HYPERLINK(""https://www.wowhead.com/classic/quest=367"", ""A New Plague"")"	
"=HYPERLINK(""https://www.wowhead.com/classic/quest=404"", ""A Putrid Task"")"	
"=HYPERLINK(""https://www.wowhead.com/classic/quest=745"", ""Sharing the Land"")"	
"=HYPERLINK(""https://www.wowhead.com/classic/quest=754"", ""Winterhoof Cleansing"")"	
"=HYPERLINK(""https://www.wowhead.com/classic/quest=761"", ""Swoop Hunting"")"	
"=HYPERLINK(""https://www.wowhead.com/classic/quest=2438"", ""The Emerald Dreamcatcher"")"	
"=HYPERLINK(""https://www.wowhead.com/classic/quest=5482"", ""Doom Weed"")"	
"=HYPERLINK(""https://www.wowhead.com/classic/quest=5541"", ""Ammo for Rumbleshot"")"	
"=HYPERLINK(""https://www.wowhead.com/classic/quest=8468"", ""Wanted: Thaelis the Hungerer"")"	
"=HYPERLINK(""https://www.wowhead.com/classic/quest=8475"", ""The Dead Scar"")"	
"=HYPERLINK(""https://www.wowhead.com/classic/quest=8486"", ""Arcane Instability"")"	
"=HYPERLINK(""https://www.wowhead.com/tbc/quest=9062"", ""Soaked Pages"")"	
"=HYPERLINK(""https://www.wowhead.com/tbc/quest=9066"", ""Swift Discipline"")"	
"=HYPERLINK(""https://www.wowhead.com/tbc/quest=9260"", ""Investigate the Scourge of Stormwind"")"	
"=HYPERLINK(""https://www.wowhead.com/tbc/quest=9352"", ""Darnassian Intrusions"")"	
"=HYPERLINK(""https://www.wowhead.com/tbc/quest=9452"", ""Red Snapper - Very Tasty!"")"	
"=HYPERLINK(""https://www.wowhead.com/tbc/quest=9454"", ""The Great Moongraze Hunt"")"	
"=HYPERLINK(""https://www.wowhead.com/tbc/quest=9463"", ""Medicinal Purpose"")"	
"=HYPERLINK(""https://www.wowhead.com/classic/quest=47"", ""Gold Dust Exchange"")"	
"=HYPERLINK(""https://www.wowhead.com/classic/quest=60"", ""Kobold Candles"")"	
"=HYPERLINK(""https://www.wowhead.com/classic/quest=62"", ""The Fargodeep Mine"")"	
"=HYPERLINK(""https://www.wowhead.com/classic/quest=112"", ""Collecting Kelp"")"	
"=HYPERLINK(""https://www.wowhead.com/classic/quest=308"", ""Distracting Jarven"")"	
"=HYPERLINK(""https://www.wowhead.com/classic/quest=313"", ""The Grizzled Den"")"	
"=HYPERLINK(""https://www.wowhead.com/classic/quest=365"", ""Fields of Grief"")"	
"=HYPERLINK(""https://www.wowhead.com/classic/quest=374"", ""Proof of Demise"")"	
"=HYPERLINK(""https://www.wowhead.com/classic/quest=384"", ""Beer Basted Boar Ribs"")"	
"=HYPERLINK(""https://www.wowhead.com/classic/quest=489"", ""Seek Redemption!"")"	
"=HYPERLINK(""https://www.wowhead.com/classic/quest=756"", ""Thunderhorn Totem"")"	
"=HYPERLINK(""https://www.wowhead.com/classic/quest=771"", ""Rite of Vision"")"	
"=HYPERLINK(""https://www.wowhead.com/classic/quest=772"", ""Rite of Vision"")"	
"=HYPERLINK(""https://www.wowhead.com/classic/quest=784"", ""Vanquish the Betrayers"")"	
"=HYPERLINK(""https://www.wowhead.com/classic/quest=791"", ""Carry Your Weight"")"	
"=HYPERLINK(""https://www.wowhead.com/classic/quest=818"", ""A Solvent Spirit"")"	
"=HYPERLINK(""https://www.wowhead.com/classic/quest=918"", ""Timberling Seeds"")"	
"=HYPERLINK(""https://www.wowhead.com/classic/quest=919"", ""Timberling Sprouts"")"	
"=HYPERLINK(""https://www.wowhead.com/classic/quest=932"", ""Twisted Hatred"")"	
"=HYPERLINK(""https://www.wowhead.com/classic/quest=4161"", ""Recipe of the Kaldorei"")"	
"=HYPERLINK(""https://www.wowhead.com/classic/quest=8480"", ""Lost Armaments"")"	
"=HYPERLINK(""https://www.wowhead.com/classic/quest=8483"", ""The Dwarven Spy"")"	
"=HYPERLINK(""https://www.wowhead.com/classic/quest=8491"", ""Pelt Collection"")"	
"=HYPERLINK(""https://www.wowhead.com/classic/quest=8884"", ""Fish Heads, Fish Heads..."")"	
"=HYPERLINK(""https://www.wowhead.com/classic/quest=8892"", ""Situation at Sunsail Anchorage"")"	
"=HYPERLINK(""https://www.wowhead.com/tbc/quest=9506"", ""A Small Start"")"	
"=HYPERLINK(""https://www.wowhead.com/tbc/quest=9512"", ""Cookie's Jumbo Gumbo"")"	
"=HYPERLINK(""https://www.wowhead.com/tbc/quest=11129"", ""Kyle's Gone Missing!"")"	
"=HYPERLINK(""https://www.wowhead.com/classic/quest=87"", ""Goldtooth"")"	
"=HYPERLINK(""https://www.wowhead.com/classic/quest=319"", ""A Favor for Evershine"")"	
"=HYPERLINK(""https://www.wowhead.com/classic/quest=357"", ""The Lich's Identity"")"	
"=HYPERLINK(""https://www.wowhead.com/classic/quest=358"", ""Graverobbers"")"	
"=HYPERLINK(""https://www.wowhead.com/classic/quest=375"", ""The Chill of Death"")"	
"=HYPERLINK(""https://www.wowhead.com/classic/quest=426"", ""The Mills Overrun"")"	
"=HYPERLINK(""https://www.wowhead.com/classic/quest=427"", ""At War With The Scarlet Crusade"")"	
"=HYPERLINK(""https://www.wowhead.com/classic/quest=487"", ""The Road to Darnassus"")"	
"=HYPERLINK(""https://www.wowhead.com/classic/quest=743"", ""Dangers of the Windfury"")"	
"=HYPERLINK(""https://www.wowhead.com/classic/quest=746"", ""Dwarven Digging"")"	
"=HYPERLINK(""https://www.wowhead.com/classic/quest=758"", ""Thunderhorn Cleansing"")"	
"=HYPERLINK(""https://www.wowhead.com/classic/quest=766"", ""Mazzranache"")"	
"=HYPERLINK(""https://www.wowhead.com/classic/quest=768"", ""Gathering Leather"")"	
"=HYPERLINK(""https://www.wowhead.com/classic/quest=786"", ""Thwarting Kolkar Aggression"")"	
"=HYPERLINK(""https://www.wowhead.com/classic/quest=815"", ""Break a Few Eggs"")"	
"=HYPERLINK(""https://www.wowhead.com/classic/quest=817"", ""Practical Prey"")"	
"=HYPERLINK(""https://www.wowhead.com/classic/quest=825"", ""From The Wreckage...."")"	
"=HYPERLINK(""https://www.wowhead.com/classic/quest=1581"", ""Elixirs for the Bladeleafs"")"	
"=HYPERLINK(""https://www.wowhead.com/classic/quest=2459"", ""Ferocitas the Dream Eater"")"	
"=HYPERLINK(""https://www.wowhead.com/classic/quest=2541"", ""The Sleeping Druid"")"	
"=HYPERLINK(""https://www.wowhead.com/classic/quest=8886"", ""Grimscale Pirates!"")"	
"=HYPERLINK(""https://www.wowhead.com/tbc/quest=9076"", ""Wretched Ringleader"")"	
"=HYPERLINK(""https://www.wowhead.com/tbc/quest=9265"", ""Investigate the Scourge of the Undercity"")"	
"=HYPERLINK(""https://www.wowhead.com/tbc/quest=9456"", ""Nightstalker Clean Up, Isle 2..."")"	
"=HYPERLINK(""https://www.wowhead.com/tbc/quest=9473"", ""An Alternative Alternative"")"	
"=HYPERLINK(""https://www.wowhead.com/tbc/quest=9513"", ""Reclaiming the Ruins"")"	
"=HYPERLINK(""https://www.wowhead.com/tbc/quest=9523"", ""Precious and Fragile Things Need Special Handling"")"	
"=HYPERLINK(""https://www.wowhead.com/tbc/quest=10324"", ""The Great Moongraze Hunt"")"	
"=HYPERLINK(""https://www.wowhead.com/classic/quest=83"", ""Red Linen Goods"")"	
"=HYPERLINK(""https://www.wowhead.com/classic/quest=88"", ""Princess Must Die!"")"	
"=HYPERLINK(""https://www.wowhead.com/classic/quest=287"", ""Frostmane Hold"")"	
"=HYPERLINK(""https://www.wowhead.com/classic/quest=315"", ""The Perfect Stout"")"	
"=HYPERLINK(""https://www.wowhead.com/classic/quest=368"", ""A New Plague"")"	
"=HYPERLINK(""https://www.wowhead.com/classic/quest=370"", ""At War With The Scarlet Crusade"")"	
"=HYPERLINK(""https://www.wowhead.com/classic/quest=432"", ""Those Blasted Troggs!"")"	
"=HYPERLINK(""https://www.wowhead.com/classic/quest=483"", ""The Relics of Wakening"")"	
"=HYPERLINK(""https://www.wowhead.com/classic/quest=808"", ""Minshina's Skull"")"	
"=HYPERLINK(""https://www.wowhead.com/classic/quest=812"", ""Need for a Cure"")"	
"=HYPERLINK(""https://www.wowhead.com/classic/quest=813"", ""Finding the Antidote"")"	
"=HYPERLINK(""https://www.wowhead.com/classic/quest=834"", ""Winds in the Desert"")"	
"=HYPERLINK(""https://www.wowhead.com/classic/quest=923"", ""Tumors"")"	
"=HYPERLINK(""https://www.wowhead.com/classic/quest=933"", ""Crown of the Earth"")"	
"=HYPERLINK(""https://www.wowhead.com/classic/quest=2499"", ""Oakenscowl"")"	
"=HYPERLINK(""https://www.wowhead.com/classic/quest=5545"", ""A Bundle of Trouble"")"	
"=HYPERLINK(""https://www.wowhead.com/classic/quest=8473"", ""A Somber Task"")"	
"=HYPERLINK(""https://www.wowhead.com/classic/quest=8487"", ""Corrupted Soil"")"	
"=HYPERLINK(""https://www.wowhead.com/classic/quest=8885"", ""The Ring of Mmmrrrggglll"")"	
"=HYPERLINK(""https://www.wowhead.com/tbc/quest=9067"", ""The Party Never Ends"")"	
"=HYPERLINK(""https://www.wowhead.com/tbc/quest=9252"", ""Defending Fairbreeze Village"")"	
"=HYPERLINK(""https://www.wowhead.com/tbc/quest=9530"", ""I've Got a Plant"")"	
"=HYPERLINK(""https://www.wowhead.com/tbc/quest=9531"", ""Tree's Company"")"	
"=HYPERLINK(""https://www.wowhead.com/tbc/quest=9537"", ""Show Gnomercy"")"	
"=HYPERLINK(""https://www.wowhead.com/classic/quest=11"", ""Riverpaw Gnoll Bounty"")"	
"=HYPERLINK(""https://www.wowhead.com/classic/quest=46"", ""Bounty on Murlocs"")"	
"=HYPERLINK(""https://www.wowhead.com/classic/quest=52"", ""Protect the Frontier"")"	
"=HYPERLINK(""https://www.wowhead.com/classic/quest=76"", ""The Jasperlode Mine"")"	
"=HYPERLINK(""https://www.wowhead.com/classic/quest=147"", ""Manhunt"")"	
"=HYPERLINK(""https://www.wowhead.com/classic/quest=362"", ""The Haunted Mills"")"	
"=HYPERLINK(""https://www.wowhead.com/classic/quest=371"", ""At War With The Scarlet Crusade"")"	
"=HYPERLINK(""https://www.wowhead.com/classic/quest=398"", ""Wanted: Maggot Eye"")"	
"=HYPERLINK(""https://www.wowhead.com/classic/quest=410"", ""The Dormant Shade"")"	
"=HYPERLINK(""https://www.wowhead.com/classic/quest=412"", ""Operation Recombobulation"")"	
"=HYPERLINK(""https://www.wowhead.com/classic/quest=421"", ""Prove Your Worth"")"	
"=HYPERLINK(""https://www.wowhead.com/classic/quest=759"", ""Wildmane Totem"")"	
"=HYPERLINK(""https://www.wowhead.com/classic/quest=760"", ""Wildmane Cleansing"")"	
"=HYPERLINK(""https://www.wowhead.com/classic/quest=764"", ""The Venture Co."")"	
"=HYPERLINK(""https://www.wowhead.com/classic/quest=769"", ""Kodo Hide Bag"")"	
"=HYPERLINK(""https://www.wowhead.com/classic/quest=826"", ""Zalazane"")"	
"=HYPERLINK(""https://www.wowhead.com/classic/quest=833"", ""A Sacred Burial"")"	
"=HYPERLINK(""https://www.wowhead.com/classic/quest=837"", ""Encroachment"")"	
"=HYPERLINK(""https://www.wowhead.com/classic/quest=861"", ""The Hunter's Way"")"	
"=HYPERLINK(""https://www.wowhead.com/classic/quest=983"", ""Buzzbox 827"")"	
"=HYPERLINK(""https://www.wowhead.com/classic/quest=8476"", ""Amani Encroachment"")"	
"=HYPERLINK(""https://www.wowhead.com/classic/quest=8477"", ""The Spearcrafter's Hammer"")"	
"=HYPERLINK(""https://www.wowhead.com/classic/quest=8490"", ""Powering our Defenses"")"	
"=HYPERLINK(""https://www.wowhead.com/classic/quest=8889"", ""Deactivating the Spire"")"	
"=HYPERLINK(""https://www.wowhead.com/classic/quest=8894"", ""Cleaning up the Grounds"")"	
"=HYPERLINK(""https://www.wowhead.com/tbc/quest=9138"", ""Suncrown Village"")"	
"=HYPERLINK(""https://www.wowhead.com/tbc/quest=9147"", ""The Fallen Courier"")"	
"=HYPERLINK(""https://www.wowhead.com/tbc/quest=9515"", ""Warlord Sriss'tiz"")"	
"=HYPERLINK(""https://www.wowhead.com/tbc/quest=9527"", ""All That Remains"")"	
"=HYPERLINK(""https://www.wowhead.com/tbc/quest=9544"", ""The Prophecy of Akida"")"	
"=HYPERLINK(""https://www.wowhead.com/tbc/quest=9560"", ""Beasts of the Apocalypse!"")"	
"=HYPERLINK(""https://www.wowhead.com/tbc/quest=9562"", ""Murlocs... Why Here? Why Now?"")"	
"=HYPERLINK(""https://www.wowhead.com/tbc/quest=10166"", ""Whitebark's Memory"")"	
"=HYPERLINK(""https://www.wowhead.com/wotlk/quest=12816"", ""Investigate the Scourge of Silvermoon"")"	
"=HYPERLINK(""https://www.wowhead.com/wotlk/quest=12817"", ""Investigate the Scourge of Exodar"")"	
"=HYPERLINK(""https://www.wowhead.com/classic/quest=176"", ""Wanted:  \""""Hogger\"""""")"	
"=HYPERLINK(""https://www.wowhead.com/classic/quest=354"", ""Deaths in the Family"")"	
"=HYPERLINK(""https://www.wowhead.com/classic/quest=356"", ""Rear Guard Patrol"")"	
"=HYPERLINK(""https://www.wowhead.com/classic/quest=369"", ""A New Plague"")"	
"=HYPERLINK(""https://www.wowhead.com/classic/quest=416"", ""Rat Catching"")"	
"=HYPERLINK(""https://www.wowhead.com/classic/quest=417"", ""A Pilot's Revenge"")"	
"=HYPERLINK(""https://www.wowhead.com/classic/quest=418"", ""Thelsamar Blood Sausages"")"	
"=HYPERLINK(""https://www.wowhead.com/classic/quest=422"", ""Arugal's Folly"")"	
"=HYPERLINK(""https://www.wowhead.com/classic/quest=429"", ""Wild Hearts"")"	
"=HYPERLINK(""https://www.wowhead.com/classic/quest=433"", ""The Public Servant"")"	
"=HYPERLINK(""https://www.wowhead.com/classic/quest=744"", ""Preparation for Ceremony"")"	
"=HYPERLINK(""https://www.wowhead.com/classic/quest=816"", ""Lost But Not Forgotten"")"	
"=HYPERLINK(""https://www.wowhead.com/classic/quest=835"", ""Securing the Lines"")"	
"=HYPERLINK(""https://www.wowhead.com/classic/quest=937"", ""The Enchanted Glade"")"	
"=HYPERLINK(""https://www.wowhead.com/classic/quest=7383"", ""Crown of the Earth"")"	
"=HYPERLINK(""https://www.wowhead.com/classic/quest=8479"", ""Zul'Marosh"")"	
"=HYPERLINK(""https://www.wowhead.com/tbc/quest=9139"", ""Goldenmist Village"")"	
"=HYPERLINK(""https://www.wowhead.com/tbc/quest=9152"", ""Tomber's Supplies"")"	
"=HYPERLINK(""https://www.wowhead.com/tbc/quest=9160"", ""Investigate An'daroth"")"	
"=HYPERLINK(""https://www.wowhead.com/tbc/quest=9315"", ""Anok'suten"")"	
"=HYPERLINK(""https://www.wowhead.com/tbc/quest=9573"", ""Chieftain Oomooroo"")"	
"=HYPERLINK(""https://www.wowhead.com/tbc/quest=9581"", ""Learning from the Crystals"")"	
"=HYPERLINK(""https://www.wowhead.com/tbc/quest=9634"", ""Alien Predators"")"	
"=HYPERLINK(""https://www.wowhead.com/classic/quest=12"", ""The People's Militia"")"	
"=HYPERLINK(""https://www.wowhead.com/classic/quest=22"", ""Goretusk Liver Pie"")"	
"=HYPERLINK(""https://www.wowhead.com/classic/quest=64"", ""The Forgotten Heirloom"")"	
"=HYPERLINK(""https://www.wowhead.com/classic/quest=224"", ""In Defense of the King's Lands"")"	
"=HYPERLINK(""https://www.wowhead.com/classic/quest=267"", ""The Trogg Threat"")"	
"=HYPERLINK(""https://www.wowhead.com/classic/quest=312"", ""Tundra MacGrann's Stolen Stash"")"	
"=HYPERLINK(""https://www.wowhead.com/classic/quest=314"", ""Protecting the Herd"")"	
"=HYPERLINK(""https://www.wowhead.com/classic/quest=372"", ""At War With The Scarlet Crusade"")"	
"=HYPERLINK(""https://www.wowhead.com/classic/quest=409"", ""Proving Allegiance"")"	
"=HYPERLINK(""https://www.wowhead.com/classic/quest=425"", ""Ivar the Foul"")"	
"=HYPERLINK(""https://www.wowhead.com/classic/quest=447"", ""A Recipe For Death"")"	
"=HYPERLINK(""https://www.wowhead.com/classic/quest=486"", ""Ursal the Mauler"")"	
"=HYPERLINK(""https://www.wowhead.com/classic/quest=765"", ""Supervisor Fizsprocket"")"	
"=HYPERLINK(""https://www.wowhead.com/classic/quest=806"", ""Dark Storms"")"	
"=HYPERLINK(""https://www.wowhead.com/classic/quest=827"", ""Skull Rock"")"	
"=HYPERLINK(""https://www.wowhead.com/classic/quest=844"", ""Plainstrider Menace"")"	
"=HYPERLINK(""https://www.wowhead.com/classic/quest=871"", ""Disrupt the Attacks"")"	
"=HYPERLINK(""https://www.wowhead.com/classic/quest=953"", ""The Fall of Ameth'Aran"")"	
"=HYPERLINK(""https://www.wowhead.com/classic/quest=954"", ""Bashal'Aran"")"	
"=HYPERLINK(""https://www.wowhead.com/classic/quest=955"", ""Bashal'Aran"")"	
"=HYPERLINK(""https://www.wowhead.com/classic/quest=958"", ""Tools of the Highborne"")"	
"=HYPERLINK(""https://www.wowhead.com/classic/quest=1001"", ""Buzzbox 411"")"	
"=HYPERLINK(""https://www.wowhead.com/classic/quest=1578"", ""Supplying the Front"")"	
"=HYPERLINK(""https://www.wowhead.com/classic/quest=1579"", ""Gaffer Jacks"")"	
"=HYPERLINK(""https://www.wowhead.com/classic/quest=1580"", ""Electropellers"")"	
"=HYPERLINK(""https://www.wowhead.com/classic/quest=2178"", ""Easy Strider Living"")"	
"=HYPERLINK(""https://www.wowhead.com/classic/quest=2518"", ""Tears of the Moon"")"	
"=HYPERLINK(""https://www.wowhead.com/classic/quest=2520"", ""Sathrah's Sacrifice"")"	
"=HYPERLINK(""https://www.wowhead.com/classic/quest=5726"", ""Hidden Enemies"")"	
"=HYPERLINK(""https://www.wowhead.com/classic/quest=6661"", ""Deeprun Rat Roundup"")"	
"=HYPERLINK(""https://www.wowhead.com/tbc/quest=9143"", ""Dealing with Zeb'Sora"")"	
"=HYPERLINK(""https://www.wowhead.com/tbc/quest=9150"", ""Salvaging the Past"")"	
"=HYPERLINK(""https://www.wowhead.com/tbc/quest=9157"", ""Forgotten Rituals"")"	
"=HYPERLINK(""https://www.wowhead.com/tbc/quest=9274"", ""Spirits of the Drowned"")"	
"=HYPERLINK(""https://www.wowhead.com/tbc/quest=9570"", ""The Kurken is Lurkin'"")"	
"=HYPERLINK(""https://www.wowhead.com/tbc/quest=9624"", ""A Favorite Treat"")"	
"=HYPERLINK(""https://www.wowhead.com/tbc/quest=9663"", ""The Kessel Run"")"	
"=HYPERLINK(""https://www.wowhead.com/classic/quest=38"", ""Westfall Stew"")"	
"=HYPERLINK(""https://www.wowhead.com/classic/quest=408"", ""The Family Crypt"")"	
"=HYPERLINK(""https://www.wowhead.com/classic/quest=845"", ""The Zhevra"")"	
"=HYPERLINK(""https://www.wowhead.com/classic/quest=869"", ""Raptor Thieves"")"	
"=HYPERLINK(""https://www.wowhead.com/classic/quest=870"", ""The Forgotten Pools"")"	
"=HYPERLINK(""https://www.wowhead.com/classic/quest=956"", ""Bashal'Aran"")"	
"=HYPERLINK(""https://www.wowhead.com/classic/quest=957"", ""Bashal'Aran"")"	
"=HYPERLINK(""https://www.wowhead.com/classic/quest=3524"", ""Washed Ashore"")"	
"=HYPERLINK(""https://www.wowhead.com/tbc/quest=9149"", ""The Plagued Coast"")"	
"=HYPERLINK(""https://www.wowhead.com/tbc/quest=9174"", ""Vanquishing Aquantion"")"	
"=HYPERLINK(""https://www.wowhead.com/tbc/quest=9629"", ""Catch and Release"")"	
"=HYPERLINK(""https://www.wowhead.com/tbc/quest=9666"", ""Declaration of Power"")"	
"=HYPERLINK(""https://www.wowhead.com/tbc/quest=9667"", ""Saving Princess Stillpine"")"	
"=HYPERLINK(""https://www.wowhead.com/classic/quest=13"", ""The People's Militia"")"	
"=HYPERLINK(""https://www.wowhead.com/classic/quest=102"", ""Patrolling Westfall"")"	
"=HYPERLINK(""https://www.wowhead.com/classic/quest=151"", ""Poor Old Blanchy"")"	
"=HYPERLINK(""https://www.wowhead.com/classic/quest=423"", ""Arugal's Folly"")"	
"=HYPERLINK(""https://www.wowhead.com/classic/quest=437"", ""The Dead Fields"")"	
"=HYPERLINK(""https://www.wowhead.com/classic/quest=776"", ""Rites of the Earthmother"")"	
"=HYPERLINK(""https://www.wowhead.com/classic/quest=855"", ""Centaur Bracers"")"	
"=HYPERLINK(""https://www.wowhead.com/classic/quest=887"", ""Southsea Freebooters"")"	
"=HYPERLINK(""https://www.wowhead.com/classic/quest=900"", ""Samophlange"")"	
"=HYPERLINK(""https://www.wowhead.com/classic/quest=901"", ""Samophlange"")"	
"=HYPERLINK(""https://www.wowhead.com/classic/quest=924"", ""The Demon Seed"")"	
"=HYPERLINK(""https://www.wowhead.com/classic/quest=984"", ""How Big a Threat?"")"	
"=HYPERLINK(""https://www.wowhead.com/classic/quest=985"", ""How Big a Threat?"")"	
"=HYPERLINK(""https://www.wowhead.com/classic/quest=1002"", ""Buzzbox 323"")"	
"=HYPERLINK(""https://www.wowhead.com/classic/quest=1141"", ""The Family and the Fishing Pole"")"	
"=HYPERLINK(""https://www.wowhead.com/classic/quest=2118"", ""Plagued Lands"")"	
"=HYPERLINK(""https://www.wowhead.com/classic/quest=4681"", ""Washed Ashore"")"	
"=HYPERLINK(""https://www.wowhead.com/classic/quest=4811"", ""The Red Crystal"")"	
"=HYPERLINK(""https://www.wowhead.com/classic/quest=4812"", ""As Water Cascades"")"	
"=HYPERLINK(""https://www.wowhead.com/classic/quest=5041"", ""Supplies for the Crossroads"")"	
"=HYPERLINK(""https://www.wowhead.com/tbc/quest=9140"", ""Windrunner Village"")"	
"=HYPERLINK(""https://www.wowhead.com/tbc/quest=9155"", ""Down the Dead Scar"")"	
"=HYPERLINK(""https://www.wowhead.com/tbc/quest=9158"", ""Bearers of the Plague"")"	
"=HYPERLINK(""https://www.wowhead.com/tbc/quest=9163"", ""Into Occupied Territory"")"	
"=HYPERLINK(""https://www.wowhead.com/tbc/quest=9192"", ""Trouble at the Underlight Mines"")"	
"=HYPERLINK(""https://www.wowhead.com/tbc/quest=9207"", ""Underlight Ore Samples"")"	
"=HYPERLINK(""https://www.wowhead.com/tbc/quest=9567"", ""Know Thine Enemy"")"	
"=HYPERLINK(""https://www.wowhead.com/tbc/quest=9574"", ""Victims of Corruption"")"	
"=HYPERLINK(""https://www.wowhead.com/tbc/quest=9584"", ""The Second Sample"")"	
"=HYPERLINK(""https://www.wowhead.com/tbc/quest=9594"", ""Signs of the Legion"")"	
"=HYPERLINK(""https://www.wowhead.com/tbc/quest=9628"", ""Salvaging the Data"")"	
"=HYPERLINK(""https://www.wowhead.com/tbc/quest=9648"", ""Mac'Aree Mushroom Menagerie"")"	
"=HYPERLINK(""https://www.wowhead.com/classic/quest=9"", ""The Killing Fields"")"	
"=HYPERLINK(""https://www.wowhead.com/classic/quest=99"", ""Arugal's Folly"")"	
"=HYPERLINK(""https://www.wowhead.com/classic/quest=116"", ""Dry Times"")"	
"=HYPERLINK(""https://www.wowhead.com/classic/quest=117"", ""Thunderbrew Lager"")"	
"=HYPERLINK(""https://www.wowhead.com/classic/quest=153"", ""Red Leather Bandanas"")"	
"=HYPERLINK(""https://www.wowhead.com/classic/quest=237"", ""In Defense of the King's Lands"")"	
"=HYPERLINK(""https://www.wowhead.com/classic/quest=263"", ""In Defense of the King's Lands"")"	
"=HYPERLINK(""https://www.wowhead.com/classic/quest=307"", ""Filthy Paws"")"	
"=HYPERLINK(""https://www.wowhead.com/classic/quest=385"", ""Crocolisk Hunting"")"	
"=HYPERLINK(""https://www.wowhead.com/classic/quest=399"", ""Humble Beginnings"")"	
"=HYPERLINK(""https://www.wowhead.com/classic/quest=424"", ""Arugal's Folly"")"	
"=HYPERLINK(""https://www.wowhead.com/classic/quest=450"", ""A Recipe For Death"")"	
"=HYPERLINK(""https://www.wowhead.com/classic/quest=821"", ""Chen's Empty Keg"")"	
"=HYPERLINK(""https://www.wowhead.com/classic/quest=848"", ""Fungal Spores"")"	
"=HYPERLINK(""https://www.wowhead.com/classic/quest=867"", ""Harpy Raiders"")"	
"=HYPERLINK(""https://www.wowhead.com/classic/quest=872"", ""The Disruption Ends"")"	
"=HYPERLINK(""https://www.wowhead.com/classic/quest=903"", ""Prowlers of the Barrens"")"	
"=HYPERLINK(""https://www.wowhead.com/classic/quest=2038"", ""Bingles' Missing Supplies"")"	
"=HYPERLINK(""https://www.wowhead.com/classic/quest=3741"", ""Hilary's Necklace"")"	
"=HYPERLINK(""https://www.wowhead.com/classic/quest=3922"", ""Nugget Slugs"")"	
"=HYPERLINK(""https://www.wowhead.com/classic/quest=4762"", ""The Cliffspring River"")"	
"=HYPERLINK(""https://www.wowhead.com/classic/quest=5723"", ""Testing an Enemy's Strength"")"	
"=HYPERLINK(""https://www.wowhead.com/tbc/quest=9159"", ""Curbing the Plague"")"	
"=HYPERLINK(""https://www.wowhead.com/tbc/quest=9171"", ""Culinary Crunch"")"	
"=HYPERLINK(""https://www.wowhead.com/tbc/quest=9173"", ""Retaking Windrunner Spire"")"	
"=HYPERLINK(""https://www.wowhead.com/tbc/quest=9641"", ""Irradiated Crystal Shards"")"	
"=HYPERLINK(""https://www.wowhead.com/tbc/quest=9642"", ""More Irradiated Crystal Shards"")"	
"=HYPERLINK(""https://www.wowhead.com/tbc/quest=9643"", ""Constrictor Vines"")"	
"=HYPERLINK(""https://www.wowhead.com/tbc/quest=9694"", ""Blood Watch"")"	
"=HYPERLINK(""https://www.wowhead.com/classic/quest=103"", ""Keeper of the Flame"")"	
"=HYPERLINK(""https://www.wowhead.com/classic/quest=125"", ""The Lost Tools"")"	
"=HYPERLINK(""https://www.wowhead.com/classic/quest=257"", ""A Hunter's Boast"")"	
"=HYPERLINK(""https://www.wowhead.com/classic/quest=479"", ""Ambermill Investigations"")"	
"=HYPERLINK(""https://www.wowhead.com/classic/quest=850"", ""Kolkar Leaders"")"	
"=HYPERLINK(""https://www.wowhead.com/classic/quest=866"", ""Root Samples"")"	
"=HYPERLINK(""https://www.wowhead.com/classic/quest=875"", ""Harpy Lieutenants"")"	
"=HYPERLINK(""https://www.wowhead.com/classic/quest=877"", ""The Stagnant Oasis"")"	
"=HYPERLINK(""https://www.wowhead.com/classic/quest=880"", ""Altered Beings"")"	
"=HYPERLINK(""https://www.wowhead.com/classic/quest=881"", ""Echeyakee"")"	
"=HYPERLINK(""https://www.wowhead.com/classic/quest=888"", ""Stolen Booty"")"	
"=HYPERLINK(""https://www.wowhead.com/classic/quest=895"", ""WANTED: Baron Longshore"")"	
"=HYPERLINK(""https://www.wowhead.com/classic/quest=963"", ""For Love Eternal"")"	
"=HYPERLINK(""https://www.wowhead.com/classic/quest=1003"", ""Buzzbox 525"")"	
"=HYPERLINK(""https://www.wowhead.com/classic/quest=1618"", ""Gearing Redridge"")"	
"=HYPERLINK(""https://www.wowhead.com/classic/quest=2138"", ""Cleansing of the Infected"")"	
"=HYPERLINK(""https://www.wowhead.com/classic/quest=5725"", ""The Power to Destroy..."")"	
"=HYPERLINK(""https://www.wowhead.com/classic/quest=5728"", ""Hidden Enemies"")"	
"=HYPERLINK(""https://www.wowhead.com/classic/quest=5761"", ""Slaying the Beast"")"	
"=HYPERLINK(""https://www.wowhead.com/tbc/quest=9169"", ""Deactivate An'owyn"")"	
"=HYPERLINK(""https://www.wowhead.com/tbc/quest=9216"", ""Rotting Hearts"")"	
"=HYPERLINK(""https://www.wowhead.com/tbc/quest=9217"", ""More Rotting Hearts"")"	
"=HYPERLINK(""https://www.wowhead.com/tbc/quest=9580"", ""The Bear Necessities"")"	
"=HYPERLINK(""https://www.wowhead.com/tbc/quest=9647"", ""Culling the Flutterers"")"	
"=HYPERLINK(""https://www.wowhead.com/tbc/quest=9700"", ""I Shoot Magic Into the Darkness"")"	
"=HYPERLINK(""https://www.wowhead.com/tbc/quest=9779"", ""Intercepting the Message"")"	
"=HYPERLINK(""https://www.wowhead.com/wotlk/quest=14356"", ""The Power to Destroy..."")"	
"=HYPERLINK(""https://www.wowhead.com/classic/quest=14"", ""The People's Militia"")"	
"=HYPERLINK(""https://www.wowhead.com/classic/quest=214"", ""Red Silk Bandanas"")"	
"=HYPERLINK(""https://www.wowhead.com/classic/quest=217"", ""In Defense of the King's Lands"")"	
"=HYPERLINK(""https://www.wowhead.com/classic/quest=246"", ""Assessing the Threat"")"	
"=HYPERLINK(""https://www.wowhead.com/classic/quest=258"", ""A Hunter's Challenge"")"	
"=HYPERLINK(""https://www.wowhead.com/classic/quest=443"", ""Rot Hide Ichor"")"	
"=HYPERLINK(""https://www.wowhead.com/classic/quest=905"", ""The Angry Scytheclaws"")"	
"=HYPERLINK(""https://www.wowhead.com/classic/quest=944"", ""The Master's Glaive"")"	
"=HYPERLINK(""https://www.wowhead.com/classic/quest=947"", ""Cave Mushrooms"")"	
"=HYPERLINK(""https://www.wowhead.com/classic/quest=982"", ""Deep Ocean, Vast Sea"")"	
"=HYPERLINK(""https://www.wowhead.com/classic/quest=1138"", ""Fruit of the Sea"")"	
"=HYPERLINK(""https://www.wowhead.com/classic/quest=1486"", ""Deviate Hides"")"	
"=HYPERLINK(""https://www.wowhead.com/tbc/quest=9176"", ""The Twin Ziggurats"")"	
"=HYPERLINK(""https://www.wowhead.com/tbc/quest=9193"", ""Investigate the Amani Catacombs"")"	
"=HYPERLINK(""https://www.wowhead.com/tbc/quest=9199"", ""Troll Juju"")"	
"=HYPERLINK(""https://www.wowhead.com/tbc/quest=9548"", ""Pilfered Equipment"")"	
"=HYPERLINK(""https://www.wowhead.com/tbc/quest=9549"", ""Artifacts of the Blacksilt"")"	
"=HYPERLINK(""https://www.wowhead.com/tbc/quest=9646"", ""WANTED: Deathclaw"")"	
"=HYPERLINK(""https://www.wowhead.com/tbc/quest=9703"", ""The Cryo-Core"")"	
"=HYPERLINK(""https://www.wowhead.com/tbc/quest=10065"", ""Cutting a Path"")"	
"=HYPERLINK(""https://www.wowhead.com/classic/quest=92"", ""Redridge Goulash"")"	
"=HYPERLINK(""https://www.wowhead.com/classic/quest=122"", ""Underbelly Scales"")"	
"=HYPERLINK(""https://www.wowhead.com/classic/quest=142"", ""The Defias Brotherhood"")"	
"=HYPERLINK(""https://www.wowhead.com/classic/quest=155"", ""The Defias Brotherhood"")"	
"=HYPERLINK(""https://www.wowhead.com/classic/quest=168"", ""Collecting Memories"")"	
"=HYPERLINK(""https://www.wowhead.com/classic/quest=278"", ""A Dark Threat Looms"")"	
"=HYPERLINK(""https://www.wowhead.com/classic/quest=297"", ""Gathering Idols"")"	
"=HYPERLINK(""https://www.wowhead.com/classic/quest=451"", ""A Recipe For Death"")"	
"=HYPERLINK(""https://www.wowhead.com/classic/quest=851"", ""Verog the Dervish"")"	
"=HYPERLINK(""https://www.wowhead.com/classic/quest=858"", ""Ignition"")"	
"=HYPERLINK(""https://www.wowhead.com/classic/quest=865"", ""Raptor Horns"")"	
"=HYPERLINK(""https://www.wowhead.com/classic/quest=896"", ""Miner's Fortune"")"	
"=HYPERLINK(""https://www.wowhead.com/classic/quest=907"", ""Enraged Thunder Lizards"")"	
"=HYPERLINK(""https://www.wowhead.com/classic/quest=959"", ""Trouble at the Docks"")"	
"=HYPERLINK(""https://www.wowhead.com/classic/quest=962"", ""Serpentbloom"")"	
"=HYPERLINK(""https://www.wowhead.com/classic/quest=966"", ""The Tower of Althalaxx"")"	
"=HYPERLINK(""https://www.wowhead.com/classic/quest=1491"", ""Smart Drinks"")"	
"=HYPERLINK(""https://www.wowhead.com/classic/quest=1582"", ""Moonglow Vest"")"	
"=HYPERLINK(""https://www.wowhead.com/classic/quest=2139"", ""Tharnariun's Hope"")"	
"=HYPERLINK(""https://www.wowhead.com/classic/quest=3281"", ""Stolen Silver"")"	
"=HYPERLINK(""https://www.wowhead.com/classic/quest=4740"", ""WANTED: Murkdeep!"")"	
"=HYPERLINK(""https://www.wowhead.com/classic/quest=4763"", ""The Blackwood Corrupted"")"	
"=HYPERLINK(""https://www.wowhead.com/classic/quest=6421"", ""Boulderslide Ravine"")"	
"=HYPERLINK(""https://www.wowhead.com/classic/quest=6548"", ""Avenge My Village"")"	
"=HYPERLINK(""https://www.wowhead.com/classic/quest=6629"", ""Kill Grundig Darkcloud"")"	
"=HYPERLINK(""https://www.wowhead.com/tbc/quest=9214"", ""Shadowpine Weaponry"")"	
"=HYPERLINK(""https://www.wowhead.com/tbc/quest=9218"", ""Spinal Dust"")"	
"=HYPERLINK(""https://www.wowhead.com/tbc/quest=9219"", ""More Spinal Dust"")"	
"=HYPERLINK(""https://www.wowhead.com/tbc/quest=9276"", ""Attack on Zeb'Tela"")"	
"=HYPERLINK(""https://www.wowhead.com/tbc/quest=9281"", ""Clearing the Way"")"	
"=HYPERLINK(""https://www.wowhead.com/tbc/quest=9569"", ""Containing the Threat"")"	
"=HYPERLINK(""https://www.wowhead.com/tbc/quest=9579"", ""Galaen's Fate"")"	
"=HYPERLINK(""https://www.wowhead.com/tbc/quest=9585"", ""The Final Sample"")"	
"=HYPERLINK(""https://www.wowhead.com/tbc/quest=9649"", ""Ysera's Tears"")"	
"=HYPERLINK(""https://www.wowhead.com/tbc/quest=9674"", ""The Bloodcursed Naga"")"	
"=HYPERLINK(""https://www.wowhead.com/tbc/quest=9682"", ""The Hopeless Ones..."")"	
"=HYPERLINK(""https://www.wowhead.com/tbc/quest=9687"", ""Restoring Sanctity"")"	
"=HYPERLINK(""https://www.wowhead.com/tbc/quest=9740"", ""The Sun Gate"")"	
"=HYPERLINK(""https://www.wowhead.com/tbc/quest=9741"", ""Critters of the Void"")"	
"=HYPERLINK(""https://www.wowhead.com/tbc/quest=9746"", ""Limits of Physical Exhaustion"")"	
"=HYPERLINK(""https://www.wowhead.com/tbc/quest=9748"", ""Don't Drink the Water"")"	
"=HYPERLINK(""https://www.wowhead.com/tbc/quest=10066"", ""Oh, the Tangled Webs They Weave"")"	
"=HYPERLINK(""https://www.wowhead.com/classic/quest=152"", ""The Coast Isn't Clear"")"	
"=HYPERLINK(""https://www.wowhead.com/classic/quest=255"", ""Mercenaries"")"	
"=HYPERLINK(""https://www.wowhead.com/classic/quest=852"", ""Hezrul Bloodmark"")"	
"=HYPERLINK(""https://www.wowhead.com/classic/quest=882"", ""Ishamuhale"")"	
"=HYPERLINK(""https://www.wowhead.com/classic/quest=1008"", ""The Zoram Strand"")"	
"=HYPERLINK(""https://www.wowhead.com/classic/quest=1062"", ""Goblin Invaders"")"	
"=HYPERLINK(""https://www.wowhead.com/classic/quest=3924"", ""Samophlange Manual"")"	
"=HYPERLINK(""https://www.wowhead.com/classic/quest=6442"", ""Naga at the Zoram Strand"")"	
"=HYPERLINK(""https://www.wowhead.com/classic/quest=6461"", ""Blood Feeders"")"	
"=HYPERLINK(""https://www.wowhead.com/classic/quest=6543"", ""The Warsong Reports"")"	
"=HYPERLINK(""https://www.wowhead.com/classic/quest=6545"", ""Warsong Runner Update"")"	
"=HYPERLINK(""https://www.wowhead.com/classic/quest=8846"", ""Five Signets for War Supplies"")"	
"=HYPERLINK(""https://www.wowhead.com/classic/quest=8851"", ""Five Signets for War Supplies"")"	
"=HYPERLINK(""https://www.wowhead.com/tbc/quest=9275"", ""A Little Dash of Seasoning"")"	
"=HYPERLINK(""https://www.wowhead.com/tbc/quest=9277"", ""Assault on Zeb'Nowa"")"	
"=HYPERLINK(""https://www.wowhead.com/tbc/quest=9669"", ""The Missing Expedition"")"	
"=HYPERLINK(""https://www.wowhead.com/tbc/quest=9670"", ""They're Alive! Maybe..."")"	
"=HYPERLINK(""https://www.wowhead.com/tbc/quest=9683"", ""Ending the Bloodcurse"")"	
"=HYPERLINK(""https://www.wowhead.com/tbc/quest=9688"", ""Into the Dream"")"	
"=HYPERLINK(""https://www.wowhead.com/tbc/quest=10067"", ""Fouled Water Spirits"")"	
"=HYPERLINK(""https://www.wowhead.com/classic/quest=89"", ""The Everstill Bridge"")"	
"=HYPERLINK(""https://www.wowhead.com/classic/quest=93"", ""Dusky Crab Cakes"")"	
"=HYPERLINK(""https://www.wowhead.com/classic/quest=104"", ""The Coastal Menace"")"	
"=HYPERLINK(""https://www.wowhead.com/classic/quest=124"", ""A Baying of Gnolls"")"	
"=HYPERLINK(""https://www.wowhead.com/classic/quest=150"", ""Murloc Poachers"")"	
"=HYPERLINK(""https://www.wowhead.com/classic/quest=167"", ""Oh Brother. . ."")"	
"=HYPERLINK(""https://www.wowhead.com/classic/quest=271"", ""Vyrin's Revenge"")"	
"=HYPERLINK(""https://www.wowhead.com/classic/quest=442"", ""Assault on Fenris Isle"")"	
"=HYPERLINK(""https://www.wowhead.com/classic/quest=530"", ""A Husband's Revenge"")"	
"=HYPERLINK(""https://www.wowhead.com/classic/quest=876"", ""Serena Bloodfeather"")"	
"=HYPERLINK(""https://www.wowhead.com/classic/quest=889"", ""Spirit of the Wind"")"	
"=HYPERLINK(""https://www.wowhead.com/classic/quest=891"", ""The Guns of Northwatch"")"	
"=HYPERLINK(""https://www.wowhead.com/classic/quest=899"", ""Consumed by Hatred"")"	
"=HYPERLINK(""https://www.wowhead.com/classic/quest=913"", ""Cry of the Thunderhawk"")"	
"=HYPERLINK(""https://www.wowhead.com/classic/quest=951"", ""Mathystra Relics"")"	
"=HYPERLINK(""https://www.wowhead.com/classic/quest=986"", ""A Lost Master"")"	
"=HYPERLINK(""https://www.wowhead.com/classic/quest=1007"", ""The Ancient Statuette"")"	
"=HYPERLINK(""https://www.wowhead.com/classic/quest=1010"", ""Bathran's Hair"")"	
"=HYPERLINK(""https://www.wowhead.com/classic/quest=1069"", ""Deepmoss Spider Eggs"")"	
"=HYPERLINK(""https://www.wowhead.com/classic/quest=2040"", ""Underground Assault"")"	
"=HYPERLINK(""https://www.wowhead.com/classic/quest=2078"", ""Gyromast's Revenge"")"	
"=HYPERLINK(""https://www.wowhead.com/classic/quest=2098"", ""Gyromast's Retrieval"")"	
"=HYPERLINK(""https://www.wowhead.com/classic/quest=4021"", ""Counterattack!"")"	
"=HYPERLINK(""https://www.wowhead.com/classic/quest=4921"", ""Lost in Battle"")"	
"=HYPERLINK(""https://www.wowhead.com/classic/quest=5042"", ""Agamaggan's Strength"")"	
"=HYPERLINK(""https://www.wowhead.com/classic/quest=5043"", ""Agamaggan's Agility"")"	
"=HYPERLINK(""https://www.wowhead.com/classic/quest=5044"", ""Wisdom of Agamaggan"")"	
"=HYPERLINK(""https://www.wowhead.com/classic/quest=5045"", ""Rising Spirit"")"	
"=HYPERLINK(""https://www.wowhead.com/classic/quest=5046"", ""Razorhide"")"	
"=HYPERLINK(""https://www.wowhead.com/classic/quest=5321"", ""The Sleeper Has Awakened"")"	
"=HYPERLINK(""https://www.wowhead.com/classic/quest=6481"", ""Earthen Arise"")"	
"=HYPERLINK(""https://www.wowhead.com/tbc/quest=9164"", ""Captives at Deatholme"")"	
"=HYPERLINK(""https://www.wowhead.com/tbc/quest=9170"", ""Dar'Khan's Lieutenants"")"	
"=HYPERLINK(""https://www.wowhead.com/tbc/quest=9215"", ""Bring Me Kel'gash's Head!"")"	
"=HYPERLINK(""https://www.wowhead.com/tbc/quest=9220"", ""War on Deatholme"")"	
"=HYPERLINK(""https://www.wowhead.com/tbc/quest=9756"", ""What We Don't Know..."")"	
"=HYPERLINK(""https://www.wowhead.com/tbc/quest=9761"", ""Clearing the Way"")"	
"=HYPERLINK(""https://www.wowhead.com/classic/quest=20"", ""Blackrock Menace"")"	
"=HYPERLINK(""https://www.wowhead.com/classic/quest=126"", ""Howling in the Hills"")"	
"=HYPERLINK(""https://www.wowhead.com/classic/quest=127"", ""Selling Fish"")"	
"=HYPERLINK(""https://www.wowhead.com/classic/quest=226"", ""Wolves at Our Heels"")"	
"=HYPERLINK(""https://www.wowhead.com/classic/quest=245"", ""Eight-Legged Menaces"")"	
"=HYPERLINK(""https://www.wowhead.com/classic/quest=276"", ""Tramping Paws"")"	
"=HYPERLINK(""https://www.wowhead.com/classic/quest=455"", ""The Algaz Gauntlet"")"	
"=HYPERLINK(""https://www.wowhead.com/classic/quest=516"", ""Beren's Peril"")"	
"=HYPERLINK(""https://www.wowhead.com/classic/quest=878"", ""Tribes at War"")"	
"=HYPERLINK(""https://www.wowhead.com/classic/quest=970"", ""The Tower of Althalaxx"")"	
"=HYPERLINK(""https://www.wowhead.com/classic/quest=1023"", ""Raene's Cleansing"")"	
"=HYPERLINK(""https://www.wowhead.com/classic/quest=1071"", ""A Gnome's Respite"")"	
"=HYPERLINK(""https://www.wowhead.com/classic/quest=1073"", ""Ineptitude + Chemicals = Fun"")"	
"=HYPERLINK(""https://www.wowhead.com/classic/quest=1076"", ""Devils in Westfall"")"	
"=HYPERLINK(""https://www.wowhead.com/classic/quest=1093"", ""Super Reaper 6000"")"	
"=HYPERLINK(""https://www.wowhead.com/classic/quest=1134"", ""Pridewings of Stonetalon"")"	
"=HYPERLINK(""https://www.wowhead.com/classic/quest=1487"", ""Deviate Eradication"")"	
"=HYPERLINK(""https://www.wowhead.com/classic/quest=5052"", ""Blood Shards of Agamaggan"")"	
"=HYPERLINK(""https://www.wowhead.com/classic/quest=6284"", ""Arachnophobia"")"	
"=HYPERLINK(""https://www.wowhead.com/classic/quest=6547"", ""Warsong Scout Update"")"	
"=HYPERLINK(""https://www.wowhead.com/tbc/quest=9156"", ""Wanted: Knucklerot and Luzran"")"	
"=HYPERLINK(""https://www.wowhead.com/tbc/quest=9167"", ""The Traitor's Destruction"")"	
"=HYPERLINK(""https://www.wowhead.com/tbc/quest=9689"", ""Razormaw"")"	
"=HYPERLINK(""https://www.wowhead.com/classic/quest=166"", ""The Defias Brotherhood"")"	
"=HYPERLINK(""https://www.wowhead.com/classic/quest=256"", ""WANTED: Chok'sul"")"	
"=HYPERLINK(""https://www.wowhead.com/classic/quest=279"", ""Claws from the Deep"")"	
"=HYPERLINK(""https://www.wowhead.com/classic/quest=466"", ""Search for Incendicite"")"	
"=HYPERLINK(""https://www.wowhead.com/classic/quest=480"", ""The Weaver"")"	
"=HYPERLINK(""https://www.wowhead.com/classic/quest=484"", ""Young Crocolisk Skins"")"	
"=HYPERLINK(""https://www.wowhead.com/classic/quest=496"", ""Elixir of Suffering"")"	
"=HYPERLINK(""https://www.wowhead.com/classic/quest=498"", ""The Rescue"")"	
"=HYPERLINK(""https://www.wowhead.com/classic/quest=549"", ""WANTED: Syndicate Personnel"")"	
"=HYPERLINK(""https://www.wowhead.com/classic/quest=868"", ""Egg Hunt"")"	
"=HYPERLINK(""https://www.wowhead.com/classic/quest=914"", ""Leaders of the Fang"")"	
"=HYPERLINK(""https://www.wowhead.com/classic/quest=1033"", ""Elune's Tear"")"	
"=HYPERLINK(""https://www.wowhead.com/classic/quest=1079"", ""Covert Ops - Alpha"")"	
"=HYPERLINK(""https://www.wowhead.com/classic/quest=1080"", ""Covert Ops - Beta"")"	
"=HYPERLINK(""https://www.wowhead.com/classic/quest=6563"", ""The Essence of Aku'Mai"")"	
"=HYPERLINK(""https://www.wowhead.com/classic/quest=91"", ""Solomon's Law"")"	
"=HYPERLINK(""https://www.wowhead.com/classic/quest=115"", ""Shadow Magic"")"	
"=HYPERLINK(""https://www.wowhead.com/classic/quest=277"", ""Fire Taboo"")"	
"=HYPERLINK(""https://www.wowhead.com/classic/quest=843"", ""Gann's Reclamation"")"	
"=HYPERLINK(""https://www.wowhead.com/classic/quest=862"", ""Dig Rat Stew"")"	
"=HYPERLINK(""https://www.wowhead.com/classic/quest=971"", ""Knowledge in the Deeps"")"	
"=HYPERLINK(""https://www.wowhead.com/classic/quest=1034"", ""The Ruins of Stardust"")"	
"=HYPERLINK(""https://www.wowhead.com/classic/quest=1066"", ""Blood of Innocents"")"	
"=HYPERLINK(""https://www.wowhead.com/classic/quest=1068"", ""Shredding Machines"")"	
"=HYPERLINK(""https://www.wowhead.com/classic/quest=1086"", ""The Flying Machine Airport"")"	
"=HYPERLINK(""https://www.wowhead.com/classic/quest=6301"", ""Cycle of Rebirth"")"	
"=HYPERLINK(""https://www.wowhead.com/classic/quest=34"", ""An Unwelcome Guest"")"	
"=HYPERLINK(""https://www.wowhead.com/classic/quest=56"", ""The Night Watch"")"	
"=HYPERLINK(""https://www.wowhead.com/classic/quest=156"", ""Gather Rot Blossoms"")"	
"=HYPERLINK(""https://www.wowhead.com/classic/quest=216"", ""Between a Rock and a Thistlefur"")"	
"=HYPERLINK(""https://www.wowhead.com/classic/quest=294"", ""Ormer's Revenge"")"	
"=HYPERLINK(""https://www.wowhead.com/classic/quest=347"", ""Rethban Ore"")"	
"=HYPERLINK(""https://www.wowhead.com/classic/quest=470"", ""Digging Through the Ooze"")"	
"=HYPERLINK(""https://www.wowhead.com/classic/quest=501"", ""Elixir of Pain"")"	
"=HYPERLINK(""https://www.wowhead.com/classic/quest=527"", ""Battle of Hillsbrad"")"	
"=HYPERLINK(""https://www.wowhead.com/classic/quest=822"", ""Chen's Empty Keg"")"	
"=HYPERLINK(""https://www.wowhead.com/classic/quest=893"", ""Weapons of Choice"")"	
"=HYPERLINK(""https://www.wowhead.com/classic/quest=943"", ""The Absent Minded Prospector"")"	
"=HYPERLINK(""https://www.wowhead.com/classic/quest=973"", ""The Tower of Althalaxx"")"	
"=HYPERLINK(""https://www.wowhead.com/classic/quest=1016"", ""Elemental Bracers"")"	
"=HYPERLINK(""https://www.wowhead.com/classic/quest=1025"", ""An Aggressive Defense"")"	
"=HYPERLINK(""https://www.wowhead.com/classic/quest=1275"", ""Researching the Corruption"")"	
"=HYPERLINK(""https://www.wowhead.com/classic/quest=6462"", ""Troll Charm"")"	
"=HYPERLINK(""https://www.wowhead.com/classic/quest=6503"", ""Ashenvale Outrunners"")"	
"=HYPERLINK(""https://www.wowhead.com/classic/quest=19"", ""Tharil'zun"")"	
"=HYPERLINK(""https://www.wowhead.com/classic/quest=25"", ""Stonetalon Standstill"")"	
"=HYPERLINK(""https://www.wowhead.com/classic/quest=90"", ""Seasoned Wolf Kabobs"")"	
"=HYPERLINK(""https://www.wowhead.com/classic/quest=101"", ""The Totem of Infliction"")"	
"=HYPERLINK(""https://www.wowhead.com/classic/quest=128"", ""Blackrock Bounty"")"	
"=HYPERLINK(""https://www.wowhead.com/classic/quest=174"", ""Look To The Stars"")"	
"=HYPERLINK(""https://www.wowhead.com/classic/quest=177"", ""Look To The Stars"")"	
"=HYPERLINK(""https://www.wowhead.com/classic/quest=386"", ""What Comes Around..."")"	
"=HYPERLINK(""https://www.wowhead.com/classic/quest=528"", ""Battle of Hillsbrad"")"	
"=HYPERLINK(""https://www.wowhead.com/classic/quest=546"", ""Souvenirs of Death"")"	
"=HYPERLINK(""https://www.wowhead.com/classic/quest=879"", ""Betrayal from Within"")"	
"=HYPERLINK(""https://www.wowhead.com/classic/quest=1009"", ""Ruuzel"")"	
"=HYPERLINK(""https://www.wowhead.com/classic/quest=1017"", ""Mage Summoner"")"	
"=HYPERLINK(""https://www.wowhead.com/classic/quest=1054"", ""Culling the Threat"")"	
"=HYPERLINK(""https://www.wowhead.com/classic/quest=1087"", ""Cenarius' Legacy"")"	
"=HYPERLINK(""https://www.wowhead.com/classic/quest=1195"", ""The Sacred Flame"")"	
"=HYPERLINK(""https://www.wowhead.com/classic/quest=1199"", ""Twilight Falls"")"	
"=HYPERLINK(""https://www.wowhead.com/classic/quest=4841"", ""Pacify the Centaur"")"	
"=HYPERLINK(""https://www.wowhead.com/classic/quest=5421"", ""Fish in a Bucket"")"	
"=HYPERLINK(""https://www.wowhead.com/classic/quest=6381"", ""New Life"")"	
"=HYPERLINK(""https://www.wowhead.com/classic/quest=6393"", ""Elemental War"")"	
"=HYPERLINK(""https://www.wowhead.com/classic/quest=6546"", ""Warsong Outrider Update"")"	
"=HYPERLINK(""https://www.wowhead.com/classic/quest=8158"", ""More Resource Crates"")"	
"=HYPERLINK(""https://www.wowhead.com/classic/quest=8165"", ""More Resource Crates"")"	
"=HYPERLINK(""https://www.wowhead.com/classic/quest=8168"", ""The Battle for Arathi Basin!"")"	
"=HYPERLINK(""https://www.wowhead.com/classic/quest=8171"", ""The Battle for Arathi Basin!"")"	
"=HYPERLINK(""https://www.wowhead.com/classic/quest=57"", ""The Night Watch"")"	
"=HYPERLINK(""https://www.wowhead.com/classic/quest=169"", ""Wanted: Gath'Ilzogg"")"	
"=HYPERLINK(""https://www.wowhead.com/classic/quest=180"", ""Wanted: Lieutenant Fangore"")"	
"=HYPERLINK(""https://www.wowhead.com/classic/quest=249"", ""Morganth"")"	
"=HYPERLINK(""https://www.wowhead.com/classic/quest=275"", ""Blisters on The Land"")"	
"=HYPERLINK(""https://www.wowhead.com/classic/quest=377"", ""Crime and Punishment"")"	
"=HYPERLINK(""https://www.wowhead.com/classic/quest=387"", ""Quell The Uprising"")"	
"=HYPERLINK(""https://www.wowhead.com/classic/quest=388"", ""The Color of Blood"")"	
"=HYPERLINK(""https://www.wowhead.com/classic/quest=464"", ""War Banners"")"	
"=HYPERLINK(""https://www.wowhead.com/classic/quest=471"", ""Apprentice's Duties"")"	
"=HYPERLINK(""https://www.wowhead.com/classic/quest=474"", ""Defeat Nek'rosh"")"	
"=HYPERLINK(""https://www.wowhead.com/classic/quest=529"", ""Battle of Hillsbrad"")"	
"=HYPERLINK(""https://www.wowhead.com/classic/quest=532"", ""Battle of Hillsbrad"")"	
"=HYPERLINK(""https://www.wowhead.com/classic/quest=846"", ""Revenge of Gann"")"	
"=HYPERLINK(""https://www.wowhead.com/classic/quest=849"", ""Revenge of Gann"")"	
"=HYPERLINK(""https://www.wowhead.com/classic/quest=1013"", ""The Book of Ur"")"	
"=HYPERLINK(""https://www.wowhead.com/classic/quest=1058"", ""Jin'Zil's Forest Magic"")"	
"=HYPERLINK(""https://www.wowhead.com/classic/quest=1078"", ""Retrieval for Mauren"")"	
"=HYPERLINK(""https://www.wowhead.com/classic/quest=1083"", ""Enraged Spirits"")"	
"=HYPERLINK(""https://www.wowhead.com/classic/quest=1109"", ""Going, Going, Guano!"")"	
"=HYPERLINK(""https://www.wowhead.com/classic/quest=1149"", ""Test of Faith"")"	
"=HYPERLINK(""https://www.wowhead.com/classic/quest=1221"", ""Blueleaf Tubers"")"	
"=HYPERLINK(""https://www.wowhead.com/classic/quest=2922"", ""Save Techbot's Brain!"")"	
"=HYPERLINK(""https://www.wowhead.com/classic/quest=4821"", ""Alien Egg"")"	
"=HYPERLINK(""https://www.wowhead.com/classic/quest=6282"", ""Harpies Threaten"")"	
"=HYPERLINK(""https://www.wowhead.com/classic/quest=6283"", ""Bloodfury Bloodline"")"	
"=HYPERLINK(""https://www.wowhead.com/classic/quest=6441"", ""Satyr Horns"")"	
"=HYPERLINK(""https://www.wowhead.com/classic/quest=6565"", ""Allegiance to the Old Gods"")"	
"=HYPERLINK(""https://www.wowhead.com/classic/quest=6621"", ""King of the Foulweald"")"	
"=HYPERLINK(""https://www.wowhead.com/classic/quest=133"", ""Ghoulish Effigy"")"	
"=HYPERLINK(""https://www.wowhead.com/classic/quest=288"", ""The Third Fleet"")"	
"=HYPERLINK(""https://www.wowhead.com/classic/quest=295"", ""Ormer's Revenge"")"	
"=HYPERLINK(""https://www.wowhead.com/classic/quest=378"", ""The Fury Runs Deep"")"	
"=HYPERLINK(""https://www.wowhead.com/classic/quest=873"", ""Isha Awak"")"	
"=HYPERLINK(""https://www.wowhead.com/classic/quest=1014"", ""Arugal Must Die"")"	
"=HYPERLINK(""https://www.wowhead.com/classic/quest=1026"", ""Raene's Cleansing"")"	
"=HYPERLINK(""https://www.wowhead.com/classic/quest=1057"", ""Reclaiming the Charred Vale"")"	
"=HYPERLINK(""https://www.wowhead.com/classic/quest=1096"", ""Gerenzo Wrenchwhistle"")"	
"=HYPERLINK(""https://www.wowhead.com/classic/quest=1101"", ""The Crone of the Kraul"")"	
"=HYPERLINK(""https://www.wowhead.com/classic/quest=1102"", ""A Vengeful Fate"")"	
"=HYPERLINK(""https://www.wowhead.com/classic/quest=1200"", ""Blackfathom Villainy"")"	
"=HYPERLINK(""https://www.wowhead.com/classic/quest=2926"", ""Gnogaine"")"	
"=HYPERLINK(""https://www.wowhead.com/classic/quest=5062"", ""Sacred Fire"")"	
"=HYPERLINK(""https://www.wowhead.com/classic/quest=6561"", ""Blackfathom Villainy"")"	
"=HYPERLINK(""https://www.wowhead.com/classic/quest=6571"", ""Warsong Supplies"")"	
"=HYPERLINK(""https://www.wowhead.com/classic/quest=6581"", ""Warsong Saw Blades"")"	
"=HYPERLINK(""https://www.wowhead.com/classic/quest=6921"", ""Amongst the Ruins"")"	
"=HYPERLINK(""https://www.wowhead.com/tbc/quest=9519"", ""The Lost Chalice"")"	
"=HYPERLINK(""https://www.wowhead.com/classic/quest=70"", ""The Legend of Stalvan"")"	
"=HYPERLINK(""https://www.wowhead.com/classic/quest=75"", ""The Legend of Stalvan"")"	
"=HYPERLINK(""https://www.wowhead.com/classic/quest=173"", ""Worgen in the Woods"")"	
"=HYPERLINK(""https://www.wowhead.com/classic/quest=299"", ""Uncovering the Past"")"	
"=HYPERLINK(""https://www.wowhead.com/classic/quest=323"", ""Proving Your Worth"")"	
"=HYPERLINK(""https://www.wowhead.com/classic/quest=509"", ""Elixir of Agony"")"	
"=HYPERLINK(""https://www.wowhead.com/classic/quest=539"", ""Battle of Hillsbrad"")"	
"=HYPERLINK(""https://www.wowhead.com/classic/quest=567"", ""Dangerous!"")"	
"=HYPERLINK(""https://www.wowhead.com/classic/quest=1027"", ""Raene's Cleansing"")"	
"=HYPERLINK(""https://www.wowhead.com/classic/quest=1084"", ""Wounded Ancients"")"	
"=HYPERLINK(""https://www.wowhead.com/classic/quest=1140"", ""The Tower of Althalaxx"")"	
"=HYPERLINK(""https://www.wowhead.com/classic/quest=5064"", ""Grimtotem Spying"")"	
"=HYPERLINK(""https://www.wowhead.com/classic/quest=5088"", ""Arikara"")"	
"=HYPERLINK(""https://www.wowhead.com/tbc/quest=9431"", ""A Different Approach"")"	
"=HYPERLINK(""https://www.wowhead.com/tbc/quest=9433"", ""A Dip in the Moonwell"")"	
"=HYPERLINK(""https://www.wowhead.com/tbc/quest=9517"", ""A Shameful Waste"")"	
"=HYPERLINK(""https://www.wowhead.com/tbc/quest=9518"", ""Agents of Destruction"")"	
"=HYPERLINK(""https://www.wowhead.com/classic/quest=221"", ""Worgen in the Woods"")"	
"=HYPERLINK(""https://www.wowhead.com/classic/quest=289"", ""The Cursed Crew"")"	
"=HYPERLINK(""https://www.wowhead.com/classic/quest=296"", ""Ormer's Revenge"")"	
"=HYPERLINK(""https://www.wowhead.com/classic/quest=324"", ""The Lost Ingots"")"	
"=HYPERLINK(""https://www.wowhead.com/classic/quest=391"", ""The Stockade Riots"")"	
"=HYPERLINK(""https://www.wowhead.com/classic/quest=526"", ""Lightforge Ingots"")"	
"=HYPERLINK(""https://www.wowhead.com/classic/quest=1011"", ""Forsaken Diseases"")"	
"=HYPERLINK(""https://www.wowhead.com/classic/quest=1088"", ""Ordanus"")"	
"=HYPERLINK(""https://www.wowhead.com/classic/quest=1089"", ""The Den"")"	
"=HYPERLINK(""https://www.wowhead.com/classic/quest=1153"", ""A New Ore Sample"")"	
"=HYPERLINK(""https://www.wowhead.com/classic/quest=1197"", ""The Sacred Flame"")"	
"=HYPERLINK(""https://www.wowhead.com/classic/quest=3514"", ""Horde Presence"")"	
"=HYPERLINK(""https://www.wowhead.com/classic/quest=4767"", ""Wind Rider"")"	
"=HYPERLINK(""https://www.wowhead.com/classic/quest=5147"", ""Wanted - Arnak Grimtotem"")"	
"=HYPERLINK(""https://www.wowhead.com/classic/quest=8847"", ""Ten Signets for War Supplies"")"	
"=HYPERLINK(""https://www.wowhead.com/classic/quest=8852"", ""Ten Signets for War Supplies"")"	
"=HYPERLINK(""https://www.wowhead.com/tbc/quest=9435"", ""Missing Crystals"")"	
"=HYPERLINK(""https://www.wowhead.com/classic/quest=58"", ""The Night Watch"")"	
"=HYPERLINK(""https://www.wowhead.com/classic/quest=134"", ""Ogre Thieves"")"	
"=HYPERLINK(""https://www.wowhead.com/classic/quest=181"", ""Look To The Stars"")"	
"=HYPERLINK(""https://www.wowhead.com/classic/quest=228"", ""Mor'Ladim"")"	
"=HYPERLINK(""https://www.wowhead.com/classic/quest=253"", ""Bride of the Embalmer"")"	
"=HYPERLINK(""https://www.wowhead.com/classic/quest=290"", ""Lifting the Curse"")"	
"=HYPERLINK(""https://www.wowhead.com/classic/quest=303"", ""The Dark Iron War"")"	
"=HYPERLINK(""https://www.wowhead.com/classic/quest=335"", ""A Noble Brew"")"	
"=HYPERLINK(""https://www.wowhead.com/classic/quest=515"", ""Elixir of Agony"")"	
"=HYPERLINK(""https://www.wowhead.com/classic/quest=517"", ""Elixir of Agony"")"	
"=HYPERLINK(""https://www.wowhead.com/classic/quest=536"", ""Down the Coast"")"	
"=HYPERLINK(""https://www.wowhead.com/classic/quest=541"", ""Battle of Hillsbrad"")"	
"=HYPERLINK(""https://www.wowhead.com/classic/quest=547"", ""Humbert's Sword"")"	
"=HYPERLINK(""https://www.wowhead.com/classic/quest=857"", ""The Tear of the Moons"")"	
"=HYPERLINK(""https://www.wowhead.com/classic/quest=1022"", ""The Howling Vale"")"	
"=HYPERLINK(""https://www.wowhead.com/classic/quest=1035"", ""Fallen Sky Lake"")"	
"=HYPERLINK(""https://www.wowhead.com/classic/quest=1038"", ""Velinde's Effects"")"	
"=HYPERLINK(""https://www.wowhead.com/classic/quest=1043"", ""The Scythe of Elune"")"	
"=HYPERLINK(""https://www.wowhead.com/classic/quest=1045"", ""Raene's Cleansing"")"	
"=HYPERLINK(""https://www.wowhead.com/classic/quest=1104"", ""Salt Flat Venom"")"	
"=HYPERLINK(""https://www.wowhead.com/classic/quest=1105"", ""Hardened Shells"")"	
"=HYPERLINK(""https://www.wowhead.com/classic/quest=1131"", ""Steelsnap"")"	
"=HYPERLINK(""https://www.wowhead.com/classic/quest=1142"", ""Mortality Wanes"")"	
"=HYPERLINK(""https://www.wowhead.com/classic/quest=1150"", ""Test of Endurance"")"	
"=HYPERLINK(""https://www.wowhead.com/classic/quest=1151"", ""Test of Strength"")"	
"=HYPERLINK(""https://www.wowhead.com/classic/quest=1154"", ""Test of Lore"")"	
"=HYPERLINK(""https://www.wowhead.com/classic/quest=1176"", ""Load Lightening"")"	
"=HYPERLINK(""https://www.wowhead.com/classic/quest=1244"", ""The Missing Diplomat"")"	
"=HYPERLINK(""https://www.wowhead.com/classic/quest=2924"", ""Essential Artificials"")"	
"=HYPERLINK(""https://www.wowhead.com/classic/quest=2928"", ""Gyrodrillmatic Excavationators"")"	
"=HYPERLINK(""https://www.wowhead.com/classic/quest=2930"", ""Data Rescue"")"	
"=HYPERLINK(""https://www.wowhead.com/classic/quest=2951"", ""The Sparklematic 5200!"")"	
"=HYPERLINK(""https://www.wowhead.com/classic/quest=2953"", ""More Sparklematic Action"")"	
"=HYPERLINK(""https://www.wowhead.com/classic/quest=2962"", ""The Only Cure is More Green Glow"")"	
"=HYPERLINK(""https://www.wowhead.com/classic/quest=4601"", ""The Sparklematic 5200!"")"	
"=HYPERLINK(""https://www.wowhead.com/classic/quest=4602"", ""The Sparklematic 5200!"")"	
"=HYPERLINK(""https://www.wowhead.com/classic/quest=4603"", ""More Sparklematic Action"")"	
"=HYPERLINK(""https://www.wowhead.com/classic/quest=4604"", ""More Sparklematic Action"")"	
"=HYPERLINK(""https://www.wowhead.com/classic/quest=5151"", ""Hypercapacitor Gizmo"")"	
"=HYPERLINK(""https://www.wowhead.com/classic/quest=6504"", ""The Lost Pages"")"	
"=HYPERLINK(""https://www.wowhead.com/classic/quest=7675"", ""Icy Blue Mechanostrider Replacement"")"	
"=HYPERLINK(""https://www.wowhead.com/classic/quest=7676"", ""White Mechanostrider Replacement"")"	
"=HYPERLINK(""https://www.wowhead.com/tbc/quest=9516"", ""Destroy the Legion"")"	
"=HYPERLINK(""https://www.wowhead.com/tbc/quest=9526"", ""Reclaiming Felfire Hill"")"	
"=HYPERLINK(""https://www.wowhead.com/tbc/quest=9534"", ""Destroy the Legion"")"	
"=HYPERLINK(""https://www.wowhead.com/classic/quest=185"", ""Tiger Mastery"")"	
"=HYPERLINK(""https://www.wowhead.com/classic/quest=190"", ""Panther Mastery"")"	
"=HYPERLINK(""https://www.wowhead.com/classic/quest=222"", ""Worgen in the Woods"")"	
"=HYPERLINK(""https://www.wowhead.com/classic/quest=304"", ""A Grim Task"")"	
"=HYPERLINK(""https://www.wowhead.com/classic/quest=434"", ""The Attack!"")"	
"=HYPERLINK(""https://www.wowhead.com/classic/quest=555"", ""Soothing Turtle Bisque"")"	
"=HYPERLINK(""https://www.wowhead.com/classic/quest=575"", ""Supply and Demand"")"	
"=HYPERLINK(""https://www.wowhead.com/classic/quest=633"", ""The Thandol Span"")"	
"=HYPERLINK(""https://www.wowhead.com/classic/quest=681"", ""Northfold Manor"")"	
"=HYPERLINK(""https://www.wowhead.com/classic/quest=689"", ""A King's Tribute"")"	
"=HYPERLINK(""https://www.wowhead.com/classic/quest=1110"", ""Rocket Car Parts"")"	
"=HYPERLINK(""https://www.wowhead.com/classic/quest=1143"", ""The Tower of Althalaxx"")"	
"=HYPERLINK(""https://www.wowhead.com/classic/quest=1366"", ""Centaur Bounty"")"	
"=HYPERLINK(""https://www.wowhead.com/classic/quest=1387"", ""Centaur Bounty"")"	
"=HYPERLINK(""https://www.wowhead.com/classic/quest=2746"", ""Items of Some Consequence"")"	
"=HYPERLINK(""https://www.wowhead.com/classic/quest=7321"", ""Soothing Turtle Bisque"")"	
"=HYPERLINK(""https://www.wowhead.com/classic/quest=55"", ""Morbent Fel"")"	
"=HYPERLINK(""https://www.wowhead.com/classic/quest=98"", ""The Legend of Stalvan"")"	
"=HYPERLINK(""https://www.wowhead.com/classic/quest=201"", ""Investigate the Camp"")"	
"=HYPERLINK(""https://www.wowhead.com/classic/quest=556"", ""Stone Tokens"")"	
"=HYPERLINK(""https://www.wowhead.com/classic/quest=559"", ""Farren's Proof"")"	
"=HYPERLINK(""https://www.wowhead.com/classic/quest=562"", ""Stormwind Ho!"")"	
"=HYPERLINK(""https://www.wowhead.com/classic/quest=676"", ""The Hammer May Fall"")"	
"=HYPERLINK(""https://www.wowhead.com/classic/quest=677"", ""Call to Arms"")"	
"=HYPERLINK(""https://www.wowhead.com/classic/quest=1012"", ""Insane Druids"")"	
"=HYPERLINK(""https://www.wowhead.com/classic/quest=1031"", ""The Branch of Cenarius"")"	
"=HYPERLINK(""https://www.wowhead.com/classic/quest=1032"", ""Satyr Slaying!"")"	
"=HYPERLINK(""https://www.wowhead.com/classic/quest=1384"", ""Raid on the Kolkar"")"	
"=HYPERLINK(""https://www.wowhead.com/classic/quest=1386"", ""Assault on the Kolkar"")"	
"=HYPERLINK(""https://www.wowhead.com/classic/quest=2751"", ""Barbaric Battlements"")"	
"=HYPERLINK(""https://www.wowhead.com/classic/quest=2752"", ""On Iron Pauldrons"")"	
"=HYPERLINK(""https://www.wowhead.com/classic/quest=5501"", ""Bone Collector"")"	
"=HYPERLINK(""https://www.wowhead.com/tbc/quest=9522"", ""Never Again!"")"	
"=HYPERLINK(""https://www.wowhead.com/tbc/quest=9536"", ""Never Again!"")"	
"=HYPERLINK(""https://www.wowhead.com/classic/quest=186"", ""Tiger Mastery"")"	
"=HYPERLINK(""https://www.wowhead.com/classic/quest=191"", ""Panther Mastery"")"	
"=HYPERLINK(""https://www.wowhead.com/classic/quest=203"", ""The Second Rebellion"")"	
"=HYPERLINK(""https://www.wowhead.com/classic/quest=505"", ""Syndicate Assassins"")"	
"=HYPERLINK(""https://www.wowhead.com/classic/quest=552"", ""Helcular's Revenge"")"	
"=HYPERLINK(""https://www.wowhead.com/classic/quest=553"", ""Helcular's Revenge"")"	
"=HYPERLINK(""https://www.wowhead.com/classic/quest=671"", ""Foul Magics"")"	
"=HYPERLINK(""https://www.wowhead.com/classic/quest=1051"", ""Vorrel's Revenge"")"	
"=HYPERLINK(""https://www.wowhead.com/classic/quest=1113"", ""Hearts of Zeal"")"	
"=HYPERLINK(""https://www.wowhead.com/classic/quest=1175"", ""A Bump in the Road"")"	
"=HYPERLINK(""https://www.wowhead.com/classic/quest=1369"", ""Broken Tears"")"	
"=HYPERLINK(""https://www.wowhead.com/classic/quest=1434"", ""Befouled by Satyr"")"	
"=HYPERLINK(""https://www.wowhead.com/classic/quest=1435"", ""The Burning of Spirits"")"	
"=HYPERLINK(""https://www.wowhead.com/classic/quest=1439"", ""Search for Tyranis"")"	
"=HYPERLINK(""https://www.wowhead.com/classic/quest=1458"", ""Reagents for Reclaimers Inc."")"	
"=HYPERLINK(""https://www.wowhead.com/classic/quest=1481"", ""The Corrupter"")"	
"=HYPERLINK(""https://www.wowhead.com/classic/quest=5741"", ""Sceptre of Light"")"	
"=HYPERLINK(""https://www.wowhead.com/classic/quest=194"", ""Raptor Mastery"")"	
"=HYPERLINK(""https://www.wowhead.com/classic/quest=204"", ""Bad Medicine"")"	
"=HYPERLINK(""https://www.wowhead.com/classic/quest=533"", ""Infiltration"")"	
"=HYPERLINK(""https://www.wowhead.com/classic/quest=535"", ""Valik"")"	
"=HYPERLINK(""https://www.wowhead.com/classic/quest=544"", ""Prison Break In"")"	
"=HYPERLINK(""https://www.wowhead.com/classic/quest=557"", ""Bracers of Binding"")"	
"=HYPERLINK(""https://www.wowhead.com/classic/quest=564"", ""Costly Menace"")"	
"=HYPERLINK(""https://www.wowhead.com/classic/quest=565"", ""Bartolo's Yeti Fur Cloak"")"	
"=HYPERLINK(""https://www.wowhead.com/classic/quest=581"", ""Hunt for Yenniku"")"	
"=HYPERLINK(""https://www.wowhead.com/classic/quest=672"", ""Raising Spirits"")"	
"=HYPERLINK(""https://www.wowhead.com/classic/quest=5561"", ""Kodo Roundup"")"	
"=HYPERLINK(""https://www.wowhead.com/tbc/quest=9436"", ""Bloodscalp Insight"")"	
"=HYPERLINK(""https://www.wowhead.com/classic/quest=187"", ""Tiger Mastery"")"	
"=HYPERLINK(""https://www.wowhead.com/classic/quest=189"", ""Bloodscalp Ears"")"	
"=HYPERLINK(""https://www.wowhead.com/classic/quest=349"", ""Stranglethorn Fever"")"	
"=HYPERLINK(""https://www.wowhead.com/classic/quest=545"", ""Dalaran Patrols"")"	
"=HYPERLINK(""https://www.wowhead.com/classic/quest=605"", ""Singing Blue Shards"")"	
"=HYPERLINK(""https://www.wowhead.com/classic/quest=719"", ""A Dwarf and His Tools"")"	
"=HYPERLINK(""https://www.wowhead.com/classic/quest=1107"", ""Encrusted Tail Fins"")"	
"=HYPERLINK(""https://www.wowhead.com/classic/quest=1147"", ""The Swarm Grows"")"	
"=HYPERLINK(""https://www.wowhead.com/classic/quest=1148"", ""Parts of the Swarm"")"	
"=HYPERLINK(""https://www.wowhead.com/classic/quest=1201"", ""Theramore Spies"")"	
"=HYPERLINK(""https://www.wowhead.com/classic/quest=1202"", ""The Theramore Docks"")"	
"=HYPERLINK(""https://www.wowhead.com/classic/quest=1203"", ""Jarl Needs a Blade"")"	
"=HYPERLINK(""https://www.wowhead.com/classic/quest=1206"", ""Jarl Needs Eyes"")"	
"=HYPERLINK(""https://www.wowhead.com/classic/quest=1218"", ""Marsh Frog Legs"")"	
"=HYPERLINK(""https://www.wowhead.com/classic/quest=1265"", ""The Missing Diplomat"")"	
"=HYPERLINK(""https://www.wowhead.com/classic/quest=1365"", ""Khan Dez'hepah"")"	
"=HYPERLINK(""https://www.wowhead.com/classic/quest=1370"", ""Stealing Supplies"")"	
"=HYPERLINK(""https://www.wowhead.com/classic/quest=1371"", ""Gizmo for Warug"")"	
"=HYPERLINK(""https://www.wowhead.com/classic/quest=1389"", ""Draenethyst Crystals"")"	
"=HYPERLINK(""https://www.wowhead.com/classic/quest=1421"", ""The Lost Caravan"")"	
"=HYPERLINK(""https://www.wowhead.com/classic/quest=1459"", ""Reagents for Reclaimers Inc."")"	
"=HYPERLINK(""https://www.wowhead.com/classic/quest=1482"", ""The Corrupter"")"	
"=HYPERLINK(""https://www.wowhead.com/classic/quest=2841"", ""Rig Wars"")"	
"=HYPERLINK(""https://www.wowhead.com/classic/quest=2929"", ""The Grand Betrayal"")"	
"=HYPERLINK(""https://www.wowhead.com/classic/quest=2948"", ""Gnome Improvement"")"	
"=HYPERLINK(""https://www.wowhead.com/classic/quest=2950"", ""Nogg's Ring Redo"")"	
"=HYPERLINK(""https://www.wowhead.com/classic/quest=6142"", ""Clam Bait"")"	
"=HYPERLINK(""https://www.wowhead.com/classic/quest=6626"", ""A Host of Evil"")"	
"=HYPERLINK(""https://www.wowhead.com/classic/quest=8159"", ""More Resource Crates"")"	
"=HYPERLINK(""https://www.wowhead.com/classic/quest=8164"", ""More Resource Crates"")"	
"=HYPERLINK(""https://www.wowhead.com/classic/quest=8167"", ""The Battle for Arathi Basin!"")"	
"=HYPERLINK(""https://www.wowhead.com/classic/quest=8170"", ""The Battle for Arathi Basin!"")"	
"=HYPERLINK(""https://www.wowhead.com/tbc/quest=11126"", ""Traitors Among Us"")"	
"=HYPERLINK(""https://www.wowhead.com/tbc/quest=11128"", ""Propaganda War"")"	
"=HYPERLINK(""https://www.wowhead.com/tbc/quest=11133"", ""Discrediting the Deserters"")"	
"=HYPERLINK(""https://www.wowhead.com/tbc/quest=11192"", ""Thresher Oil"")"	
"=HYPERLINK(""https://www.wowhead.com/classic/quest=195"", ""Raptor Mastery"")"	
"=HYPERLINK(""https://www.wowhead.com/classic/quest=213"", ""Hostile Takeover"")"	
"=HYPERLINK(""https://www.wowhead.com/classic/quest=500"", ""Crushridge Bounty"")"	
"=HYPERLINK(""https://www.wowhead.com/classic/quest=503"", ""Gol'dir"")"	
"=HYPERLINK(""https://www.wowhead.com/classic/quest=512"", ""Noble Deaths"")"	
"=HYPERLINK(""https://www.wowhead.com/classic/quest=568"", ""The Defense of Grom'gol"")"	
"=HYPERLINK(""https://www.wowhead.com/classic/quest=577"", ""Some Assembly Required"")"	
"=HYPERLINK(""https://www.wowhead.com/classic/quest=658"", ""Hints of a New Plague?"")"	
"=HYPERLINK(""https://www.wowhead.com/classic/quest=691"", ""Worth Its Weight in Gold"")"	
"=HYPERLINK(""https://www.wowhead.com/classic/quest=1116"", ""Dream Dust in the Swamp"")"	
"=HYPERLINK(""https://www.wowhead.com/classic/quest=1160"", ""Test of Lore"")"	
"=HYPERLINK(""https://www.wowhead.com/classic/quest=1164"", ""To Steal From Thieves"")"	
"=HYPERLINK(""https://www.wowhead.com/classic/quest=1177"", ""Hungry!"")"	
"=HYPERLINK(""https://www.wowhead.com/classic/quest=2418"", ""Power Stones"")"	
"=HYPERLINK(""https://www.wowhead.com/classic/quest=2753"", ""Trampled Under Foot"")"	
"=HYPERLINK(""https://www.wowhead.com/classic/quest=2754"", ""Horns of Frenzy"")"	
"=HYPERLINK(""https://www.wowhead.com/classic/quest=6143"", ""Other Fish to Fry"")"	
"=HYPERLINK(""https://www.wowhead.com/classic/quest=6161"", ""Claim Rackmore's Treasure!"")"	
"=HYPERLINK(""https://www.wowhead.com/classic/quest=6521"", ""An Unholy Alliance"")"	
"=HYPERLINK(""https://www.wowhead.com/tbc/quest=9457"", ""An Unusual Patron"")"	
"=HYPERLINK(""https://www.wowhead.com/tbc/quest=11180"", ""What's Haunting Witch Hill?"")"	
"=HYPERLINK(""https://www.wowhead.com/tbc/quest=11181"", ""The Witch's Bane"")"	
"=HYPERLINK(""https://www.wowhead.com/tbc/quest=11183"", ""Cleansing Witch Hill"")"	
"=HYPERLINK(""https://www.wowhead.com/wotlk/quest=14353"", ""An Unholy Alliance"")"	
"=HYPERLINK(""https://www.wowhead.com/classic/quest=188"", ""Tiger Mastery"")"	
"=HYPERLINK(""https://www.wowhead.com/classic/quest=569"", ""The Defense of Grom'gol"")"	
"=HYPERLINK(""https://www.wowhead.com/classic/quest=578"", ""The Stone of the Tides"")"	
"=HYPERLINK(""https://www.wowhead.com/classic/quest=582"", ""Headhunting"")"	
"=HYPERLINK(""https://www.wowhead.com/classic/quest=596"", ""Bloody Bone Necklaces"")"	
"=HYPERLINK(""https://www.wowhead.com/classic/quest=601"", ""Water Elementals"")"	
"=HYPERLINK(""https://www.wowhead.com/classic/quest=627"", ""Favor for Krazek"")"	
"=HYPERLINK(""https://www.wowhead.com/classic/quest=629"", ""The Vile Reef"")"	
"=HYPERLINK(""https://www.wowhead.com/classic/quest=639"", ""Sigil of Strom"")"	
"=HYPERLINK(""https://www.wowhead.com/classic/quest=642"", ""The Princess Trapped"")"	
"=HYPERLINK(""https://www.wowhead.com/classic/quest=682"", ""Stromgarde Badges"")"	
"=HYPERLINK(""https://www.wowhead.com/classic/quest=701"", ""Guile of the Raptor"")"	
"=HYPERLINK(""https://www.wowhead.com/classic/quest=705"", ""Pearl Diving"")"	
"=HYPERLINK(""https://www.wowhead.com/classic/quest=710"", ""Study of the Elements: Rock"")"	
"=HYPERLINK(""https://www.wowhead.com/classic/quest=713"", ""Coolant Heads Prevail"")"	
"=HYPERLINK(""https://www.wowhead.com/classic/quest=714"", ""Gyro... What?"")"	
"=HYPERLINK(""https://www.wowhead.com/classic/quest=715"", ""Liquid Stone"")"	
"=HYPERLINK(""https://www.wowhead.com/classic/quest=1136"", ""Frostmaw"")"	
"=HYPERLINK(""https://www.wowhead.com/classic/quest=1182"", ""Goblin Sponsorship"")"	
"=HYPERLINK(""https://www.wowhead.com/classic/quest=1322"", ""The Black Shield"")"	
"=HYPERLINK(""https://www.wowhead.com/classic/quest=1373"", ""Ongeku"")"	
"=HYPERLINK(""https://www.wowhead.com/classic/quest=1374"", ""Khan Jehn"")"	
"=HYPERLINK(""https://www.wowhead.com/classic/quest=1375"", ""Khan Shaka"")"	
"=HYPERLINK(""https://www.wowhead.com/classic/quest=1396"", ""Encroaching Wildlife"")"	
"=HYPERLINK(""https://www.wowhead.com/classic/quest=3341"", ""Bring the End"")"	
"=HYPERLINK(""https://www.wowhead.com/classic/quest=3636"", ""Bring the Light"")"	
"=HYPERLINK(""https://www.wowhead.com/classic/quest=5386"", ""Catch of the Day"")"	
"=HYPERLINK(""https://www.wowhead.com/tbc/quest=9437"", ""Twilight of the Dawn Runner"")"	
"=HYPERLINK(""https://www.wowhead.com/tbc/quest=11134"", ""The End of the Deserters"")"	
"=HYPERLINK(""https://www.wowhead.com/tbc/quest=11137"", ""Defias in Dustwallow?"")"	
"=HYPERLINK(""https://www.wowhead.com/tbc/quest=11139"", ""Secondhand Diving Gear"")"	
"=HYPERLINK(""https://www.wowhead.com/tbc/quest=11140"", ""Recover the Cargo!"")"	
"=HYPERLINK(""https://www.wowhead.com/tbc/quest=11145"", ""Prisoners of the Grimtotems"")"	
"=HYPERLINK(""https://www.wowhead.com/tbc/quest=11146"", ""Raptor Captor"")"	
"=HYPERLINK(""https://www.wowhead.com/tbc/quest=11147"", ""Unleash the Raptors"")"	
"=HYPERLINK(""https://www.wowhead.com/tbc/quest=11200"", ""More than Coincidence"")"	
"=HYPERLINK(""https://www.wowhead.com/tbc/quest=11209"", ""Nat's Bargain"")"	
"=HYPERLINK(""https://www.wowhead.com/classic/quest=192"", ""Panther Mastery"")"	
"=HYPERLINK(""https://www.wowhead.com/classic/quest=207"", ""Kurzen's Mystery"")"	
"=HYPERLINK(""https://www.wowhead.com/classic/quest=540"", ""Preserving Knowledge"")"	
"=HYPERLINK(""https://www.wowhead.com/classic/quest=570"", ""Mok'thardin's Enchantment"")"	
"=HYPERLINK(""https://www.wowhead.com/classic/quest=574"", ""Special Forces"")"	
"=HYPERLINK(""https://www.wowhead.com/classic/quest=628"", ""Excelsior"")"	
"=HYPERLINK(""https://www.wowhead.com/classic/quest=651"", ""Stones of Binding"")"	
"=HYPERLINK(""https://www.wowhead.com/classic/quest=678"", ""Call to Arms"")"	
"=HYPERLINK(""https://www.wowhead.com/classic/quest=704"", ""Agmond's Fate"")"	
"=HYPERLINK(""https://www.wowhead.com/classic/quest=718"", ""Mirages"")"	
"=HYPERLINK(""https://www.wowhead.com/classic/quest=1049"", ""Compendium of the Fallen"")"	
"=HYPERLINK(""https://www.wowhead.com/classic/quest=1050"", ""Mythology of the Titans"")"	
"=HYPERLINK(""https://www.wowhead.com/classic/quest=1204"", ""Mudrock Soup and Bugs"")"	
"=HYPERLINK(""https://www.wowhead.com/classic/quest=5381"", ""Hand of Iruxos"")"	
"=HYPERLINK(""https://www.wowhead.com/classic/quest=5581"", ""Portals of the Legion"")"	
"=HYPERLINK(""https://www.wowhead.com/classic/quest=6027"", ""Book of the Ancients"")"	
"=HYPERLINK(""https://www.wowhead.com/tbc/quest=9440"", ""Little Morsels"")"	
"=HYPERLINK(""https://www.wowhead.com/tbc/quest=9448"", ""Mercy for the Cursed"")"	
"=HYPERLINK(""https://www.wowhead.com/tbc/quest=11144"", ""Confirming the Suspicion"")"	
"=HYPERLINK(""https://www.wowhead.com/tbc/quest=11148"", ""Arms of the Grimtotems"")"	
"=HYPERLINK(""https://www.wowhead.com/tbc/quest=11169"", ""The Grimtotem Weapon"")"	
"=HYPERLINK(""https://www.wowhead.com/tbc/quest=11201"", ""The Grimtotem Plot"")"	
"=HYPERLINK(""https://www.wowhead.com/classic/quest=261"", ""Down the Scarlet Path"")"	
"=HYPERLINK(""https://www.wowhead.com/classic/quest=518"", ""The Crown of Will"")"	
"=HYPERLINK(""https://www.wowhead.com/classic/quest=610"", ""\""""Pretty Boy\"""" Duncan"")"	
"=HYPERLINK(""https://www.wowhead.com/classic/quest=684"", ""Wanted!  Marez Cowl"")"	
"=HYPERLINK(""https://www.wowhead.com/classic/quest=693"", ""Wand over Fist"")"	
"=HYPERLINK(""https://www.wowhead.com/classic/quest=694"", ""Trelane's Defenses"")"	
"=HYPERLINK(""https://www.wowhead.com/classic/quest=696"", ""Attack on the Tower"")"	
"=HYPERLINK(""https://www.wowhead.com/classic/quest=711"", ""Study of the Elements: Rock"")"	
"=HYPERLINK(""https://www.wowhead.com/classic/quest=1108"", ""Indurium"")"	
"=HYPERLINK(""https://www.wowhead.com/classic/quest=1456"", ""The Karnitol Shipwreck"")"	
"=HYPERLINK(""https://www.wowhead.com/classic/quest=2258"", ""Badlands Reagent Run"")"	
"=HYPERLINK(""https://www.wowhead.com/classic/quest=2500"", ""Badlands Reagent Run"")"	
"=HYPERLINK(""https://www.wowhead.com/classic/quest=6134"", ""Ghost-o-plasm Round Up"")"	
"=HYPERLINK(""https://www.wowhead.com/classic/quest=8848"", ""Fifteen Signets for War Supplies"")"	
"=HYPERLINK(""https://www.wowhead.com/classic/quest=8853"", ""Fifteen Signets for War Supplies"")"	
"=HYPERLINK(""https://www.wowhead.com/tbc/quest=11150"", ""Raze Direhorn Post!"")"	
"=HYPERLINK(""https://www.wowhead.com/tbc/quest=11152"", ""Peace at Last"")"	
"=HYPERLINK(""https://www.wowhead.com/tbc/quest=11156"", ""Direhorn Raiders"")"	
"=HYPERLINK(""https://www.wowhead.com/tbc/quest=11158"", ""Bloodfen Feathers"")"	
"=HYPERLINK(""https://www.wowhead.com/tbc/quest=11160"", ""Banner of the Stonemaul"")"	
"=HYPERLINK(""https://www.wowhead.com/tbc/quest=11161"", ""The Essence of Enmity"")"	
"=HYPERLINK(""https://www.wowhead.com/tbc/quest=11173"", ""The Reagent Thief"")"	
"=HYPERLINK(""https://www.wowhead.com/tbc/quest=11184"", ""WANTED: Goreclaw the Ravenous"")"	
"=HYPERLINK(""https://www.wowhead.com/tbc/quest=11205"", ""Raze Direhorn Post!"")"	
"=HYPERLINK(""https://www.wowhead.com/tbc/quest=11207"", ""Secure the Cargo!"")"	
"=HYPERLINK(""https://www.wowhead.com/classic/quest=193"", ""Panther Mastery"")"	
"=HYPERLINK(""https://www.wowhead.com/classic/quest=202"", ""Colonel Kurzen"")"	
"=HYPERLINK(""https://www.wowhead.com/classic/quest=205"", ""Troll Witchery"")"	
"=HYPERLINK(""https://www.wowhead.com/classic/quest=212"", ""A Meal Served Cold"")"	
"=HYPERLINK(""https://www.wowhead.com/classic/quest=338"", ""The Green Hills of Stranglethorn"")"	
"=HYPERLINK(""https://www.wowhead.com/classic/quest=339"", ""Chapter I"")"	
"=HYPERLINK(""https://www.wowhead.com/classic/quest=340"", ""Chapter II"")"	
"=HYPERLINK(""https://www.wowhead.com/classic/quest=341"", ""Chapter III"")"	
"=HYPERLINK(""https://www.wowhead.com/classic/quest=342"", ""Chapter IV"")"	
"=HYPERLINK(""https://www.wowhead.com/classic/quest=504"", ""Crushridge Warmongers"")"	
"=HYPERLINK(""https://www.wowhead.com/classic/quest=523"", ""Baron's Demise"")"	
"=HYPERLINK(""https://www.wowhead.com/classic/quest=537"", ""Dark Council"")"	
"=HYPERLINK(""https://www.wowhead.com/classic/quest=543"", ""The Perenolde Tiara"")"	
"=HYPERLINK(""https://www.wowhead.com/classic/quest=566"", ""WANTED: Baron Vardus"")"	
"=HYPERLINK(""https://www.wowhead.com/classic/quest=585"", ""Speaking with Nezzliok"")"	
"=HYPERLINK(""https://www.wowhead.com/classic/quest=611"", ""The Curse of the Tides"")"	
"=HYPERLINK(""https://www.wowhead.com/classic/quest=640"", ""The Broken Sigil"")"	
"=HYPERLINK(""https://www.wowhead.com/classic/quest=662"", ""Deep Sea Salvage"")"	
"=HYPERLINK(""https://www.wowhead.com/classic/quest=664"", ""Drowned Sorrows"")"	
"=HYPERLINK(""https://www.wowhead.com/classic/quest=666"", ""Sunken Treasure"")"	
"=HYPERLINK(""https://www.wowhead.com/classic/quest=673"", ""Foul Magics"")"	
"=HYPERLINK(""https://www.wowhead.com/classic/quest=679"", ""Call to Arms"")"	
"=HYPERLINK(""https://www.wowhead.com/classic/quest=680"", ""The Real Threat"")"	
"=HYPERLINK(""https://www.wowhead.com/classic/quest=685"", ""Wanted!  Otto and Falconcrest"")"	
"=HYPERLINK(""https://www.wowhead.com/classic/quest=698"", ""Lack of Surplus"")"	
"=HYPERLINK(""https://www.wowhead.com/classic/quest=703"", ""Barbecued Buzzard Wings"")"	
"=HYPERLINK(""https://www.wowhead.com/classic/quest=709"", ""Solution to Doom"")"	
"=HYPERLINK(""https://www.wowhead.com/classic/quest=722"", ""Amulet of Secrets"")"	
"=HYPERLINK(""https://www.wowhead.com/classic/quest=733"", ""Scrounging"")"	
"=HYPERLINK(""https://www.wowhead.com/classic/quest=1053"", ""In the Name of the Light"")"	
"=HYPERLINK(""https://www.wowhead.com/classic/quest=1258"", ""... and Bugs"")"	
"=HYPERLINK(""https://www.wowhead.com/classic/quest=1261"", ""Marg Speaks"")"	
"=HYPERLINK(""https://www.wowhead.com/classic/quest=1419"", ""Coyote Thieves"")"	
"=HYPERLINK(""https://www.wowhead.com/classic/quest=1466"", ""Reagents for Reclaimers Inc."")"	
"=HYPERLINK(""https://www.wowhead.com/classic/quest=1488"", ""The Corrupter"")"	
"=HYPERLINK(""https://www.wowhead.com/classic/quest=2240"", ""The Hidden Chamber"")"	
"=HYPERLINK(""https://www.wowhead.com/classic/quest=2756"", ""The Old Ways"")"	
"=HYPERLINK(""https://www.wowhead.com/classic/quest=2758"", ""The Origins of Smithing"")"	
"=HYPERLINK(""https://www.wowhead.com/classic/quest=5283"", ""The Art of the Armorsmith"")"	
"=HYPERLINK(""https://www.wowhead.com/classic/quest=5284"", ""The Way of the Weaponsmith"")"	
"=HYPERLINK(""https://www.wowhead.com/classic/quest=5301"", ""The Art of the Armorsmith"")"	
"=HYPERLINK(""https://www.wowhead.com/classic/quest=5302"", ""The Way of the Weaponsmith"")"	
"=HYPERLINK(""https://www.wowhead.com/tbc/quest=9439"", ""Unclaimed Baggage"")"	
"=HYPERLINK(""https://www.wowhead.com/tbc/quest=11174"", ""Corrosion Prevention"")"	
"=HYPERLINK(""https://www.wowhead.com/tbc/quest=11217"", ""Catch a Dragon by the Tail"")"	
"=HYPERLINK(""https://www.wowhead.com/classic/quest=196"", ""Raptor Mastery"")"	
"=HYPERLINK(""https://www.wowhead.com/classic/quest=519"", ""The Crown of Will"")"	
"=HYPERLINK(""https://www.wowhead.com/classic/quest=571"", ""Mok'thardin's Enchantment"")"	
"=HYPERLINK(""https://www.wowhead.com/classic/quest=572"", ""Mok'thardin's Enchantment"")"	
"=HYPERLINK(""https://www.wowhead.com/classic/quest=584"", ""Bloodscalp Clan Heads"")"	
"=HYPERLINK(""https://www.wowhead.com/classic/quest=587"", ""Up to Snuff"")"	
"=HYPERLINK(""https://www.wowhead.com/classic/quest=600"", ""Venture Company Mining"")"	
"=HYPERLINK(""https://www.wowhead.com/classic/quest=606"", ""Scaring Shaky"")"	
"=HYPERLINK(""https://www.wowhead.com/classic/quest=643"", ""Sigil of Arathor"")"	
"=HYPERLINK(""https://www.wowhead.com/classic/quest=692"", ""The Lost Fragments"")"	
"=HYPERLINK(""https://www.wowhead.com/classic/quest=1166"", ""Overlord Mok'Morokk's Concern"")"	
"=HYPERLINK(""https://www.wowhead.com/classic/quest=1168"", ""Army of the Black Dragon"")"	
"=HYPERLINK(""https://www.wowhead.com/classic/quest=1169"", ""Identifying the Brood"")"	
"=HYPERLINK(""https://www.wowhead.com/classic/quest=1172"", ""The Brood of Onyxia"")"	
"=HYPERLINK(""https://www.wowhead.com/classic/quest=1187"", ""Razzeric's Tweaking"")"	
"=HYPERLINK(""https://www.wowhead.com/classic/quest=1205"", ""Deadmire"")"	
"=HYPERLINK(""https://www.wowhead.com/classic/quest=1364"", ""Mazen's Behest"")"	
"=HYPERLINK(""https://www.wowhead.com/classic/quest=2199"", ""Lore for a Price"")"	
"=HYPERLINK(""https://www.wowhead.com/classic/quest=2283"", ""Necklace Recovery"")"	
"=HYPERLINK(""https://www.wowhead.com/tbc/quest=11159"", ""Spirits of Stonemaul Hold"")"	
"=HYPERLINK(""https://www.wowhead.com/tbc/quest=11162"", ""Challenge to the Black Flight"")"	
"=HYPERLINK(""https://www.wowhead.com/classic/quest=17"", ""Uldaman Reagent Run"")"	
"=HYPERLINK(""https://www.wowhead.com/classic/quest=209"", ""Skullsplitter Tusks"")"	
"=HYPERLINK(""https://www.wowhead.com/classic/quest=507"", ""Lord Aliden Perenolde"")"	
"=HYPERLINK(""https://www.wowhead.com/classic/quest=576"", ""Keep An Eye Out"")"	
"=HYPERLINK(""https://www.wowhead.com/classic/quest=598"", ""Split Bone Necklace"")"	
"=HYPERLINK(""https://www.wowhead.com/classic/quest=604"", ""The Bloodsail Buccaneers"")"	
"=HYPERLINK(""https://www.wowhead.com/classic/quest=608"", ""The Bloodsail Buccaneers"")"	
"=HYPERLINK(""https://www.wowhead.com/classic/quest=614"", ""The Captain's Chest"")"	
"=HYPERLINK(""https://www.wowhead.com/classic/quest=618"", ""Facing Negolash"")"	
"=HYPERLINK(""https://www.wowhead.com/classic/quest=619"", ""Enticing Negolash"")"	
"=HYPERLINK(""https://www.wowhead.com/classic/quest=630"", ""Message in a Bottle"")"	
"=HYPERLINK(""https://www.wowhead.com/classic/quest=644"", ""Sigil of Trollbane"")"	
"=HYPERLINK(""https://www.wowhead.com/classic/quest=652"", ""Breaking the Keystone"")"	
"=HYPERLINK(""https://www.wowhead.com/classic/quest=699"", ""Lack of Surplus"")"	
"=HYPERLINK(""https://www.wowhead.com/classic/quest=712"", ""Study of the Elements: Rock"")"	
"=HYPERLINK(""https://www.wowhead.com/classic/quest=716"", ""Stone Is Better than Cloth"")"	
"=HYPERLINK(""https://www.wowhead.com/classic/quest=739"", ""Murdaloc"")"	
"=HYPERLINK(""https://www.wowhead.com/classic/quest=1048"", ""Into The Scarlet Monastery"")"	
"=HYPERLINK(""https://www.wowhead.com/classic/quest=1192"", ""Indurium Ore"")"	
"=HYPERLINK(""https://www.wowhead.com/classic/quest=1380"", ""Khan Hratha"")"	
"=HYPERLINK(""https://www.wowhead.com/classic/quest=1381"", ""Khan Hratha"")"	
"=HYPERLINK(""https://www.wowhead.com/classic/quest=1383"", ""Nothing But The Truth"")"	
"=HYPERLINK(""https://www.wowhead.com/classic/quest=1398"", ""Driftwood"")"	
"=HYPERLINK(""https://www.wowhead.com/classic/quest=2202"", ""Uldaman Reagent Run"")"	
"=HYPERLINK(""https://www.wowhead.com/classic/quest=2862"", ""War on the Woodpaw"")"	
"=HYPERLINK(""https://www.wowhead.com/classic/quest=3375"", ""Replacement Phial"")"	
"=HYPERLINK(""https://www.wowhead.com/classic/quest=7068"", ""Shadowshard Fragments"")"	
"=HYPERLINK(""https://www.wowhead.com/classic/quest=7070"", ""Shadowshard Fragments"")"	
"=HYPERLINK(""https://www.wowhead.com/classic/quest=8551"", ""The Captain's Chest"")"	
"=HYPERLINK(""https://www.wowhead.com/classic/quest=8554"", ""Facing Negolash"")"	
"=HYPERLINK(""https://www.wowhead.com/wotlk/quest=14355"", ""Into The Scarlet Monastery"")"	
"=HYPERLINK(""https://www.wowhead.com/classic/quest=197"", ""Raptor Mastery"")"	
"=HYPERLINK(""https://www.wowhead.com/classic/quest=208"", ""Big Game Hunter"")"	
"=HYPERLINK(""https://www.wowhead.com/classic/quest=520"", ""The Crown of Will"")"	
"=HYPERLINK(""https://www.wowhead.com/classic/quest=617"", ""Akiris by the Bundle"")"	
"=HYPERLINK(""https://www.wowhead.com/classic/quest=732"", ""Tremors of the Earth"")"	
"=HYPERLINK(""https://www.wowhead.com/classic/quest=782"", ""Broken Alliances"")"	
"=HYPERLINK(""https://www.wowhead.com/classic/quest=1360"", ""Reclaimed Treasures"")"	
"=HYPERLINK(""https://www.wowhead.com/classic/quest=1424"", ""Pool of Tears"")"	
"=HYPERLINK(""https://www.wowhead.com/classic/quest=1426"", ""Threat From the Sea"")"	
"=HYPERLINK(""https://www.wowhead.com/classic/quest=1448"", ""In Search of The Temple"")"	
"=HYPERLINK(""https://www.wowhead.com/classic/quest=1452"", ""Rhapsody's Kalimdor Kocktail"")"	
"=HYPERLINK(""https://www.wowhead.com/classic/quest=1690"", ""Wastewander Justice"")"	
"=HYPERLINK(""https://www.wowhead.com/classic/quest=2201"", ""Find the Gems"")"	
"=HYPERLINK(""https://www.wowhead.com/classic/quest=2342"", ""Reclaimed Treasures"")"	
"=HYPERLINK(""https://www.wowhead.com/classic/quest=2863"", ""Alpha Strike"")"	
"=HYPERLINK(""https://www.wowhead.com/classic/quest=2869"", ""Against the Hatecrest"")"	
"=HYPERLINK(""https://www.wowhead.com/classic/quest=2975"", ""The Ogres of Feralas"")"	
"=HYPERLINK(""https://www.wowhead.com/classic/quest=2987"", ""Gordunni Cobalt"")"	
"=HYPERLINK(""https://www.wowhead.com/tbc/quest=9610"", ""Pool of Tears"")"	
"=HYPERLINK(""https://www.wowhead.com/classic/quest=48"", ""Sweet Amber"")"	
"=HYPERLINK(""https://www.wowhead.com/classic/quest=49"", ""Sweet Amber"")"	
"=HYPERLINK(""https://www.wowhead.com/classic/quest=50"", ""Sweet Amber"")"	
"=HYPERLINK(""https://www.wowhead.com/classic/quest=51"", ""Sweet Amber"")"	
"=HYPERLINK(""https://www.wowhead.com/classic/quest=53"", ""Sweet Amber"")"	
"=HYPERLINK(""https://www.wowhead.com/classic/quest=573"", ""Mok'thardin's Enchantment"")"	
"=HYPERLINK(""https://www.wowhead.com/classic/quest=609"", ""Voodoo Dues"")"	
"=HYPERLINK(""https://www.wowhead.com/classic/quest=613"", ""Cracking Maury's Foot"")"	
"=HYPERLINK(""https://www.wowhead.com/classic/quest=621"", ""Zanzil's Secret"")"	
"=HYPERLINK(""https://www.wowhead.com/classic/quest=735"", ""The Star, the Hand and the Heart"")"	
"=HYPERLINK(""https://www.wowhead.com/classic/quest=736"", ""The Star, the Hand and the Heart"")"	
"=HYPERLINK(""https://www.wowhead.com/classic/quest=762"", ""An Ambassador of Evil"")"	
"=HYPERLINK(""https://www.wowhead.com/classic/quest=1127"", ""Fool's Stout"")"	
"=HYPERLINK(""https://www.wowhead.com/classic/quest=1430"", ""Fresh Meat"")"	
"=HYPERLINK(""https://www.wowhead.com/classic/quest=1691"", ""More Wastewander Justice"")"	
"=HYPERLINK(""https://www.wowhead.com/classic/quest=1707"", ""Water Pouch Bounty"")"	
"=HYPERLINK(""https://www.wowhead.com/classic/quest=1878"", ""Water Pouch Bounty"")"	
"=HYPERLINK(""https://www.wowhead.com/classic/quest=2203"", ""Badlands Reagent Run II"")"	
"=HYPERLINK(""https://www.wowhead.com/classic/quest=2204"", ""Restoring the Necklace"")"	
"=HYPERLINK(""https://www.wowhead.com/classic/quest=2339"", ""Find the Gems and Power Source"")"	
"=HYPERLINK(""https://www.wowhead.com/classic/quest=2501"", ""Badlands Reagent Run II"")"	
"=HYPERLINK(""https://www.wowhead.com/classic/quest=2980"", ""The Ogres of Feralas"")"	
"=HYPERLINK(""https://www.wowhead.com/classic/quest=2982"", ""The High Wilderness"")"	
"=HYPERLINK(""https://www.wowhead.com/classic/quest=3520"", ""Screecher Spirits"")"	
"=HYPERLINK(""https://www.wowhead.com/tbc/quest=9471"", ""Preying on the Predators"")"	
"=HYPERLINK(""https://www.wowhead.com/classic/quest=348"", ""Stranglethorn Fever"")"	
"=HYPERLINK(""https://www.wowhead.com/classic/quest=589"", ""The Singing Crystals"")"	
"=HYPERLINK(""https://www.wowhead.com/classic/quest=706"", ""Fiery Blaze Enchantments"")"	
"=HYPERLINK(""https://www.wowhead.com/classic/quest=778"", ""This Is Going to Be Hard"")"	
"=HYPERLINK(""https://www.wowhead.com/classic/quest=1139"", ""The Lost Tablets of Will"")"	
"=HYPERLINK(""https://www.wowhead.com/classic/quest=1428"", ""Continued Threat"")"	
"=HYPERLINK(""https://www.wowhead.com/classic/quest=2761"", ""Smelt On, Smelt Off"")"	
"=HYPERLINK(""https://www.wowhead.com/classic/quest=2762"", ""The Great Silver Deceiver"")"	
"=HYPERLINK(""https://www.wowhead.com/classic/quest=2763"", ""The Art of the Imbue"")"	
"=HYPERLINK(""https://www.wowhead.com/classic/quest=2771"", ""A Good Head On Your Shoulders"")"	
"=HYPERLINK(""https://www.wowhead.com/classic/quest=2772"", ""The World At Your Feet"")"	
"=HYPERLINK(""https://www.wowhead.com/classic/quest=2773"", ""The Mithril Kid"")"	
"=HYPERLINK(""https://www.wowhead.com/classic/quest=2847"", ""Wild Leather Armor"")"	
"=HYPERLINK(""https://www.wowhead.com/classic/quest=2848"", ""Wild Leather Shoulders"")"	
"=HYPERLINK(""https://www.wowhead.com/classic/quest=2849"", ""Wild Leather Vest"")"	
"=HYPERLINK(""https://www.wowhead.com/classic/quest=2850"", ""Wild Leather Helmet"")"	
"=HYPERLINK(""https://www.wowhead.com/classic/quest=2851"", ""Wild Leather Boots"")"	
"=HYPERLINK(""https://www.wowhead.com/classic/quest=2852"", ""Wild Leather Leggings"")"	
"=HYPERLINK(""https://www.wowhead.com/classic/quest=2854"", ""Wild Leather Armor"")"	
"=HYPERLINK(""https://www.wowhead.com/classic/quest=2855"", ""Wild Leather Shoulders"")"	
"=HYPERLINK(""https://www.wowhead.com/classic/quest=2856"", ""Wild Leather Vest"")"	
"=HYPERLINK(""https://www.wowhead.com/classic/quest=2857"", ""Wild Leather Helmet"")"	
"=HYPERLINK(""https://www.wowhead.com/classic/quest=2858"", ""Wild Leather Boots"")"	
"=HYPERLINK(""https://www.wowhead.com/classic/quest=2859"", ""Wild Leather Leggings"")"	
"=HYPERLINK(""https://www.wowhead.com/classic/quest=2865"", ""Scarab Shells"")"	
"=HYPERLINK(""https://www.wowhead.com/classic/quest=2870"", ""Against Lord Shalzaru"")"	
"=HYPERLINK(""https://www.wowhead.com/classic/quest=2873"", ""Stoley's Shipment"")"	
"=HYPERLINK(""https://www.wowhead.com/classic/quest=2875"", ""WANTED: Andre Firebeard"")"	
"=HYPERLINK(""https://www.wowhead.com/classic/quest=2880"", ""Troll Necklace Bounty"")"	
"=HYPERLINK(""https://www.wowhead.com/classic/quest=2882"", ""Cuergo's Gold"")"	
"=HYPERLINK(""https://www.wowhead.com/classic/quest=2934"", ""Undamaged Venom Sac"")"	
"=HYPERLINK(""https://www.wowhead.com/classic/quest=2973"", ""A New Cloak's Sheen"")"	
"=HYPERLINK(""https://www.wowhead.com/classic/quest=2974"", ""A Grim Discovery"")"	
"=HYPERLINK(""https://www.wowhead.com/classic/quest=2988"", ""Witherbark Cages"")"	
"=HYPERLINK(""https://www.wowhead.com/classic/quest=3042"", ""Troll Temper"")"	
"=HYPERLINK(""https://www.wowhead.com/classic/quest=3125"", ""Faerie Dragon Muisek"")"	
"=HYPERLINK(""https://www.wowhead.com/classic/quest=4449"", ""Caught!"")"	
"=HYPERLINK(""https://www.wowhead.com/classic/quest=6607"", ""Nat Pagle, Angler Extreme"")"	
"=HYPERLINK(""https://www.wowhead.com/classic/quest=6610"", ""Clamlette Surprise"")"	
"=HYPERLINK(""https://www.wowhead.com/classic/quest=7730"", ""Zukk'ash Infestation"")"	
"=HYPERLINK(""https://www.wowhead.com/classic/quest=8157"", ""More Resource Crates"")"	
"=HYPERLINK(""https://www.wowhead.com/classic/quest=8163"", ""More Resource Crates"")"	
"=HYPERLINK(""https://www.wowhead.com/classic/quest=8166"", ""The Battle for Arathi Basin!"")"	
"=HYPERLINK(""https://www.wowhead.com/classic/quest=8169"", ""The Battle for Arathi Basin!"")"	
"=HYPERLINK(""https://www.wowhead.com/classic/quest=8365"", ""Pirate Hats Ahoy!"")"	
"=HYPERLINK(""https://www.wowhead.com/classic/quest=8366"", ""Southsea Shakedown"")"	
"=HYPERLINK(""https://www.wowhead.com/classic/quest=206"", ""Mai'Zoth"")"	
"=HYPERLINK(""https://www.wowhead.com/classic/quest=379"", ""Slake That Thirst"")"	
"=HYPERLINK(""https://www.wowhead.com/classic/quest=586"", ""Speaking with Gan'zulah"")"	
"=HYPERLINK(""https://www.wowhead.com/classic/quest=591"", ""The Mind's Eye"")"	
"=HYPERLINK(""https://www.wowhead.com/classic/quest=592"", ""Saving Yenniku"")"	
"=HYPERLINK(""https://www.wowhead.com/classic/quest=593"", ""Filling the Soul Gem"")"	
"=HYPERLINK(""https://www.wowhead.com/classic/quest=654"", ""Tanaris Field Sampling"")"	
"=HYPERLINK(""https://www.wowhead.com/classic/quest=841"", ""Another Power Source?"")"	
"=HYPERLINK(""https://www.wowhead.com/classic/quest=992"", ""Gadgetzan Water Survey"")"	
"=HYPERLINK(""https://www.wowhead.com/classic/quest=2781"", ""WANTED: Caliph Scorpidsting"")"	
"=HYPERLINK(""https://www.wowhead.com/classic/quest=2821"", ""The Mark of Quality"")"	
"=HYPERLINK(""https://www.wowhead.com/classic/quest=2822"", ""The Mark of Quality"")"	
"=HYPERLINK(""https://www.wowhead.com/classic/quest=2846"", ""Tiara of the Deep"")"	
"=HYPERLINK(""https://www.wowhead.com/classic/quest=2979"", ""Dark Ceremony"")"	
"=HYPERLINK(""https://www.wowhead.com/classic/quest=3372"", ""Release Them"")"	
"=HYPERLINK(""https://www.wowhead.com/classic/quest=3566"", ""Rise, Obsidion!"")"	
"=HYPERLINK(""https://www.wowhead.com/classic/quest=4450"", ""Ledger from Tanaris"")"	
"=HYPERLINK(""https://www.wowhead.com/tbc/quest=9470"", ""A Gesture of Goodwill"")"	
"=HYPERLINK(""https://www.wowhead.com/tbc/quest=9475"", ""Reclaiming the Eggs"")"	
"=HYPERLINK(""https://www.wowhead.com/classic/quest=82"", ""Noxious Lair Investigation"")"	
"=HYPERLINK(""https://www.wowhead.com/classic/quest=2741"", ""The Super Egg-O-Matic"")"	
"=HYPERLINK(""https://www.wowhead.com/classic/quest=2768"", ""Divino-matic Rod"")"	
"=HYPERLINK(""https://www.wowhead.com/classic/quest=2970"", ""Doling Justice"")"	
"=HYPERLINK(""https://www.wowhead.com/classic/quest=2991"", ""Nekrum's Medallion"")"	
"=HYPERLINK(""https://www.wowhead.com/classic/quest=2995"", ""Lines of Communication"")"	
"=HYPERLINK(""https://www.wowhead.com/classic/quest=3123"", ""Testing the Vessel"")"	
"=HYPERLINK(""https://www.wowhead.com/classic/quest=3124"", ""Hippogryph Muisek"")"	
"=HYPERLINK(""https://www.wowhead.com/classic/quest=3527"", ""The Prophecy of Mosh'aru"")"	
"=HYPERLINK(""https://www.wowhead.com/classic/quest=3661"", ""Favored of Elune?"")"	
"=HYPERLINK(""https://www.wowhead.com/classic/quest=3842"", ""A Short Incubation"")"	
"=HYPERLINK(""https://www.wowhead.com/classic/quest=4297"", ""Food for Baby"")"	
"=HYPERLINK(""https://www.wowhead.com/classic/quest=5535"", ""Spiritual Unrest"")"	
"=HYPERLINK(""https://www.wowhead.com/classic/quest=5536"", ""A Land Filled with Hatred"")"	
"=HYPERLINK(""https://www.wowhead.com/classic/quest=7028"", ""Twisted Evils"")"	
"=HYPERLINK(""https://www.wowhead.com/classic/quest=7029"", ""Vyletongue Corruption"")"	
"=HYPERLINK(""https://www.wowhead.com/classic/quest=7041"", ""Vyletongue Corruption"")"	
"=HYPERLINK(""https://www.wowhead.com/classic/quest=7731"", ""Stinglasher"")"	
"=HYPERLINK(""https://www.wowhead.com/classic/quest=8893"", ""The Super Egg-O-Matic"")"	
"=HYPERLINK(""https://www.wowhead.com/classic/quest=10"", ""The Scrimshank Redemption"")"	
"=HYPERLINK(""https://www.wowhead.com/classic/quest=77"", ""A Sticky Situation"")"	
"=HYPERLINK(""https://www.wowhead.com/classic/quest=2877"", ""Skulk Rock Clean-up"")"	
"=HYPERLINK(""https://www.wowhead.com/classic/quest=2944"", ""The Super Snapper FX"")"	
"=HYPERLINK(""https://www.wowhead.com/classic/quest=2989"", ""The Altar of Zul"")"	
"=HYPERLINK(""https://www.wowhead.com/classic/quest=3161"", ""Gahz'ridian"")"	
"=HYPERLINK(""https://www.wowhead.com/classic/quest=3442"", ""The Flawless Flame"")"	
"=HYPERLINK(""https://www.wowhead.com/classic/quest=3443"", ""Forging the Shaft"")"	
"=HYPERLINK(""https://www.wowhead.com/classic/quest=6131"", ""Timbermaw Ally"")"	
"=HYPERLINK(""https://www.wowhead.com/classic/quest=7003"", ""Zapped Giants"")"	
"=HYPERLINK(""https://www.wowhead.com/classic/quest=7067"", ""The Pariah's Instructions"")"	
"=HYPERLINK(""https://www.wowhead.com/classic/quest=7721"", ""Fuel for the Zapping"")"	
"=HYPERLINK(""https://www.wowhead.com/classic/quest=7728"", ""STOLEN: Smithing Tuyere and Lookout's Spyglass"")"	
"=HYPERLINK(""https://www.wowhead.com/classic/quest=7729"", ""JOB OPPORTUNITY: Culling the Competition"")"	
"=HYPERLINK(""https://www.wowhead.com/classic/quest=7733"", ""Improved Quality"")"	
"=HYPERLINK(""https://www.wowhead.com/classic/quest=7734"", ""Improved Quality"")"	
"=HYPERLINK(""https://www.wowhead.com/classic/quest=7816"", ""Gammerita, Mon!"")"	
"=HYPERLINK(""https://www.wowhead.com/classic/quest=7828"", ""Stalking the Stalkers"")"	
"=HYPERLINK(""https://www.wowhead.com/classic/quest=7829"", ""Hunt the Savages"")"	
"=HYPERLINK(""https://www.wowhead.com/classic/quest=7830"", ""Avenging the Fallen"")"	
"=HYPERLINK(""https://www.wowhead.com/classic/quest=7839"", ""Vilebranch Hooligans"")"	
"=HYPERLINK(""https://www.wowhead.com/classic/quest=7841"", ""Message to the Wildhammer"")"	
"=HYPERLINK(""https://www.wowhead.com/classic/quest=7842"", ""Another Message to the Wildhammer"")"	
"=HYPERLINK(""https://www.wowhead.com/classic/quest=7844"", ""Cannibalistic Cousins"")"	
"=HYPERLINK(""https://www.wowhead.com/classic/quest=8460"", ""Timbermaw Ally"")"	
"=HYPERLINK(""https://www.wowhead.com/classic/quest=2605"", ""The Thirsty Goblin"")"	
"=HYPERLINK(""https://www.wowhead.com/classic/quest=2641"", ""Sprinkle's Secret Ingredient"")"	
"=HYPERLINK(""https://www.wowhead.com/classic/quest=2845"", ""Wandering Shay"")"	
"=HYPERLINK(""https://www.wowhead.com/classic/quest=5863"", ""The Dunemaul Compound"")"	
"=HYPERLINK(""https://www.wowhead.com/classic/quest=7044"", ""Legends of Maraudon"")"	
"=HYPERLINK(""https://www.wowhead.com/classic/quest=7702"", ""Kill 'Em With Sleep Deprivation"")"	
"=HYPERLINK(""https://www.wowhead.com/classic/quest=7723"", ""Curse These Fat Fingers"")"	
"=HYPERLINK(""https://www.wowhead.com/classic/quest=7724"", ""Fiery Menace!"")"	
"=HYPERLINK(""https://www.wowhead.com/classic/quest=7727"", ""Incendosaurs? Whateverosaur is More Like It"")"	
"=HYPERLINK(""https://www.wowhead.com/classic/quest=7840"", ""Lard Lost His Lunch"")"	
"=HYPERLINK(""https://www.wowhead.com/classic/quest=8849"", ""Twenty Signets for War Supplies"")"	
"=HYPERLINK(""https://www.wowhead.com/classic/quest=8854"", ""Twenty Signets for War Supplies"")"	
"=HYPERLINK(""https://www.wowhead.com/classic/quest=580"", ""Whiskey Slim's Lost Grog"")"	
"=HYPERLINK(""https://www.wowhead.com/classic/quest=656"", ""Summoning the Princess"")"	
"=HYPERLINK(""https://www.wowhead.com/classic/quest=717"", ""Tremors of the Earth"")"	
"=HYPERLINK(""https://www.wowhead.com/classic/quest=779"", ""Seal of the Earth"")"	
"=HYPERLINK(""https://www.wowhead.com/classic/quest=793"", ""Broken Alliances"")"	
"=HYPERLINK(""https://www.wowhead.com/classic/quest=795"", ""Seal of the Earth"")"	
"=HYPERLINK(""https://www.wowhead.com/classic/quest=1445"", ""The Temple of Atal'Hakkar"")"	
"=HYPERLINK(""https://www.wowhead.com/classic/quest=1475"", ""Into The Temple of Atal'Hakkar"")"	
"=HYPERLINK(""https://www.wowhead.com/classic/quest=2581"", ""Snickerfang Jowls"")"	
"=HYPERLINK(""https://www.wowhead.com/classic/quest=2582"", ""Rage of Ages"")"	
"=HYPERLINK(""https://www.wowhead.com/classic/quest=2583"", ""A Boar's Vitality"")"	
"=HYPERLINK(""https://www.wowhead.com/classic/quest=2584"", ""Spirit of the Boar"")"	
"=HYPERLINK(""https://www.wowhead.com/classic/quest=2585"", ""The Decisive Striker"")"	
"=HYPERLINK(""https://www.wowhead.com/classic/quest=2586"", ""Salt of the Scorpok"")"	
"=HYPERLINK(""https://www.wowhead.com/classic/quest=2601"", ""The Basilisk's Bite"")"	
"=HYPERLINK(""https://www.wowhead.com/classic/quest=2602"", ""Infallible Mind"")"	
"=HYPERLINK(""https://www.wowhead.com/classic/quest=2603"", ""Vulture's Vigor"")"	
"=HYPERLINK(""https://www.wowhead.com/classic/quest=2604"", ""Spiritual Domination"")"	
"=HYPERLINK(""https://www.wowhead.com/classic/quest=2770"", ""Gahz'rilla"")"	
"=HYPERLINK(""https://www.wowhead.com/classic/quest=2879"", ""The Stave of Equinex"")"	
"=HYPERLINK(""https://www.wowhead.com/classic/quest=2942"", ""The Morrow Stone"")"	
"=HYPERLINK(""https://www.wowhead.com/classic/quest=3062"", ""Dark Heart"")"	
"=HYPERLINK(""https://www.wowhead.com/classic/quest=3063"", ""Vengeance on the Northspring"")"	
"=HYPERLINK(""https://www.wowhead.com/classic/quest=3126"", ""Treant Muisek"")"	
"=HYPERLINK(""https://www.wowhead.com/classic/quest=3127"", ""Mountain Giant Muisek"")"	
"=HYPERLINK(""https://www.wowhead.com/classic/quest=3128"", ""Natural Materials"")"	
"=HYPERLINK(""https://www.wowhead.com/classic/quest=3362"", ""Thistleshrub Valley"")"	
"=HYPERLINK(""https://www.wowhead.com/classic/quest=3378"", ""Prayer to Elune"")"	
"=HYPERLINK(""https://www.wowhead.com/classic/quest=3379"", ""Shadoweaver"")"	
"=HYPERLINK(""https://www.wowhead.com/classic/quest=3385"", ""The Undermarket"")"	
"=HYPERLINK(""https://www.wowhead.com/classic/quest=3452"", ""The Flame's Casing"")"	
"=HYPERLINK(""https://www.wowhead.com/classic/quest=3761"", ""Un'Goro Soil"")"	
"=HYPERLINK(""https://www.wowhead.com/classic/quest=3764"", ""Un'Goro Soil"")"	
"=HYPERLINK(""https://www.wowhead.com/classic/quest=3785"", ""Morrowgrain Research"")"	
"=HYPERLINK(""https://www.wowhead.com/classic/quest=3786"", ""Morrowgrain Research"")"	
"=HYPERLINK(""https://www.wowhead.com/classic/quest=3791"", ""The Mystery of Morrowgrain"")"	
"=HYPERLINK(""https://www.wowhead.com/classic/quest=4296"", ""Tablet of the Seven"")"	
"=HYPERLINK(""https://www.wowhead.com/classic/quest=4787"", ""The Ancient Egg"")"	
"=HYPERLINK(""https://www.wowhead.com/classic/quest=7701"", ""WANTED: Overseer Maltorius"")"	
"=HYPERLINK(""https://www.wowhead.com/classic/quest=7722"", ""What the Flux?"")"	
"=HYPERLINK(""https://www.wowhead.com/classic/quest=7815"", ""Snapjaws, Mon!"")"	
"=HYPERLINK(""https://www.wowhead.com/classic/quest=7843"", ""The Final Message to the Wildhammer"")"	
"=HYPERLINK(""https://www.wowhead.com/classic/quest=7849"", ""Separation Anxiety"")"	
"=HYPERLINK(""https://www.wowhead.com/classic/quest=7850"", ""Dark Vessels"")"	
"=HYPERLINK(""https://www.wowhead.com/classic/quest=2994"", ""Saving Sharpbeak"")"	
"=HYPERLINK(""https://www.wowhead.com/classic/quest=3444"", ""The Stone Circle"")"	
"=HYPERLINK(""https://www.wowhead.com/classic/quest=3882"", ""Roll the Bones"")"	
"=HYPERLINK(""https://www.wowhead.com/classic/quest=4503"", ""Shizzle's Flyer"")"	
"=HYPERLINK(""https://www.wowhead.com/classic/quest=5155"", ""Forces of Jaedenar"")"	
"=HYPERLINK(""https://www.wowhead.com/classic/quest=6162"", ""A Husband's Last Battle"")"	
"=HYPERLINK(""https://www.wowhead.com/classic/quest=7064"", ""Corruption of Earth and Seed"")"	
"=HYPERLINK(""https://www.wowhead.com/classic/quest=7065"", ""Corruption of Earth and Seed"")"	
"=HYPERLINK(""https://www.wowhead.com/classic/quest=7846"", ""Recover the Key!"")"	
"=HYPERLINK(""https://www.wowhead.com/classic/quest=7861"", ""Wanted: Vile Priestess Hexx and Her Minions"")"	
"=HYPERLINK(""https://www.wowhead.com/classic/quest=7862"", ""Job Opening: Guard Captain of Revantusk Village"")"	
"=HYPERLINK(""https://www.wowhead.com/classic/quest=3449"", ""Arcane Runes"")"	
"=HYPERLINK(""https://www.wowhead.com/classic/quest=3463"", ""Set Them Ablaze!"")"	
"=HYPERLINK(""https://www.wowhead.com/classic/quest=3517"", ""Stealing Knowledge"")"	
"=HYPERLINK(""https://www.wowhead.com/classic/quest=3568"", ""Seeping Corruption"")"	
"=HYPERLINK(""https://www.wowhead.com/classic/quest=3802"", ""Dark Iron Legacy"")"	
"=HYPERLINK(""https://www.wowhead.com/classic/quest=3823"", ""Extinguish the Firegut"")"	
"=HYPERLINK(""https://www.wowhead.com/classic/quest=3845"", ""It's a Secret to Everybody"")"	
"=HYPERLINK(""https://www.wowhead.com/classic/quest=3883"", ""Alien Ecology"")"	
"=HYPERLINK(""https://www.wowhead.com/classic/quest=3906"", ""Disharmony of Flame"")"	
"=HYPERLINK(""https://www.wowhead.com/classic/quest=3909"", ""The Videre Elixir"")"	
"=HYPERLINK(""https://www.wowhead.com/classic/quest=4041"", ""The Videre Elixir"")"	
"=HYPERLINK(""https://www.wowhead.com/classic/quest=4081"", ""KILL ON SIGHT: Dark Iron Dwarves"")"	
"=HYPERLINK(""https://www.wowhead.com/classic/quest=4120"", ""The Strength of Corruption"")"	
"=HYPERLINK(""https://www.wowhead.com/classic/quest=4141"", ""Muigin and Larion"")"	
"=HYPERLINK(""https://www.wowhead.com/classic/quest=4143"", ""Haze of Evil"")"	
"=HYPERLINK(""https://www.wowhead.com/classic/quest=4145"", ""Larion and Muigin"")"	
"=HYPERLINK(""https://www.wowhead.com/classic/quest=4146"", ""Zapper Fuel"")"	
"=HYPERLINK(""https://www.wowhead.com/classic/quest=4262"", ""Overmaster Pyron"")"	
"=HYPERLINK(""https://www.wowhead.com/classic/quest=4293"", ""A Sample of Slime..."")"	
"=HYPERLINK(""https://www.wowhead.com/classic/quest=4300"", ""Bone-Bladed Weapons"")"	
"=HYPERLINK(""https://www.wowhead.com/classic/quest=4512"", ""A Little Slime Goes a Long Way"")"	
"=HYPERLINK(""https://www.wowhead.com/classic/quest=4561"", ""Testing for Impurities - Un'Goro Crater"")"	
"=HYPERLINK(""https://www.wowhead.com/classic/quest=4661"", ""Testing for Corruption - Felwood"")"	
"=HYPERLINK(""https://www.wowhead.com/classic/quest=4726"", ""Broodling Essence"")"	
"=HYPERLINK(""https://www.wowhead.com/classic/quest=5092"", ""Clear the Way"")"	
"=HYPERLINK(""https://www.wowhead.com/classic/quest=5157"", ""Collection of the Corrupt Water"")"	
"=HYPERLINK(""https://www.wowhead.com/classic/quest=1446"", ""Jammal'an the Prophet"")"	
"=HYPERLINK(""https://www.wowhead.com/classic/quest=3505"", ""Betrayed"")"	
"=HYPERLINK(""https://www.wowhead.com/classic/quest=3528"", ""The God Hakkar"")"	
"=HYPERLINK(""https://www.wowhead.com/classic/quest=3601"", ""Kim'jael Indeed!"")"	
"=HYPERLINK(""https://www.wowhead.com/classic/quest=3822"", ""Krom'Grul"")"	
"=HYPERLINK(""https://www.wowhead.com/classic/quest=3824"", ""Gor'tesh the Brute Lord"")"	
"=HYPERLINK(""https://www.wowhead.com/classic/quest=3825"", ""Ogre Head On A Stick = Party"")"	
"=HYPERLINK(""https://www.wowhead.com/classic/quest=3881"", ""Expedition Salvation"")"	
"=HYPERLINK(""https://www.wowhead.com/classic/quest=4136"", ""Ribbly Screwspigot"")"	
"=HYPERLINK(""https://www.wowhead.com/classic/quest=4144"", ""Bloodpetal Sprouts"")"	
"=HYPERLINK(""https://www.wowhead.com/classic/quest=4148"", ""Bloodpetal Zapper"")"	
"=HYPERLINK(""https://www.wowhead.com/classic/quest=4244"", ""Chasing A-Me 01"")"	
"=HYPERLINK(""https://www.wowhead.com/classic/quest=4284"", ""Crystals of Power"")"	
"=HYPERLINK(""https://www.wowhead.com/classic/quest=4290"", ""The Fare of Lar'korwi"")"	
"=HYPERLINK(""https://www.wowhead.com/classic/quest=4291"", ""The Scent of Lar'korwi"")"	
"=HYPERLINK(""https://www.wowhead.com/classic/quest=4381"", ""Crystal Restore"")"	
"=HYPERLINK(""https://www.wowhead.com/classic/quest=4382"", ""Crystal Force"")"	
"=HYPERLINK(""https://www.wowhead.com/classic/quest=4383"", ""Crystal Ward"")"	
"=HYPERLINK(""https://www.wowhead.com/classic/quest=4384"", ""Crystal Yield"")"	
"=HYPERLINK(""https://www.wowhead.com/classic/quest=4385"", ""Crystal Charge"")"	
"=HYPERLINK(""https://www.wowhead.com/classic/quest=4386"", ""Crystal Spire"")"	
"=HYPERLINK(""https://www.wowhead.com/classic/quest=4496"", ""Bungle in the Jungle"")"	
"=HYPERLINK(""https://www.wowhead.com/classic/quest=5096"", ""Scarlet Diversions"")"	
"=HYPERLINK(""https://www.wowhead.com/classic/quest=5216"", ""Target: Felstone Field"")"	
"=HYPERLINK(""https://www.wowhead.com/classic/quest=5218"", ""Felstone Field Cauldron"")"	
"=HYPERLINK(""https://www.wowhead.com/classic/quest=5229"", ""Target: Felstone Field"")"	
"=HYPERLINK(""https://www.wowhead.com/classic/quest=5534"", ""Kim'jael's \""""Missing\"""" Equipment"")"	
"=HYPERLINK(""https://www.wowhead.com/wotlk/quest=13850"", ""Toxic Tolerance"")"	
"=HYPERLINK(""https://www.wowhead.com/wotlk/quest=13887"", ""Venomhide Eggs"")"	
"=HYPERLINK(""https://www.wowhead.com/wotlk/quest=13889"", ""Hungry, Hungry Hatchling"")"	
"=HYPERLINK(""https://www.wowhead.com/wotlk/quest=13903"", ""Gorishi Grub"")"	
"=HYPERLINK(""https://www.wowhead.com/wotlk/quest=13904"", ""Poached, Scrambled, Or Raw?"")"	
"=HYPERLINK(""https://www.wowhead.com/wotlk/quest=13905"", ""Searing Roc Feathers"")"	
"=HYPERLINK(""https://www.wowhead.com/wotlk/quest=13906"", ""They Grow Up So Fast"")"	
"=HYPERLINK(""https://www.wowhead.com/wotlk/quest=13914"", ""Searing Roc Feathers"")"	
"=HYPERLINK(""https://www.wowhead.com/wotlk/quest=13915"", ""Hungry, Hungry Hatchling"")"	
"=HYPERLINK(""https://www.wowhead.com/wotlk/quest=13916"", ""Poached, Scrambled, Or Raw?"")"	
"=HYPERLINK(""https://www.wowhead.com/wotlk/quest=13917"", ""Gorishi Grub"")"	
"=HYPERLINK(""https://www.wowhead.com/classic/quest=939"", ""Flute of Xavaric"")"	
"=HYPERLINK(""https://www.wowhead.com/classic/quest=3701"", ""The Smoldering Ruins of Thaurissan"")"	
"=HYPERLINK(""https://www.wowhead.com/classic/quest=4005"", ""Aquementas"")"	
"=HYPERLINK(""https://www.wowhead.com/classic/quest=4022"", ""A Taste of Flame"")"	
"=HYPERLINK(""https://www.wowhead.com/classic/quest=4023"", ""A Taste of Flame"")"	
"=HYPERLINK(""https://www.wowhead.com/classic/quest=4061"", ""The Rise of the Machines"")"	
"=HYPERLINK(""https://www.wowhead.com/classic/quest=4082"", ""KILL ON SIGHT: High Ranking Dark Iron Officials"")"	
"=HYPERLINK(""https://www.wowhead.com/classic/quest=4084"", ""Silver Heart"")"	
"=HYPERLINK(""https://www.wowhead.com/classic/quest=4201"", ""The Love Potion"")"	
"=HYPERLINK(""https://www.wowhead.com/classic/quest=4421"", ""The Corruption of the Jadefire"")"	
"=HYPERLINK(""https://www.wowhead.com/classic/quest=4441"", ""Felbound Ancients"")"	
"=HYPERLINK(""https://www.wowhead.com/classic/quest=4504"", ""Super Sticky"")"	
"=HYPERLINK(""https://www.wowhead.com/classic/quest=4505"", ""Well of Corruption"")"	
"=HYPERLINK(""https://www.wowhead.com/classic/quest=4506"", ""Corrupted Sabers"")"	
"=HYPERLINK(""https://www.wowhead.com/classic/quest=4507"", ""Pawn Captures Queen"")"	
"=HYPERLINK(""https://www.wowhead.com/classic/quest=4513"", ""A Little Slime Goes a Long Way"")"	
"=HYPERLINK(""https://www.wowhead.com/classic/quest=4809"", ""Chillwind Horns"")"	
"=HYPERLINK(""https://www.wowhead.com/classic/quest=4906"", ""Further Corruption"")"	
"=HYPERLINK(""https://www.wowhead.com/classic/quest=4984"", ""The Wildlife Suffers Too"")"	
"=HYPERLINK(""https://www.wowhead.com/classic/quest=5051"", ""Two Halves Become One"")"	
"=HYPERLINK(""https://www.wowhead.com/classic/quest=5156"", ""Verifying the Corruption"")"	
"=HYPERLINK(""https://www.wowhead.com/classic/quest=7201"", ""The Last Element"")"	
"=HYPERLINK(""https://www.wowhead.com/classic/quest=974"", ""Finding the Source"")"	
"=HYPERLINK(""https://www.wowhead.com/classic/quest=978"", ""Moontouched Wildkin"")"	
"=HYPERLINK(""https://www.wowhead.com/classic/quest=996"", ""Corrupted Windblossom"")"	
"=HYPERLINK(""https://www.wowhead.com/classic/quest=998"", ""Corrupted Windblossom"")"	
"=HYPERLINK(""https://www.wowhead.com/classic/quest=1125"", ""The Spirits of Southwind"")"	
"=HYPERLINK(""https://www.wowhead.com/classic/quest=1514"", ""Corrupted Windblossom"")"	
"=HYPERLINK(""https://www.wowhead.com/classic/quest=2521"", ""To Serve Kum'isha"")"	
"=HYPERLINK(""https://www.wowhead.com/classic/quest=2522"", ""Kum'isha's Endeavors"")"	
"=HYPERLINK(""https://www.wowhead.com/classic/quest=2523"", ""Corrupted Songflower"")"	
"=HYPERLINK(""https://www.wowhead.com/classic/quest=2623"", ""The Swamp Talker"")"	
"=HYPERLINK(""https://www.wowhead.com/classic/quest=2878"", ""Corrupted Songflower"")"	
"=HYPERLINK(""https://www.wowhead.com/classic/quest=2937"", ""Summoning Shadra"")"	
"=HYPERLINK(""https://www.wowhead.com/classic/quest=3363"", ""Corrupted Songflower"")"	
"=HYPERLINK(""https://www.wowhead.com/classic/quest=3374"", ""The Essence of Eranikus"")"	
"=HYPERLINK(""https://www.wowhead.com/classic/quest=3501"", ""Everything Counts In Large Amounts"")"	
"=HYPERLINK(""https://www.wowhead.com/classic/quest=3502"", ""One Draenei's Junk..."")"	
"=HYPERLINK(""https://www.wowhead.com/classic/quest=3792"", ""Morrowgrain to Feathermoon Stronghold"")"	
"=HYPERLINK(""https://www.wowhead.com/classic/quest=3803"", ""Morrowgrain to Darnassus"")"	
"=HYPERLINK(""https://www.wowhead.com/classic/quest=3804"", ""Morrowgrain to Thunder Bluff"")"	
"=HYPERLINK(""https://www.wowhead.com/classic/quest=4083"", ""The Spectral Chalice"")"	
"=HYPERLINK(""https://www.wowhead.com/classic/quest=4101"", ""Cleansing Felwood"")"	
"=HYPERLINK(""https://www.wowhead.com/classic/quest=4102"", ""Cleansing Felwood"")"	
"=HYPERLINK(""https://www.wowhead.com/classic/quest=4103"", ""Salve via Hunting"")"	
"=HYPERLINK(""https://www.wowhead.com/classic/quest=4104"", ""Salve via Mining"")"	
"=HYPERLINK(""https://www.wowhead.com/classic/quest=4105"", ""Salve via Gathering"")"	
"=HYPERLINK(""https://www.wowhead.com/classic/quest=4106"", ""Salve via Skinning"")"	
"=HYPERLINK(""https://www.wowhead.com/classic/quest=4107"", ""Salve via Disenchanting"")"	
"=HYPERLINK(""https://www.wowhead.com/classic/quest=4108"", ""Salve via Hunting"")"	
"=HYPERLINK(""https://www.wowhead.com/classic/quest=4109"", ""Salve via Mining"")"	
"=HYPERLINK(""https://www.wowhead.com/classic/quest=4110"", ""Salve via Gathering"")"	
"=HYPERLINK(""https://www.wowhead.com/classic/quest=4111"", ""Salve via Skinning"")"	
"=HYPERLINK(""https://www.wowhead.com/classic/quest=4112"", ""Salve via Disenchanting"")"	
"=HYPERLINK(""https://www.wowhead.com/classic/quest=4113"", ""Corrupted Songflower"")"	
"=HYPERLINK(""https://www.wowhead.com/classic/quest=4114"", ""Corrupted Songflower"")"	
"=HYPERLINK(""https://www.wowhead.com/classic/quest=4115"", ""Corrupted Windblossom"")"	
"=HYPERLINK(""https://www.wowhead.com/classic/quest=4116"", ""Corrupted Songflower"")"	
"=HYPERLINK(""https://www.wowhead.com/classic/quest=4117"", ""Corrupted Whipper Root"")"	
"=HYPERLINK(""https://www.wowhead.com/classic/quest=4118"", ""Corrupted Songflower"")"	
"=HYPERLINK(""https://www.wowhead.com/classic/quest=4119"", ""Corrupted Night Dragon"")"	
"=HYPERLINK(""https://www.wowhead.com/classic/quest=4123"", ""The Heart of the Mountain"")"	
"=HYPERLINK(""https://www.wowhead.com/classic/quest=4126"", ""Hurley Blackbreath"")"	
"=HYPERLINK(""https://www.wowhead.com/classic/quest=4134"", ""Lost Thunderbrew Recipe"")"	
"=HYPERLINK(""https://www.wowhead.com/classic/quest=4221"", ""Corrupted Windblossom"")"	
"=HYPERLINK(""https://www.wowhead.com/classic/quest=4222"", ""Corrupted Windblossom"")"	
"=HYPERLINK(""https://www.wowhead.com/classic/quest=4289"", ""The Apes of Un'Goro"")"	
"=HYPERLINK(""https://www.wowhead.com/classic/quest=4301"", ""The Mighty U'cha"")"	
"=HYPERLINK(""https://www.wowhead.com/classic/quest=4343"", ""Corrupted Windblossom"")"	
"=HYPERLINK(""https://www.wowhead.com/classic/quest=4401"", ""Corrupted Songflower"")"	
"=HYPERLINK(""https://www.wowhead.com/classic/quest=4403"", ""Corrupted Windblossom"")"	
"=HYPERLINK(""https://www.wowhead.com/classic/quest=4443"", ""Corrupted Whipper Root"")"	
"=HYPERLINK(""https://www.wowhead.com/classic/quest=4444"", ""Corrupted Whipper Root"")"	
"=HYPERLINK(""https://www.wowhead.com/classic/quest=4445"", ""Corrupted Whipper Root"")"	
"=HYPERLINK(""https://www.wowhead.com/classic/quest=4446"", ""Corrupted Whipper Root"")"	
"=HYPERLINK(""https://www.wowhead.com/classic/quest=4447"", ""Corrupted Night Dragon"")"	
"=HYPERLINK(""https://www.wowhead.com/classic/quest=4448"", ""Corrupted Night Dragon"")"	
"=HYPERLINK(""https://www.wowhead.com/classic/quest=4461"", ""Corrupted Whipper Root"")"	
"=HYPERLINK(""https://www.wowhead.com/classic/quest=4462"", ""Corrupted Night Dragon"")"	
"=HYPERLINK(""https://www.wowhead.com/classic/quest=4463"", ""Libram of Rumination"")"	
"=HYPERLINK(""https://www.wowhead.com/classic/quest=4464"", ""Corrupted Songflower"")"	
"=HYPERLINK(""https://www.wowhead.com/classic/quest=4465"", ""Corrupted Songflower"")"	
"=HYPERLINK(""https://www.wowhead.com/classic/quest=4466"", ""Corrupted Windblossom"")"	
"=HYPERLINK(""https://www.wowhead.com/classic/quest=4467"", ""Corrupted Windblossom"")"	
"=HYPERLINK(""https://www.wowhead.com/classic/quest=4481"", ""Libram of Constitution"")"	
"=HYPERLINK(""https://www.wowhead.com/classic/quest=4482"", ""Libram of Tenacity"")"	
"=HYPERLINK(""https://www.wowhead.com/classic/quest=4483"", ""Libram of Resilience"")"	
"=HYPERLINK(""https://www.wowhead.com/classic/quest=4484"", ""Libram of Voracity"")"	
"=HYPERLINK(""https://www.wowhead.com/classic/quest=4501"", ""Beware of Pterrordax"")"	
"=HYPERLINK(""https://www.wowhead.com/classic/quest=4502"", ""Volcanic Activity"")"	
"=HYPERLINK(""https://www.wowhead.com/classic/quest=4642"", ""Melding of Influences"")"	
"=HYPERLINK(""https://www.wowhead.com/classic/quest=5059"", ""Locked Away"")"	
"=HYPERLINK(""https://www.wowhead.com/classic/quest=5060"", ""Locked Away"")"	
"=HYPERLINK(""https://www.wowhead.com/classic/quest=5141"", ""Dragonscale Leatherworking"")"	
"=HYPERLINK(""https://www.wowhead.com/classic/quest=5143"", ""Tribal Leatherworking"")"	
"=HYPERLINK(""https://www.wowhead.com/classic/quest=5144"", ""Elemental Leatherworking"")"	
"=HYPERLINK(""https://www.wowhead.com/classic/quest=5145"", ""Dragonscale Leatherworking"")"	
"=HYPERLINK(""https://www.wowhead.com/classic/quest=5146"", ""Elemental Leatherworking"")"	
"=HYPERLINK(""https://www.wowhead.com/classic/quest=5148"", ""Tribal Leatherworking"")"	
"=HYPERLINK(""https://www.wowhead.com/classic/quest=5149"", ""Pamela's Doll"")"	
"=HYPERLINK(""https://www.wowhead.com/classic/quest=5150"", ""Dadanga is Hungry!"")"	
"=HYPERLINK(""https://www.wowhead.com/classic/quest=5165"", ""Dousing the Flames of Protection"")"	
"=HYPERLINK(""https://www.wowhead.com/classic/quest=5211"", ""Defenders of Darrowshire"")"	
"=HYPERLINK(""https://www.wowhead.com/classic/quest=5219"", ""Target: Dalson's Tears"")"	
"=HYPERLINK(""https://www.wowhead.com/classic/quest=5221"", ""Dalson's Tears Cauldron"")"	
"=HYPERLINK(""https://www.wowhead.com/classic/quest=5222"", ""Target: Writhing Haunt"")"	
"=HYPERLINK(""https://www.wowhead.com/classic/quest=5224"", ""Writhing Haunt Cauldron"")"	
"=HYPERLINK(""https://www.wowhead.com/classic/quest=5231"", ""Target: Dalson's Tears"")"	
"=HYPERLINK(""https://www.wowhead.com/classic/quest=5233"", ""Target: Writhing Haunt"")"	
"=HYPERLINK(""https://www.wowhead.com/classic/quest=5402"", ""Minion's Scourgestones"")"	
"=HYPERLINK(""https://www.wowhead.com/classic/quest=5403"", ""Invader's Scourgestones"")"	
"=HYPERLINK(""https://www.wowhead.com/classic/quest=5404"", ""Corruptor's Scourgestones"")"	
"=HYPERLINK(""https://www.wowhead.com/classic/quest=5406"", ""Corruptor's Scourgestones"")"	
"=HYPERLINK(""https://www.wowhead.com/classic/quest=5407"", ""Invader's Scourgestones"")"	
"=HYPERLINK(""https://www.wowhead.com/classic/quest=5408"", ""Minion's Scourgestones"")"	
"=HYPERLINK(""https://www.wowhead.com/classic/quest=5508"", ""Corruptor's Scourgestones"")"	
"=HYPERLINK(""https://www.wowhead.com/classic/quest=5509"", ""Invader's Scourgestones"")"	
"=HYPERLINK(""https://www.wowhead.com/classic/quest=5510"", ""Minion's Scourgestones"")"	
"=HYPERLINK(""https://www.wowhead.com/classic/quest=5882"", ""Salve via Hunting"")"	
"=HYPERLINK(""https://www.wowhead.com/classic/quest=5883"", ""Salve via Mining"")"	
"=HYPERLINK(""https://www.wowhead.com/classic/quest=5884"", ""Salve via Gathering"")"	
"=HYPERLINK(""https://www.wowhead.com/classic/quest=5885"", ""Salve via Skinning"")"	
"=HYPERLINK(""https://www.wowhead.com/classic/quest=5886"", ""Salve via Disenchanting"")"	
"=HYPERLINK(""https://www.wowhead.com/classic/quest=5887"", ""Salve via Hunting"")"	
"=HYPERLINK(""https://www.wowhead.com/classic/quest=5888"", ""Salve via Mining"")"	
"=HYPERLINK(""https://www.wowhead.com/classic/quest=5889"", ""Salve via Gathering"")"	
"=HYPERLINK(""https://www.wowhead.com/classic/quest=5890"", ""Salve via Skinning"")"	
"=HYPERLINK(""https://www.wowhead.com/classic/quest=5891"", ""Salve via Disenchanting"")"	
"=HYPERLINK(""https://www.wowhead.com/classic/quest=5901"", ""A Plague Upon Thee"")"	
"=HYPERLINK(""https://www.wowhead.com/classic/quest=5903"", ""A Plague Upon Thee"")"	
"=HYPERLINK(""https://www.wowhead.com/classic/quest=6021"", ""Zaeldarr the Outcast"")"	
"=HYPERLINK(""https://www.wowhead.com/classic/quest=6031"", ""Runecloth"")"	
"=HYPERLINK(""https://www.wowhead.com/classic/quest=6032"", ""Sacred Cloth"")"	
"=HYPERLINK(""https://www.wowhead.com/classic/quest=6164"", ""Augustus' Receipt Book"")"	
"=HYPERLINK(""https://www.wowhead.com/classic/quest=7725"", ""Again With the Zapped Giants"")"	
"=HYPERLINK(""https://www.wowhead.com/classic/quest=7726"", ""Refuel for the Zapping"")"	
"=HYPERLINK(""https://www.wowhead.com/classic/quest=7838"", ""Arena Grandmaster"")"	
"=HYPERLINK(""https://www.wowhead.com/classic/quest=8081"", ""More Resource Crates"")"	
"=HYPERLINK(""https://www.wowhead.com/classic/quest=8105"", ""The Battle for Arathi Basin!"")"	
"=HYPERLINK(""https://www.wowhead.com/classic/quest=8120"", ""The Battle for Arathi Basin!"")"	
"=HYPERLINK(""https://www.wowhead.com/classic/quest=8124"", ""More Resource Crates"")"	
"=HYPERLINK(""https://www.wowhead.com/classic/quest=8277"", ""Deadly Desert Venom"")"	
"=HYPERLINK(""https://www.wowhead.com/classic/quest=8280"", ""Securing the Supply Lines"")"	
"=HYPERLINK(""https://www.wowhead.com/classic/quest=8461"", ""Deadwood of the North"")"	
"=HYPERLINK(""https://www.wowhead.com/classic/quest=8466"", ""Feathers for Grazle"")"	
"=HYPERLINK(""https://www.wowhead.com/classic/quest=8467"", ""Feathers for Nafien"")"	
"=HYPERLINK(""https://www.wowhead.com/classic/quest=3506"", ""Betrayed"")"	
"=HYPERLINK(""https://www.wowhead.com/classic/quest=3783"", ""Are We There, Yeti?"")"	
"=HYPERLINK(""https://www.wowhead.com/classic/quest=3907"", ""Disharmony of Fire"")"	
"=HYPERLINK(""https://www.wowhead.com/classic/quest=3962"", ""It's Dangerous to Go Alone"")"	
"=HYPERLINK(""https://www.wowhead.com/classic/quest=4263"", ""Incendius!"")"	
"=HYPERLINK(""https://www.wowhead.com/classic/quest=4283"", ""FIFTY! YEP!"")"	
"=HYPERLINK(""https://www.wowhead.com/classic/quest=4286"", ""The Good Stuff"")"	
"=HYPERLINK(""https://www.wowhead.com/classic/quest=4292"", ""The Bait for Lar'korwi"")"	
"=HYPERLINK(""https://www.wowhead.com/classic/quest=4294"", ""... and a Batch of Ooze"")"	
"=HYPERLINK(""https://www.wowhead.com/classic/quest=4521"", ""Wild Guardians"")"	
"=HYPERLINK(""https://www.wowhead.com/classic/quest=4842"", ""Strange Sources"")"	
"=HYPERLINK(""https://www.wowhead.com/classic/quest=4971"", ""A Matter of Time"")"	
"=HYPERLINK(""https://www.wowhead.com/classic/quest=4972"", ""Counting Out Time"")"	
"=HYPERLINK(""https://www.wowhead.com/classic/quest=4973"", ""Counting Out Time"")"	
"=HYPERLINK(""https://www.wowhead.com/classic/quest=4985"", ""The Wildlife Suffers Too"")"	
"=HYPERLINK(""https://www.wowhead.com/classic/quest=5054"", ""Ursius of the Shardtooth"")"	
"=HYPERLINK(""https://www.wowhead.com/classic/quest=5082"", ""Threat of the Winterfall"")"	
"=HYPERLINK(""https://www.wowhead.com/classic/quest=5086"", ""Toxic Horrors"")"	
"=HYPERLINK(""https://www.wowhead.com/classic/quest=5097"", ""All Along the Watchtowers"")"	
"=HYPERLINK(""https://www.wowhead.com/classic/quest=5098"", ""All Along the Watchtowers"")"	
"=HYPERLINK(""https://www.wowhead.com/classic/quest=5153"", ""A Strange Historian"")"	
"=HYPERLINK(""https://www.wowhead.com/classic/quest=5154"", ""The Annals of Darrowshire"")"	
"=HYPERLINK(""https://www.wowhead.com/classic/quest=5168"", ""Heroes of Darrowshire"")"	
"=HYPERLINK(""https://www.wowhead.com/classic/quest=5245"", ""Troubled Spirits of Kel'Theril"")"	
"=HYPERLINK(""https://www.wowhead.com/classic/quest=5246"", ""Fragments of the Past"")"	
"=HYPERLINK(""https://www.wowhead.com/classic/quest=5542"", ""Demon Dogs"")"	
"=HYPERLINK(""https://www.wowhead.com/classic/quest=5543"", ""Blood Tinged Skies"")"	
"=HYPERLINK(""https://www.wowhead.com/classic/quest=5544"", ""Carrion Grubbage"")"	
"=HYPERLINK(""https://www.wowhead.com/classic/quest=6004"", ""Unfinished Business"")"	
"=HYPERLINK(""https://www.wowhead.com/classic/quest=8469"", ""Beads for Salfa"")"	
"=HYPERLINK(""https://www.wowhead.com/classic/quest=964"", ""Skeletal Fragments"")"	
"=HYPERLINK(""https://www.wowhead.com/classic/quest=1126"", ""Hive in the Tower"")"	
"=HYPERLINK(""https://www.wowhead.com/classic/quest=2681"", ""The Stones That Bind Us"")"	
"=HYPERLINK(""https://www.wowhead.com/classic/quest=5087"", ""Winterfall Runners"")"	
"=HYPERLINK(""https://www.wowhead.com/classic/quest=5181"", ""Villains of Darrowshire"")"	
"=HYPERLINK(""https://www.wowhead.com/classic/quest=5204"", ""Retribution of the Light"")"	
"=HYPERLINK(""https://www.wowhead.com/classic/quest=5247"", ""Fragments of the Past"")"	
"=HYPERLINK(""https://www.wowhead.com/classic/quest=5537"", ""Skeletal Fragments"")"	
"=HYPERLINK(""https://www.wowhead.com/classic/quest=5781"", ""Of Forgotten Memories"")"	
"=HYPERLINK(""https://www.wowhead.com/classic/quest=5801"", ""Fire Plume Forged"")"	
"=HYPERLINK(""https://www.wowhead.com/classic/quest=5802"", ""Fire Plume Forged"")"	
"=HYPERLINK(""https://www.wowhead.com/classic/quest=6023"", ""Unfinished Business"")"	
"=HYPERLINK(""https://www.wowhead.com/classic/quest=6805"", ""Stormers and Rumblers"")"	
"=HYPERLINK(""https://www.wowhead.com/classic/quest=7488"", ""Lethtendris's Web"")"	
"=HYPERLINK(""https://www.wowhead.com/classic/quest=7489"", ""Lethtendris's Web"")"	
"=HYPERLINK(""https://www.wowhead.com/classic/quest=8278"", ""Noggle's Last Hope"")"	
"=HYPERLINK(""https://www.wowhead.com/classic/quest=8281"", ""Stepping Up Security"")"	
"=HYPERLINK(""https://www.wowhead.com/classic/quest=8317"", ""Kitchen Assistance"")"	
"=HYPERLINK(""https://www.wowhead.com/classic/quest=977"", ""Are We There, Yeti?"")"	
"=HYPERLINK(""https://www.wowhead.com/classic/quest=3510"", ""The Name of the Beast"")"	
"=HYPERLINK(""https://www.wowhead.com/classic/quest=3602"", ""Azsharite"")"	
"=HYPERLINK(""https://www.wowhead.com/classic/quest=4024"", ""A Taste of Flame"")"	
"=HYPERLINK(""https://www.wowhead.com/classic/quest=4063"", ""The Rise of the Machines"")"	
"=HYPERLINK(""https://www.wowhead.com/classic/quest=4121"", ""Precarious Predicament"")"	
"=HYPERLINK(""https://www.wowhead.com/classic/quest=4132"", ""Operation: Death to Angerforge"")"	
"=HYPERLINK(""https://www.wowhead.com/classic/quest=4741"", ""Wild Guardians"")"	
"=HYPERLINK(""https://www.wowhead.com/classic/quest=4788"", ""The Final Tablets"")"	
"=HYPERLINK(""https://www.wowhead.com/classic/quest=5055"", ""Brumeran of the Chillwind"")"	
"=HYPERLINK(""https://www.wowhead.com/classic/quest=5065"", ""The Lost Tablets of Mosh'aru"")"	
"=HYPERLINK(""https://www.wowhead.com/classic/quest=5163"", ""Are We There, Yeti?"")"	
"=HYPERLINK(""https://www.wowhead.com/classic/quest=5225"", ""Target: Gahrron's Withering"")"	
"=HYPERLINK(""https://www.wowhead.com/classic/quest=5227"", ""Gahrron's Withering Cauldron"")"	
"=HYPERLINK(""https://www.wowhead.com/classic/quest=5235"", ""Target: Gahrron's Withering"")"	
"=HYPERLINK(""https://www.wowhead.com/classic/quest=5242"", ""A Final Blow"")"	
"=HYPERLINK(""https://www.wowhead.com/classic/quest=5529"", ""Plagued Hatchlings"")"	
"=HYPERLINK(""https://www.wowhead.com/classic/quest=5845"", ""Of Lost Honor"")"	
"=HYPERLINK(""https://www.wowhead.com/classic/quest=6022"", ""To Kill With Purpose"")"	
"=HYPERLINK(""https://www.wowhead.com/classic/quest=6025"", ""Unfinished Business"")"	
"=HYPERLINK(""https://www.wowhead.com/classic/quest=6026"", ""That's Asking A Lot"")"	
"=HYPERLINK(""https://www.wowhead.com/classic/quest=6041"", ""When Smokey Sings, I Get Violent"")"	
"=HYPERLINK(""https://www.wowhead.com/classic/quest=6042"", ""Un-Life's Little Annoyances"")"	
"=HYPERLINK(""https://www.wowhead.com/classic/quest=7441"", ""Pusillin and the Elder Azj'Tordin"")"	
"=HYPERLINK(""https://www.wowhead.com/classic/quest=8282"", ""Noggle's Lost Satchel"")"	
"=HYPERLINK(""https://www.wowhead.com/classic/quest=8284"", ""The Twilight Mystery"")"	
"=HYPERLINK(""https://www.wowhead.com/classic/quest=8464"", ""Winterfall Activity"")"	
"=HYPERLINK(""https://www.wowhead.com/tbc/quest=9443"", ""The So-Called Mark of the Lightbringer"")"	
"=HYPERLINK(""https://www.wowhead.com/tbc/quest=9444"", ""Defiling Uther's Tomb"")"	
"=HYPERLINK(""https://www.wowhead.com/tbc/quest=9474"", ""The Mark of the Lightbringer"")"	
"=HYPERLINK(""https://www.wowhead.com/tbc/quest=10482"", ""Fel Orc Scavengers"")"	
"=HYPERLINK(""https://www.wowhead.com/tbc/quest=10483"", ""Ill Omens"")"	
"=HYPERLINK(""https://www.wowhead.com/tbc/quest=10484"", ""Cursed Talismans"")"	
"=HYPERLINK(""https://www.wowhead.com/classic/quest=4003"", ""The Royal Rescue"")"	
"=HYPERLINK(""https://www.wowhead.com/classic/quest=4362"", ""The Fate of the Kingdom"")"	
"=HYPERLINK(""https://www.wowhead.com/classic/quest=4701"", ""Put Her Down"")"	
"=HYPERLINK(""https://www.wowhead.com/classic/quest=4721"", ""Wild Guardians"")"	
"=HYPERLINK(""https://www.wowhead.com/classic/quest=4724"", ""The Pack Mistress"")"	
"=HYPERLINK(""https://www.wowhead.com/classic/quest=4729"", ""Kibler's Exotic Pets"")"	
"=HYPERLINK(""https://www.wowhead.com/classic/quest=4862"", ""En-Ay-Es-Tee-Why"")"	
"=HYPERLINK(""https://www.wowhead.com/classic/quest=4864"", ""Enraged Wildkin"")"	
"=HYPERLINK(""https://www.wowhead.com/classic/quest=4982"", ""Bijou's Belongings"")"	
"=HYPERLINK(""https://www.wowhead.com/classic/quest=5001"", ""Bijou's Belongings"")"	
"=HYPERLINK(""https://www.wowhead.com/classic/quest=5121"", ""High Chief Winterfall"")"	
"=HYPERLINK(""https://www.wowhead.com/classic/quest=8283"", ""Wanted - Deathclasp, Terror of the Sands"")"	
"=HYPERLINK(""https://www.wowhead.com/classic/quest=8323"", ""True Believers"")"	
"=HYPERLINK(""https://www.wowhead.com/classic/quest=8324"", ""Still Believing"")"	
"=HYPERLINK(""https://www.wowhead.com/classic/quest=105"", ""Alas, Andorhal"")"	
"=HYPERLINK(""https://www.wowhead.com/classic/quest=211"", ""Alas, Andorhal"")"	
"=HYPERLINK(""https://www.wowhead.com/classic/quest=969"", ""Luck Be With You"")"	
"=HYPERLINK(""https://www.wowhead.com/classic/quest=1193"", ""A Broken Trap"")"	
"=HYPERLINK(""https://www.wowhead.com/classic/quest=1318"", ""Unfinished Gordok Business"")"	
"=HYPERLINK(""https://www.wowhead.com/classic/quest=2747"", ""An Extraordinary Egg"")"	
"=HYPERLINK(""https://www.wowhead.com/classic/quest=2748"", ""A Fine Egg"")"	
"=HYPERLINK(""https://www.wowhead.com/classic/quest=2749"", ""An Ordinary Egg"")"	
"=HYPERLINK(""https://www.wowhead.com/classic/quest=2750"", ""A Bad Egg"")"	
"=HYPERLINK(""https://www.wowhead.com/classic/quest=3627"", ""Uniting the Shattered Amulet"")"	
"=HYPERLINK(""https://www.wowhead.com/classic/quest=3628"", ""You Are Rakh'likh, Demon"")"	
"=HYPERLINK(""https://www.wowhead.com/classic/quest=4621"", ""Avast Ye, Admiral!"")"	
"=HYPERLINK(""https://www.wowhead.com/classic/quest=4735"", ""Egg Collection"")"	
"=HYPERLINK(""https://www.wowhead.com/classic/quest=4742"", ""Seal of Ascension"")"	
"=HYPERLINK(""https://www.wowhead.com/classic/quest=4743"", ""Seal of Ascension"")"	
"=HYPERLINK(""https://www.wowhead.com/classic/quest=4764"", ""Doomrigger's Clasp"")"	
"=HYPERLINK(""https://www.wowhead.com/classic/quest=4768"", ""The Darkstone Tablet"")"	
"=HYPERLINK(""https://www.wowhead.com/classic/quest=4771"", ""Dawn's Gambit"")"	
"=HYPERLINK(""https://www.wowhead.com/classic/quest=4801"", ""Frostsaber E'ko"")"	
"=HYPERLINK(""https://www.wowhead.com/classic/quest=4802"", ""Winterfall E'ko"")"	
"=HYPERLINK(""https://www.wowhead.com/classic/quest=4803"", ""Shardtooth E'ko"")"	
"=HYPERLINK(""https://www.wowhead.com/classic/quest=4804"", ""Chillwind E'ko"")"	
"=HYPERLINK(""https://www.wowhead.com/classic/quest=4805"", ""Ice Thistle E'ko"")"	
"=HYPERLINK(""https://www.wowhead.com/classic/quest=4806"", ""Frostmaul E'ko"")"	
"=HYPERLINK(""https://www.wowhead.com/classic/quest=4807"", ""Wildkin E'ko"")"	
"=HYPERLINK(""https://www.wowhead.com/classic/quest=4867"", ""Urok Doomhowl"")"	
"=HYPERLINK(""https://www.wowhead.com/classic/quest=4903"", ""Warlord's Command"")"	
"=HYPERLINK(""https://www.wowhead.com/classic/quest=4970"", ""Frostsaber Provisions"")"	
"=HYPERLINK(""https://www.wowhead.com/classic/quest=4974"", ""For The Horde!"")"	
"=HYPERLINK(""https://www.wowhead.com/classic/quest=5056"", ""Shy-Rotam"")"	
"=HYPERLINK(""https://www.wowhead.com/classic/quest=5063"", ""Cap of the Scarlet Savant"")"	
"=HYPERLINK(""https://www.wowhead.com/classic/quest=5067"", ""Leggings of Arcana"")"	
"=HYPERLINK(""https://www.wowhead.com/classic/quest=5068"", ""Breastplate of Bloodthirst"")"	
"=HYPERLINK(""https://www.wowhead.com/classic/quest=5081"", ""Maxwell's Mission"")"	
"=HYPERLINK(""https://www.wowhead.com/classic/quest=5102"", ""General Drakkisath's Demise"")"	
"=HYPERLINK(""https://www.wowhead.com/classic/quest=5122"", ""The Medallion of Faith"")"	
"=HYPERLINK(""https://www.wowhead.com/classic/quest=5124"", ""Fiery Plate Gauntlets"")"	
"=HYPERLINK(""https://www.wowhead.com/classic/quest=5127"", ""The Demon Forge"")"	
"=HYPERLINK(""https://www.wowhead.com/classic/quest=5166"", ""Breastplate of the Chromatic Flight"")"	
"=HYPERLINK(""https://www.wowhead.com/classic/quest=5167"", ""Legplates of the Chromatic Defier"")"	
"=HYPERLINK(""https://www.wowhead.com/classic/quest=5201"", ""Winterfall Intrusion"")"	
"=HYPERLINK(""https://www.wowhead.com/classic/quest=5206"", ""Marauders of Darrowshire"")"	
"=HYPERLINK(""https://www.wowhead.com/classic/quest=5212"", ""The Flesh Does Not Lie"")"	
"=HYPERLINK(""https://www.wowhead.com/classic/quest=5213"", ""The Active Agent"")"	
"=HYPERLINK(""https://www.wowhead.com/classic/quest=5214"", ""The Great Fras Siabi"")"	
"=HYPERLINK(""https://www.wowhead.com/classic/quest=5243"", ""Houses of the Holy"")"	
"=HYPERLINK(""https://www.wowhead.com/classic/quest=5251"", ""The Archivist"")"	
"=HYPERLINK(""https://www.wowhead.com/classic/quest=5263"", ""Above and Beyond"")"	
"=HYPERLINK(""https://www.wowhead.com/classic/quest=5282"", ""The Restless Souls"")"	
"=HYPERLINK(""https://www.wowhead.com/classic/quest=5305"", ""Sweet Serenity"")"	
"=HYPERLINK(""https://www.wowhead.com/classic/quest=5306"", ""Snakestone of the Shadow Huntress"")"	
"=HYPERLINK(""https://www.wowhead.com/classic/quest=5307"", ""Corruption"")"	
"=HYPERLINK(""https://www.wowhead.com/classic/quest=5341"", ""Barov Family Fortune"")"	
"=HYPERLINK(""https://www.wowhead.com/classic/quest=5342"", ""The Last Barov"")"	
"=HYPERLINK(""https://www.wowhead.com/classic/quest=5343"", ""Barov Family Fortune"")"	
"=HYPERLINK(""https://www.wowhead.com/classic/quest=5344"", ""The Last Barov"")"	
"=HYPERLINK(""https://www.wowhead.com/classic/quest=5382"", ""Doctor Theolen Krastinov, the Butcher"")"	
"=HYPERLINK(""https://www.wowhead.com/classic/quest=5384"", ""Kirtonos the Herald"")"	
"=HYPERLINK(""https://www.wowhead.com/classic/quest=5461"", ""The Human, Ras Frostwhisper"")"	
"=HYPERLINK(""https://www.wowhead.com/classic/quest=5466"", ""The Lich, Ras Frostwhisper"")"	
"=HYPERLINK(""https://www.wowhead.com/classic/quest=5504"", ""Mantles of the Dawn"")"	
"=HYPERLINK(""https://www.wowhead.com/classic/quest=5507"", ""Mantles of the Dawn"")"	
"=HYPERLINK(""https://www.wowhead.com/classic/quest=5513"", ""Mantles of the Dawn"")"	
"=HYPERLINK(""https://www.wowhead.com/classic/quest=5515"", ""Krastinov's Bag of Horrors"")"	
"=HYPERLINK(""https://www.wowhead.com/classic/quest=5517"", ""Chromatic Mantle of the Dawn"")"	
"=HYPERLINK(""https://www.wowhead.com/classic/quest=5518"", ""The Gordok Ogre Suit"")"	
"=HYPERLINK(""https://www.wowhead.com/classic/quest=5519"", ""The Gordok Ogre Suit"")"	
"=HYPERLINK(""https://www.wowhead.com/classic/quest=5521"", ""Chromatic Mantle of the Dawn"")"	
"=HYPERLINK(""https://www.wowhead.com/classic/quest=5524"", ""Chromatic Mantle of the Dawn"")"	
"=HYPERLINK(""https://www.wowhead.com/classic/quest=5525"", ""Free Knot!"")"	
"=HYPERLINK(""https://www.wowhead.com/classic/quest=5526"", ""Shards of the Felvine"")"	
"=HYPERLINK(""https://www.wowhead.com/classic/quest=5527"", ""A Reliquary of Purity"")"	
"=HYPERLINK(""https://www.wowhead.com/classic/quest=5721"", ""The Battle of Darrowshire"")"	
"=HYPERLINK(""https://www.wowhead.com/classic/quest=5803"", ""Araj's Scarab"")"	
"=HYPERLINK(""https://www.wowhead.com/classic/quest=5804"", ""Araj's Scarab"")"	
"=HYPERLINK(""https://www.wowhead.com/classic/quest=5848"", ""Of Love and Family"")"	
"=HYPERLINK(""https://www.wowhead.com/classic/quest=5981"", ""Rampaging Giants"")"	
"=HYPERLINK(""https://www.wowhead.com/classic/quest=6024"", ""Hameya's Plea"")"	
"=HYPERLINK(""https://www.wowhead.com/classic/quest=6133"", ""The Ranger Lord's Behest"")"	
"=HYPERLINK(""https://www.wowhead.com/classic/quest=6135"", ""Duskwing, Oh How I Hate Thee..."")"	
"=HYPERLINK(""https://www.wowhead.com/classic/quest=6136"", ""The Corpulent One"")"	
"=HYPERLINK(""https://www.wowhead.com/classic/quest=6145"", ""The Crimson Courier"")"	
"=HYPERLINK(""https://www.wowhead.com/classic/quest=6146"", ""Nathanos' Ruse"")"	
"=HYPERLINK(""https://www.wowhead.com/classic/quest=6148"", ""The Scarlet Oracle, Demetria"")"	
"=HYPERLINK(""https://www.wowhead.com/classic/quest=6163"", ""Ramstein"")"	
"=HYPERLINK(""https://www.wowhead.com/classic/quest=6185"", ""The Eastern Plagues"")"	
"=HYPERLINK(""https://www.wowhead.com/classic/quest=6187"", ""Order Must Be Restored"")"	
"=HYPERLINK(""https://www.wowhead.com/classic/quest=6569"", ""Oculus Illusions"")"	
"=HYPERLINK(""https://www.wowhead.com/classic/quest=6582"", ""The Test of Skulls, Scryer"")"	
"=HYPERLINK(""https://www.wowhead.com/classic/quest=6583"", ""The Test of Skulls, Somnus"")"	
"=HYPERLINK(""https://www.wowhead.com/classic/quest=6584"", ""The Test of Skulls, Chronalis"")"	
"=HYPERLINK(""https://www.wowhead.com/classic/quest=6585"", ""The Test of Skulls, Axtroz"")"	
"=HYPERLINK(""https://www.wowhead.com/classic/quest=6602"", ""Blood of the Black Dragon Champion"")"	
"=HYPERLINK(""https://www.wowhead.com/classic/quest=6642"", ""Favor Amongst the Brotherhood, Dark Iron Ore"")"	
"=HYPERLINK(""https://www.wowhead.com/classic/quest=6643"", ""Favor Amongst the Brotherhood, Fiery Core"")"	
"=HYPERLINK(""https://www.wowhead.com/classic/quest=6644"", ""Favor Amongst the Brotherhood, Lava Core"")"	
"=HYPERLINK(""https://www.wowhead.com/classic/quest=6645"", ""Favor Amongst the Brotherhood, Core Leather"")"	
"=HYPERLINK(""https://www.wowhead.com/classic/quest=6646"", ""Favor Amongst the Brotherhood, Blood of the Mountain"")"	
"=HYPERLINK(""https://www.wowhead.com/classic/quest=6821"", ""Eye of the Emberseer"")"	
"=HYPERLINK(""https://www.wowhead.com/classic/quest=6822"", ""The Molten Core"")"	
"=HYPERLINK(""https://www.wowhead.com/classic/quest=6824"", ""Hands of the Enemy"")"	
"=HYPERLINK(""https://www.wowhead.com/classic/quest=6861"", ""Zinfizzlex's Portable Shredder Unit"")"	
"=HYPERLINK(""https://www.wowhead.com/classic/quest=6862"", ""Zinfizzlex's Portable Shredder Unit"")"	
"=HYPERLINK(""https://www.wowhead.com/classic/quest=7181"", ""The Legend of Korrak"")"	
"=HYPERLINK(""https://www.wowhead.com/classic/quest=7202"", ""Korrak the Bloodrager"")"	
"=HYPERLINK(""https://www.wowhead.com/classic/quest=7341"", ""A Fair Trade"")"	
"=HYPERLINK(""https://www.wowhead.com/classic/quest=7342"", ""Arrows Are For Sissies"")"	
"=HYPERLINK(""https://www.wowhead.com/classic/quest=7361"", ""Favor Amongst the Darkspear"")"	
"=HYPERLINK(""https://www.wowhead.com/classic/quest=7362"", ""Ally of the Tauren"")"	
"=HYPERLINK(""https://www.wowhead.com/classic/quest=7381"", ""The Return of Korrak"")"	
"=HYPERLINK(""https://www.wowhead.com/classic/quest=7382"", ""Korrak the Everliving"")"	
"=HYPERLINK(""https://www.wowhead.com/classic/quest=7401"", ""Wanted: DWARVES!"")"	
"=HYPERLINK(""https://www.wowhead.com/classic/quest=7424"", ""What the Hoof?"")"	
"=HYPERLINK(""https://www.wowhead.com/classic/quest=7429"", ""Free Knot!"")"	
"=HYPERLINK(""https://www.wowhead.com/classic/quest=7461"", ""The Madness Within"")"	
"=HYPERLINK(""https://www.wowhead.com/classic/quest=7483"", ""Libram of Rapidity"")"	
"=HYPERLINK(""https://www.wowhead.com/classic/quest=7484"", ""Libram of Focus"")"	
"=HYPERLINK(""https://www.wowhead.com/classic/quest=7485"", ""Libram of Protection"")"	
"=HYPERLINK(""https://www.wowhead.com/classic/quest=7487"", ""Attunement to the Core"")"	
"=HYPERLINK(""https://www.wowhead.com/classic/quest=7604"", ""A Binding Contract"")"	
"=HYPERLINK(""https://www.wowhead.com/classic/quest=7653"", ""Imperial Plate Belt"")"	
"=HYPERLINK(""https://www.wowhead.com/classic/quest=7654"", ""Imperial Plate Boots"")"	
"=HYPERLINK(""https://www.wowhead.com/classic/quest=7655"", ""Imperial Plate Bracer"")"	
"=HYPERLINK(""https://www.wowhead.com/classic/quest=7656"", ""Imperial Plate Chest"")"	
"=HYPERLINK(""https://www.wowhead.com/classic/quest=7657"", ""Imperial Plate Helm"")"	
"=HYPERLINK(""https://www.wowhead.com/classic/quest=7658"", ""Imperial Plate Leggings"")"	
"=HYPERLINK(""https://www.wowhead.com/classic/quest=7659"", ""Imperial Plate Shoulders"")"	
"=HYPERLINK(""https://www.wowhead.com/classic/quest=7703"", ""Unfinished Gordok Business"")"	
"=HYPERLINK(""https://www.wowhead.com/classic/quest=7736"", ""Restoring Fiery Flux Supplies via Kingsblood"")"	
"=HYPERLINK(""https://www.wowhead.com/classic/quest=7737"", ""Gaining Even More Acceptance"")"	
"=HYPERLINK(""https://www.wowhead.com/classic/quest=7786"", ""Thunderaan the Windseeker"")"	
"=HYPERLINK(""https://www.wowhead.com/classic/quest=7791"", ""A Donation of Wool"")"	
"=HYPERLINK(""https://www.wowhead.com/classic/quest=7792"", ""A Donation of Wool"")"	
"=HYPERLINK(""https://www.wowhead.com/classic/quest=7793"", ""A Donation of Silk"")"	
"=HYPERLINK(""https://www.wowhead.com/classic/quest=7794"", ""A Donation of Mageweave"")"	
"=HYPERLINK(""https://www.wowhead.com/classic/quest=7795"", ""A Donation of Runecloth"")"	
"=HYPERLINK(""https://www.wowhead.com/classic/quest=7796"", ""Additional Runecloth"")"	
"=HYPERLINK(""https://www.wowhead.com/classic/quest=7798"", ""A Donation of Silk"")"	
"=HYPERLINK(""https://www.wowhead.com/classic/quest=7799"", ""A Donation of Mageweave"")"	
"=HYPERLINK(""https://www.wowhead.com/classic/quest=7800"", ""A Donation of Runecloth"")"	
"=HYPERLINK(""https://www.wowhead.com/classic/quest=7801"", ""Additional Runecloth"")"	
"=HYPERLINK(""https://www.wowhead.com/classic/quest=7802"", ""A Donation of Wool"")"	
"=HYPERLINK(""https://www.wowhead.com/classic/quest=7803"", ""A Donation of Silk"")"	
"=HYPERLINK(""https://www.wowhead.com/classic/quest=7804"", ""A Donation of Mageweave"")"	
"=HYPERLINK(""https://www.wowhead.com/classic/quest=7805"", ""A Donation of Runecloth"")"	
"=HYPERLINK(""https://www.wowhead.com/classic/quest=7806"", ""Additional Runecloth"")"	
"=HYPERLINK(""https://www.wowhead.com/classic/quest=7807"", ""A Donation of Wool"")"	
"=HYPERLINK(""https://www.wowhead.com/classic/quest=7808"", ""A Donation of Silk"")"	
"=HYPERLINK(""https://www.wowhead.com/classic/quest=7809"", ""A Donation of Mageweave"")"	
"=HYPERLINK(""https://www.wowhead.com/classic/quest=7811"", ""A Donation of Runecloth"")"	
"=HYPERLINK(""https://www.wowhead.com/classic/quest=7812"", ""Additional Runecloth"")"	
"=HYPERLINK(""https://www.wowhead.com/classic/quest=7813"", ""A Donation of Wool"")"	
"=HYPERLINK(""https://www.wowhead.com/classic/quest=7814"", ""A Donation of Silk"")"	
"=HYPERLINK(""https://www.wowhead.com/classic/quest=7817"", ""A Donation of Mageweave"")"	
"=HYPERLINK(""https://www.wowhead.com/classic/quest=7818"", ""A Donation of Runecloth"")"	
"=HYPERLINK(""https://www.wowhead.com/classic/quest=7819"", ""Additional Runecloth"")"	
"=HYPERLINK(""https://www.wowhead.com/classic/quest=7820"", ""A Donation of Wool"")"	
"=HYPERLINK(""https://www.wowhead.com/classic/quest=7821"", ""A Donation of Silk"")"	
"=HYPERLINK(""https://www.wowhead.com/classic/quest=7822"", ""A Donation of Mageweave"")"	
"=HYPERLINK(""https://www.wowhead.com/classic/quest=7823"", ""A Donation of Runecloth"")"	
"=HYPERLINK(""https://www.wowhead.com/classic/quest=7824"", ""A Donation of Runecloth"")"	
"=HYPERLINK(""https://www.wowhead.com/classic/quest=7825"", ""Additional Runecloth"")"	
"=HYPERLINK(""https://www.wowhead.com/classic/quest=7826"", ""A Donation of Wool"")"	
"=HYPERLINK(""https://www.wowhead.com/classic/quest=7827"", ""A Donation of Silk"")"	
"=HYPERLINK(""https://www.wowhead.com/classic/quest=7831"", ""A Donation of Mageweave"")"	
"=HYPERLINK(""https://www.wowhead.com/classic/quest=7832"", ""Additional Runecloth"")"	
"=HYPERLINK(""https://www.wowhead.com/classic/quest=7833"", ""A Donation of Wool"")"	
"=HYPERLINK(""https://www.wowhead.com/classic/quest=7834"", ""A Donation of Silk"")"	
"=HYPERLINK(""https://www.wowhead.com/classic/quest=7835"", ""A Donation of Mageweave"")"	
"=HYPERLINK(""https://www.wowhead.com/classic/quest=7836"", ""A Donation of Runecloth"")"	
"=HYPERLINK(""https://www.wowhead.com/classic/quest=7837"", ""Additional Runecloth"")"	
"=HYPERLINK(""https://www.wowhead.com/classic/quest=7848"", ""Attunement to the Core"")"	
"=HYPERLINK(""https://www.wowhead.com/classic/quest=8001"", ""Warsong Outriders <NYI> <TXT>"")"	
"=HYPERLINK(""https://www.wowhead.com/classic/quest=8195"", ""Zulian, Razzashi, and Hakkari Coins"")"	
"=HYPERLINK(""https://www.wowhead.com/classic/quest=8196"", ""Essence Mangoes"")"	
"=HYPERLINK(""https://www.wowhead.com/classic/quest=8201"", ""A Collection of Heads"")"	
"=HYPERLINK(""https://www.wowhead.com/classic/quest=8238"", ""Gurubashi, Vilebranch, and Witherbark Coins"")"	
"=HYPERLINK(""https://www.wowhead.com/classic/quest=8239"", ""Sandfury, Skullsplitter, and Bloodscalp Coins"")"	
"=HYPERLINK(""https://www.wowhead.com/classic/quest=8241"", ""Restoring Fiery Flux Supplies via Iron"")"	
"=HYPERLINK(""https://www.wowhead.com/classic/quest=8242"", ""Restoring Fiery Flux Supplies via Heavy Leather"")"	
"=HYPERLINK(""https://www.wowhead.com/classic/quest=8243"", ""Zanza's Potent Potables"")"	
"=HYPERLINK(""https://www.wowhead.com/classic/quest=8246"", ""Signets of the Zandalar"")"	
"=HYPERLINK(""https://www.wowhead.com/classic/quest=8249"", ""Junkboxes Needed"")"	
"=HYPERLINK(""https://www.wowhead.com/classic/quest=8279"", ""The Twilight Lexicon"")"	
"=HYPERLINK(""https://www.wowhead.com/classic/quest=8286"", ""What Tomorrow Brings"")"	
"=HYPERLINK(""https://www.wowhead.com/classic/quest=8288"", ""Only One May Rise"")"	
"=HYPERLINK(""https://www.wowhead.com/classic/quest=8298"", ""More Resource Crates"")"	
"=HYPERLINK(""https://www.wowhead.com/classic/quest=8300"", ""More Resource Crates"")"	
"=HYPERLINK(""https://www.wowhead.com/classic/quest=8301"", ""The Path of the Righteous"")"	
"=HYPERLINK(""https://www.wowhead.com/classic/quest=8302"", ""The Hand of the Righteous"")"	
"=HYPERLINK(""https://www.wowhead.com/classic/quest=8304"", ""Dearest Natalia"")"	
"=HYPERLINK(""https://www.wowhead.com/classic/quest=8306"", ""Into The Maw of Madness"")"	
"=HYPERLINK(""https://www.wowhead.com/classic/quest=8309"", ""Glyph Chasing"")"	
"=HYPERLINK(""https://www.wowhead.com/classic/quest=8310"", ""Breaking the Code"")"	
"=HYPERLINK(""https://www.wowhead.com/classic/quest=8315"", ""The Calling"")"	
"=HYPERLINK(""https://www.wowhead.com/classic/quest=8318"", ""Secret Communication"")"	
"=HYPERLINK(""https://www.wowhead.com/classic/quest=8319"", ""Encrypted Twilight Texts"")"	
"=HYPERLINK(""https://www.wowhead.com/classic/quest=8320"", ""Twilight Geolords"")"	
"=HYPERLINK(""https://www.wowhead.com/classic/quest=8321"", ""Vyral the Vile"")"	
"=HYPERLINK(""https://www.wowhead.com/classic/quest=8332"", ""Dukes of the Council"")"	
"=HYPERLINK(""https://www.wowhead.com/classic/quest=8333"", ""Medallion of Station"")"	
"=HYPERLINK(""https://www.wowhead.com/classic/quest=8341"", ""Lords of the Council"")"	
"=HYPERLINK(""https://www.wowhead.com/classic/quest=8342"", ""Twilight Ring of Lordship"")"	
"=HYPERLINK(""https://www.wowhead.com/classic/quest=8348"", ""Signet of the Dukes"")"	
"=HYPERLINK(""https://www.wowhead.com/classic/quest=8352"", ""Scepter of the Council"")"	
"=HYPERLINK(""https://www.wowhead.com/classic/quest=8361"", ""Abyssal Contacts"")"	
"=HYPERLINK(""https://www.wowhead.com/classic/quest=8362"", ""Abyssal Crests"")"	
"=HYPERLINK(""https://www.wowhead.com/classic/quest=8363"", ""Abyssal Signets"")"	
"=HYPERLINK(""https://www.wowhead.com/classic/quest=8364"", ""Abyssal Scepters"")"	
"=HYPERLINK(""https://www.wowhead.com/classic/quest=8481"", ""The Root of All Evil"")"	
"=HYPERLINK(""https://www.wowhead.com/classic/quest=8492"", ""The Alliance Needs Copper Bars!"")"	
"=HYPERLINK(""https://www.wowhead.com/classic/quest=8493"", ""The Alliance Needs More Copper Bars!"")"	
"=HYPERLINK(""https://www.wowhead.com/classic/quest=8494"", ""The Alliance Needs Iron Bars!"")"	
"=HYPERLINK(""https://www.wowhead.com/classic/quest=8495"", ""The Alliance Needs More Iron Bars!"")"	
"=HYPERLINK(""https://www.wowhead.com/classic/quest=8496"", ""Bandages for the Field"")"	
"=HYPERLINK(""https://www.wowhead.com/classic/quest=8497"", ""Desert Survival Kits"")"	
"=HYPERLINK(""https://www.wowhead.com/classic/quest=8498"", ""Twilight Battle Orders"")"	
"=HYPERLINK(""https://www.wowhead.com/classic/quest=8499"", ""The Alliance Needs Thorium Bars!"")"	
"=HYPERLINK(""https://www.wowhead.com/classic/quest=8500"", ""The Alliance Needs More Thorium Bars!"")"	
"=HYPERLINK(""https://www.wowhead.com/classic/quest=8501"", ""Target: Hive'Ashi Stingers"")"	
"=HYPERLINK(""https://www.wowhead.com/classic/quest=8502"", ""Target: Hive'Ashi Workers"")"	
"=HYPERLINK(""https://www.wowhead.com/classic/quest=8503"", ""The Alliance Needs Stranglekelp!"")"	
"=HYPERLINK(""https://www.wowhead.com/classic/quest=8504"", ""The Alliance Needs More Stranglekelp!"")"	
"=HYPERLINK(""https://www.wowhead.com/classic/quest=8505"", ""The Alliance Needs Purple Lotus!"")"	
"=HYPERLINK(""https://www.wowhead.com/classic/quest=8506"", ""The Alliance Needs More Purple Lotus!"")"	
"=HYPERLINK(""https://www.wowhead.com/classic/quest=8507"", ""Field Duty"")"	
"=HYPERLINK(""https://www.wowhead.com/classic/quest=8508"", ""Field Duty Papers"")"	
"=HYPERLINK(""https://www.wowhead.com/classic/quest=8509"", ""The Alliance Needs Arthas' Tears!"")"	
"=HYPERLINK(""https://www.wowhead.com/classic/quest=8510"", ""The Alliance Needs More Arthas' Tears!"")"	
"=HYPERLINK(""https://www.wowhead.com/classic/quest=8511"", ""The Alliance Needs Light Leather!"")"	
"=HYPERLINK(""https://www.wowhead.com/classic/quest=8512"", ""The Alliance Needs More Light Leather!"")"	
"=HYPERLINK(""https://www.wowhead.com/classic/quest=8513"", ""The Alliance Needs Medium Leather!"")"	
"=HYPERLINK(""https://www.wowhead.com/classic/quest=8514"", ""The Alliance Needs More Medium Leather!"")"	
"=HYPERLINK(""https://www.wowhead.com/classic/quest=8515"", ""The Alliance Needs Thick Leather!"")"	
"=HYPERLINK(""https://www.wowhead.com/classic/quest=8516"", ""The Alliance Needs More Thick Leather!"")"	
"=HYPERLINK(""https://www.wowhead.com/classic/quest=8517"", ""The Alliance Needs Linen Bandages!"")"	
"=HYPERLINK(""https://www.wowhead.com/classic/quest=8518"", ""The Alliance Needs More Linen Bandages!"")"	
"=HYPERLINK(""https://www.wowhead.com/classic/quest=8520"", ""The Alliance Needs Silk Bandages!"")"	
"=HYPERLINK(""https://www.wowhead.com/classic/quest=8521"", ""The Alliance Needs More Silk Bandages!"")"	
"=HYPERLINK(""https://www.wowhead.com/classic/quest=8522"", ""The Alliance Needs Runecloth Bandages!"")"	
"=HYPERLINK(""https://www.wowhead.com/classic/quest=8523"", ""The Alliance Needs More Runecloth Bandages!"")"	
"=HYPERLINK(""https://www.wowhead.com/classic/quest=8524"", ""The Alliance Needs Rainbow Fin Albacore!"")"	
"=HYPERLINK(""https://www.wowhead.com/classic/quest=8525"", ""The Alliance Needs More Rainbow Fin Albacore!"")"	
"=HYPERLINK(""https://www.wowhead.com/classic/quest=8526"", ""The Alliance Needs Roast Raptor!"")"	
"=HYPERLINK(""https://www.wowhead.com/classic/quest=8527"", ""The Alliance Needs More Roast Raptor!"")"	
"=HYPERLINK(""https://www.wowhead.com/classic/quest=8528"", ""The Alliance Needs Spotted Yellowtail!"")"	
"=HYPERLINK(""https://www.wowhead.com/classic/quest=8529"", ""The Alliance Needs More Spotted Yellowtail!"")"	
"=HYPERLINK(""https://www.wowhead.com/classic/quest=8532"", ""The Horde Needs Copper Bars!"")"	
"=HYPERLINK(""https://www.wowhead.com/classic/quest=8533"", ""The Horde Needs More Copper Bars!"")"	
"=HYPERLINK(""https://www.wowhead.com/classic/quest=8534"", ""Hive'Zora Scout Report"")"	
"=HYPERLINK(""https://www.wowhead.com/classic/quest=8535"", ""Hoary Templar"")"	
"=HYPERLINK(""https://www.wowhead.com/classic/quest=8536"", ""Earthen Templar"")"	
"=HYPERLINK(""https://www.wowhead.com/classic/quest=8537"", ""Crimson Templar"")"	
"=HYPERLINK(""https://www.wowhead.com/classic/quest=8538"", ""The Four Dukes"")"	
"=HYPERLINK(""https://www.wowhead.com/classic/quest=8539"", ""Target: Hive'Zora Hive Sisters"")"	
"=HYPERLINK(""https://www.wowhead.com/classic/quest=8540"", ""Boots for the Guard"")"	
"=HYPERLINK(""https://www.wowhead.com/classic/quest=8541"", ""Grinding Stones for the Guard"")"	
"=HYPERLINK(""https://www.wowhead.com/classic/quest=8542"", ""The Horde Needs Tin Bars!"")"	
"=HYPERLINK(""https://www.wowhead.com/classic/quest=8543"", ""The Horde Needs More Tin Bars!"")"	
"=HYPERLINK(""https://www.wowhead.com/classic/quest=8545"", ""The Horde Needs Mithril Bars!"")"	
"=HYPERLINK(""https://www.wowhead.com/classic/quest=8546"", ""The Horde Needs More Mithril Bars!"")"	
"=HYPERLINK(""https://www.wowhead.com/classic/quest=8548"", ""Volunteer's Battlegear"")"	
"=HYPERLINK(""https://www.wowhead.com/classic/quest=8549"", ""The Horde Needs Peacebloom!"")"	
"=HYPERLINK(""https://www.wowhead.com/classic/quest=8550"", ""The Horde Needs More Peacebloom!"")"	
"=HYPERLINK(""https://www.wowhead.com/classic/quest=8572"", ""Veteran's Battlegear"")"	
"=HYPERLINK(""https://www.wowhead.com/classic/quest=8573"", ""Champion's Battlegear"")"	
"=HYPERLINK(""https://www.wowhead.com/classic/quest=8574"", ""Stalwart's Battlegear"")"	
"=HYPERLINK(""https://www.wowhead.com/classic/quest=8578"", ""Scrying Goggles? No Problem!"")"	
"=HYPERLINK(""https://www.wowhead.com/classic/quest=8580"", ""The Horde Needs Firebloom!"")"	
"=HYPERLINK(""https://www.wowhead.com/classic/quest=8581"", ""The Horde Needs More Firebloom!"")"	
"=HYPERLINK(""https://www.wowhead.com/classic/quest=8582"", ""The Horde Needs Purple Lotus!"")"	
"=HYPERLINK(""https://www.wowhead.com/classic/quest=8583"", ""The Horde Needs More Purple Lotus!"")"	
"=HYPERLINK(""https://www.wowhead.com/classic/quest=8585"", ""The Isle of Dread!"")"	
"=HYPERLINK(""https://www.wowhead.com/classic/quest=8586"", ""Dirge's Kickin' Chimaerok Chops"")"	
"=HYPERLINK(""https://www.wowhead.com/classic/quest=8588"", ""The Horde Needs Heavy Leather!"")"	
"=HYPERLINK(""https://www.wowhead.com/classic/quest=8589"", ""The Horde Needs More Heavy Leather!"")"	
"=HYPERLINK(""https://www.wowhead.com/classic/quest=8590"", ""The Horde Needs Thick Leather!"")"	
"=HYPERLINK(""https://www.wowhead.com/classic/quest=8591"", ""The Horde Needs More Thick Leather!"")"	
"=HYPERLINK(""https://www.wowhead.com/classic/quest=8595"", ""Mortal Champions"")"	
"=HYPERLINK(""https://www.wowhead.com/classic/quest=8600"", ""The Horde Needs Rugged Leather!"")"	
"=HYPERLINK(""https://www.wowhead.com/classic/quest=8601"", ""The Horde Needs More Rugged Leather!"")"	
"=HYPERLINK(""https://www.wowhead.com/classic/quest=8604"", ""The Horde Needs Wool Bandages!"")"	
"=HYPERLINK(""https://www.wowhead.com/classic/quest=8605"", ""The Horde Needs More Wool Bandages!"")"	
"=HYPERLINK(""https://www.wowhead.com/classic/quest=8606"", ""Decoy!"")"	
"=HYPERLINK(""https://www.wowhead.com/classic/quest=8607"", ""The Horde Needs Mageweave Bandages!"")"	
"=HYPERLINK(""https://www.wowhead.com/classic/quest=8608"", ""The Horde Needs More Mageweave Bandages!"")"	
"=HYPERLINK(""https://www.wowhead.com/classic/quest=8609"", ""The Horde Needs Runecloth Bandages!"")"	
"=HYPERLINK(""https://www.wowhead.com/classic/quest=8610"", ""The Horde Needs More Runecloth Bandages!"")"	
"=HYPERLINK(""https://www.wowhead.com/classic/quest=8611"", ""The Horde Needs Lean Wolf Steaks!"")"	
"=HYPERLINK(""https://www.wowhead.com/classic/quest=8612"", ""The Horde Needs More Lean Wolf Steaks!"")"	
"=HYPERLINK(""https://www.wowhead.com/classic/quest=8613"", ""The Horde Needs Spotted Yellowtail!"")"	
"=HYPERLINK(""https://www.wowhead.com/classic/quest=8614"", ""The Horde Needs More Spotted Yellowtail!"")"	
"=HYPERLINK(""https://www.wowhead.com/classic/quest=8615"", ""The Horde Needs Baked Salmon!"")"	
"=HYPERLINK(""https://www.wowhead.com/classic/quest=8616"", ""The Horde Needs More Baked Salmon!"")"	
"=HYPERLINK(""https://www.wowhead.com/classic/quest=8620"", ""The Only Prescription"")"	
"=HYPERLINK(""https://www.wowhead.com/classic/quest=8687"", ""Target: Hive'Zora Tunnelers"")"	
"=HYPERLINK(""https://www.wowhead.com/classic/quest=8728"", ""The Good News and The Bad News"")"	
"=HYPERLINK(""https://www.wowhead.com/classic/quest=8729"", ""The Wrath of Neptulon"")"	
"=HYPERLINK(""https://www.wowhead.com/classic/quest=8730"", ""Nefarius's Corruption"")"	
"=HYPERLINK(""https://www.wowhead.com/classic/quest=8731"", ""Field Duty"")"	
"=HYPERLINK(""https://www.wowhead.com/classic/quest=8732"", ""Field Duty Papers"")"	
"=HYPERLINK(""https://www.wowhead.com/classic/quest=8735"", ""The Nightmare's Corruption"")"	
"=HYPERLINK(""https://www.wowhead.com/classic/quest=8737"", ""Azure Templar"")"	
"=HYPERLINK(""https://www.wowhead.com/classic/quest=8738"", ""Hive'Regal Scout Report"")"	
"=HYPERLINK(""https://www.wowhead.com/classic/quest=8739"", ""Hive'Ashi Scout Report"")"	
"=HYPERLINK(""https://www.wowhead.com/classic/quest=8740"", ""Twilight Marauders"")"	
"=HYPERLINK(""https://www.wowhead.com/classic/quest=8748"", ""The Path of the Protector"")"	
"=HYPERLINK(""https://www.wowhead.com/classic/quest=8749"", ""The Path of the Protector"")"	
"=HYPERLINK(""https://www.wowhead.com/classic/quest=8750"", ""The Path of the Protector"")"	
"=HYPERLINK(""https://www.wowhead.com/classic/quest=8751"", ""The Protector of Kalimdor"")"	
"=HYPERLINK(""https://www.wowhead.com/classic/quest=8753"", ""The Path of the Conqueror"")"	
"=HYPERLINK(""https://www.wowhead.com/classic/quest=8754"", ""The Path of the Conqueror"")"	
"=HYPERLINK(""https://www.wowhead.com/classic/quest=8755"", ""The Path of the Conqueror"")"	
"=HYPERLINK(""https://www.wowhead.com/classic/quest=8756"", ""The Qiraji Conqueror"")"	
"=HYPERLINK(""https://www.wowhead.com/classic/quest=8758"", ""The Path of the Invoker"")"	
"=HYPERLINK(""https://www.wowhead.com/classic/quest=8759"", ""The Path of the Invoker"")"	
"=HYPERLINK(""https://www.wowhead.com/classic/quest=8760"", ""The Path of the Invoker"")"	
"=HYPERLINK(""https://www.wowhead.com/classic/quest=8761"", ""The Grand Invoker"")"	
"=HYPERLINK(""https://www.wowhead.com/classic/quest=8764"", ""The Changing of Paths - Protector No More"")"	
"=HYPERLINK(""https://www.wowhead.com/classic/quest=8765"", ""The Changing of Paths - Invoker No More"")"	
"=HYPERLINK(""https://www.wowhead.com/classic/quest=8766"", ""The Changing of Paths - Conqueror No More"")"	
"=HYPERLINK(""https://www.wowhead.com/classic/quest=8770"", ""Target: Hive'Ashi Defenders"")"	
"=HYPERLINK(""https://www.wowhead.com/classic/quest=8771"", ""Target: Hive'Ashi Sandstalkers"")"	
"=HYPERLINK(""https://www.wowhead.com/classic/quest=8772"", ""Target: Hive'Zora Waywatchers"")"	
"=HYPERLINK(""https://www.wowhead.com/classic/quest=8773"", ""Target: Hive'Zora Reavers"")"	
"=HYPERLINK(""https://www.wowhead.com/classic/quest=8774"", ""Target: Hive'Regal Ambushers"")"	
"=HYPERLINK(""https://www.wowhead.com/classic/quest=8775"", ""Target: Hive'Regal Spitfires"")"	
"=HYPERLINK(""https://www.wowhead.com/classic/quest=8776"", ""Target: Hive'Regal Slavemakers"")"	
"=HYPERLINK(""https://www.wowhead.com/classic/quest=8777"", ""Target: Hive'Regal Burrowers"")"	
"=HYPERLINK(""https://www.wowhead.com/classic/quest=8778"", ""The Ironforge Brigade Needs Explosives!"")"	
"=HYPERLINK(""https://www.wowhead.com/classic/quest=8779"", ""Scrying Materials"")"	
"=HYPERLINK(""https://www.wowhead.com/classic/quest=8780"", ""Armor Kits for the Field"")"	
"=HYPERLINK(""https://www.wowhead.com/classic/quest=8781"", ""Arms for the Field"")"	
"=HYPERLINK(""https://www.wowhead.com/classic/quest=8782"", ""Uniform Supplies"")"	
"=HYPERLINK(""https://www.wowhead.com/classic/quest=8783"", ""Extraordinary Materials"")"	
"=HYPERLINK(""https://www.wowhead.com/classic/quest=8785"", ""The Orgrimmar Legion Needs Mojo!"")"	
"=HYPERLINK(""https://www.wowhead.com/classic/quest=8786"", ""Arms for the Field"")"	
"=HYPERLINK(""https://www.wowhead.com/classic/quest=8787"", ""Armor Kits for the Field"")"	
"=HYPERLINK(""https://www.wowhead.com/classic/quest=8789"", ""Imperial Qiraji Armaments"")"	
"=HYPERLINK(""https://www.wowhead.com/classic/quest=8790"", ""Imperial Qiraji Regalia"")"	
"=HYPERLINK(""https://www.wowhead.com/classic/quest=8804"", ""Desert Survival Kits"")"	
"=HYPERLINK(""https://www.wowhead.com/classic/quest=8805"", ""Boots for the Guard"")"	
"=HYPERLINK(""https://www.wowhead.com/classic/quest=8806"", ""Grinding Stones for the Guard"")"	
"=HYPERLINK(""https://www.wowhead.com/classic/quest=8807"", ""Scrying Materials"")"	
"=HYPERLINK(""https://www.wowhead.com/classic/quest=8808"", ""Uniform Supplies"")"	
"=HYPERLINK(""https://www.wowhead.com/classic/quest=8809"", ""Extraordinary Materials"")"	
"=HYPERLINK(""https://www.wowhead.com/classic/quest=8810"", ""Bandages for the Field"")"	
"=HYPERLINK(""https://www.wowhead.com/classic/quest=8811"", ""One Commendation Signet"")"	
"=HYPERLINK(""https://www.wowhead.com/classic/quest=8812"", ""One Commendation Signet"")"	
"=HYPERLINK(""https://www.wowhead.com/classic/quest=8813"", ""One Commendation Signet"")"	
"=HYPERLINK(""https://www.wowhead.com/classic/quest=8814"", ""One Commendation Signet"")"	
"=HYPERLINK(""https://www.wowhead.com/classic/quest=8815"", ""One Commendation Signet"")"	
"=HYPERLINK(""https://www.wowhead.com/classic/quest=8816"", ""One Commendation Signet"")"	
"=HYPERLINK(""https://www.wowhead.com/classic/quest=8817"", ""One Commendation Signet"")"	
"=HYPERLINK(""https://www.wowhead.com/classic/quest=8818"", ""One Commendation Signet"")"	
"=HYPERLINK(""https://www.wowhead.com/classic/quest=8819"", ""Ten Commendation Signets"")"	
"=HYPERLINK(""https://www.wowhead.com/classic/quest=8820"", ""Ten Commendation Signets"")"	
"=HYPERLINK(""https://www.wowhead.com/classic/quest=8821"", ""Ten Commendation Signets"")"	
"=HYPERLINK(""https://www.wowhead.com/classic/quest=8822"", ""Ten Commendation Signets"")"	
"=HYPERLINK(""https://www.wowhead.com/classic/quest=8823"", ""Ten Commendation Signets"")"	
"=HYPERLINK(""https://www.wowhead.com/classic/quest=8824"", ""Ten Commendation Signets"")"	
"=HYPERLINK(""https://www.wowhead.com/classic/quest=8825"", ""Ten Commendation Signets"")"	
"=HYPERLINK(""https://www.wowhead.com/classic/quest=8826"", ""Ten Commendation Signets"")"	
"=HYPERLINK(""https://www.wowhead.com/classic/quest=8829"", ""The Ultimate Deception"")"	
"=HYPERLINK(""https://www.wowhead.com/classic/quest=8832"", ""One Commendation Signet"")"	
"=HYPERLINK(""https://www.wowhead.com/classic/quest=8833"", ""Ten Commendation Signets"")"	
"=HYPERLINK(""https://www.wowhead.com/classic/quest=8834"", ""One Commendation Signet"")"	
"=HYPERLINK(""https://www.wowhead.com/classic/quest=8835"", ""Ten Commendation Signets"")"	
"=HYPERLINK(""https://www.wowhead.com/classic/quest=8836"", ""One Commendation Signet"")"	
"=HYPERLINK(""https://www.wowhead.com/classic/quest=8837"", ""Ten Commendation Signets"")"	
"=HYPERLINK(""https://www.wowhead.com/classic/quest=8838"", ""One Commendation Signet"")"	
"=HYPERLINK(""https://www.wowhead.com/classic/quest=8839"", ""Ten Commendation Signets"")"	
"=HYPERLINK(""https://www.wowhead.com/classic/quest=8840"", ""One Commendation Signet"")"	
"=HYPERLINK(""https://www.wowhead.com/classic/quest=8841"", ""Ten Commendation Signets"")"	
"=HYPERLINK(""https://www.wowhead.com/classic/quest=8842"", ""One Commendation Signet"")"	
"=HYPERLINK(""https://www.wowhead.com/classic/quest=8843"", ""Ten Commendation Signets"")"	
"=HYPERLINK(""https://www.wowhead.com/classic/quest=8844"", ""One Commendation Signet"")"	
"=HYPERLINK(""https://www.wowhead.com/classic/quest=8845"", ""Ten Commendation Signets"")"	
"=HYPERLINK(""https://www.wowhead.com/classic/quest=8850"", ""Thirty Signets for War Supplies"")"	
"=HYPERLINK(""https://www.wowhead.com/classic/quest=8855"", ""Thirty Signets for War Supplies"")"	
"=HYPERLINK(""https://www.wowhead.com/classic/quest=8921"", ""The Ectoplasmic Distiller"")"	
"=HYPERLINK(""https://www.wowhead.com/classic/quest=8924"", ""Hunting for Ectoplasm"")"	
"=HYPERLINK(""https://www.wowhead.com/classic/quest=8925"", ""A Portable Power Source"")"	
"=HYPERLINK(""https://www.wowhead.com/classic/quest=8928"", ""A Shifty Merchant"")"	
"=HYPERLINK(""https://www.wowhead.com/classic/quest=8945"", ""Dead Man's Plea"")"	
"=HYPERLINK(""https://www.wowhead.com/classic/quest=8947"", ""Anthion's Strange Request"")"	
"=HYPERLINK(""https://www.wowhead.com/classic/quest=8949"", ""Falrin's Vendetta"")"	
"=HYPERLINK(""https://www.wowhead.com/classic/quest=8950"", ""The Instigator's Enchantment"")"	
"=HYPERLINK(""https://www.wowhead.com/classic/quest=8961"", ""Three Kings of Flame"")"	
"=HYPERLINK(""https://www.wowhead.com/classic/quest=8970"", ""I See Alcaz Island In Your Future..."")"	
"=HYPERLINK(""https://www.wowhead.com/classic/quest=8994"", ""Final Preparations"")"	
"=HYPERLINK(""https://www.wowhead.com/classic/quest=8995"", ""Mea Culpa, Lord Valthalak"")"	
"=HYPERLINK(""https://www.wowhead.com/classic/quest=8996"", ""Return to Bodley"")"	
"=HYPERLINK(""https://www.wowhead.com/tbc/quest=9015"", ""The Challenge"")"	
"=HYPERLINK(""https://www.wowhead.com/tbc/quest=9023"", ""The Perfect Poison"")"	
"=HYPERLINK(""https://www.wowhead.com/tbc/quest=9033"", ""Echoes of War"")"	
"=HYPERLINK(""https://www.wowhead.com/tbc/quest=9121"", ""The Dread Citadel - Naxxramas"")"	
"=HYPERLINK(""https://www.wowhead.com/tbc/quest=9122"", ""The Dread Citadel - Naxxramas"")"	
"=HYPERLINK(""https://www.wowhead.com/tbc/quest=9124"", ""Cryptstalker Armor Doesn't Make Itself..."")"	
"=HYPERLINK(""https://www.wowhead.com/tbc/quest=9125"", ""Crypt Fiend Parts"")"	
"=HYPERLINK(""https://www.wowhead.com/tbc/quest=9126"", ""Bonescythe Digs"")"	
"=HYPERLINK(""https://www.wowhead.com/tbc/quest=9127"", ""Bone Fragments"")"	
"=HYPERLINK(""https://www.wowhead.com/tbc/quest=9128"", ""The Elemental Equation"")"	
"=HYPERLINK(""https://www.wowhead.com/tbc/quest=9129"", ""Core of Elements"")"	
"=HYPERLINK(""https://www.wowhead.com/tbc/quest=9131"", ""Binding the Dreadnaught"")"	
"=HYPERLINK(""https://www.wowhead.com/tbc/quest=9132"", ""Dark Iron Scraps"")"	
"=HYPERLINK(""https://www.wowhead.com/tbc/quest=9136"", ""Savage Flora"")"	
"=HYPERLINK(""https://www.wowhead.com/tbc/quest=9137"", ""Savage Fronds"")"	
"=HYPERLINK(""https://www.wowhead.com/tbc/quest=9141"", ""They Call Me \""""The Rooster\"""""")"	
"=HYPERLINK(""https://www.wowhead.com/tbc/quest=9142"", ""Craftsman's Writ"")"	
"=HYPERLINK(""https://www.wowhead.com/tbc/quest=9165"", ""Writ of Safe Passage"")"	
"=HYPERLINK(""https://www.wowhead.com/tbc/quest=9178"", ""Craftsman's Writ - Dense Weightstone"")"	
"=HYPERLINK(""https://www.wowhead.com/tbc/quest=9179"", ""Craftsman's Writ - Imperial Plate Chest"")"	
"=HYPERLINK(""https://www.wowhead.com/tbc/quest=9181"", ""Craftsman's Writ - Volcanic Hammer"")"	
"=HYPERLINK(""https://www.wowhead.com/tbc/quest=9182"", ""Craftsman's Writ - Huge Thorium Battleaxe"")"	
"=HYPERLINK(""https://www.wowhead.com/tbc/quest=9183"", ""Craftsman's Writ - Radiant Circlet"")"	
"=HYPERLINK(""https://www.wowhead.com/tbc/quest=9184"", ""Craftsman's Writ - Wicked Leather Headband"")"	
"=HYPERLINK(""https://www.wowhead.com/tbc/quest=9185"", ""Craftsman's Writ - Rugged Armor Kit"")"	
"=HYPERLINK(""https://www.wowhead.com/tbc/quest=9186"", ""Craftsman's Writ - Wicked Leather Belt"")"	
"=HYPERLINK(""https://www.wowhead.com/tbc/quest=9187"", ""Craftsman's Writ - Runic Leather Pants"")"	
"=HYPERLINK(""https://www.wowhead.com/tbc/quest=9188"", ""Craftsman's Writ - Brightcloth Pants"")"	
"=HYPERLINK(""https://www.wowhead.com/tbc/quest=9190"", ""Craftsman's Writ - Runecloth Boots"")"	
"=HYPERLINK(""https://www.wowhead.com/tbc/quest=9191"", ""Craftsman's Writ - Runecloth Bag"")"	
"=HYPERLINK(""https://www.wowhead.com/tbc/quest=9194"", ""Craftsman's Writ - Runecloth Robe"")"	
"=HYPERLINK(""https://www.wowhead.com/tbc/quest=9195"", ""Craftsman's Writ - Goblin Sapper Charge"")"	
"=HYPERLINK(""https://www.wowhead.com/tbc/quest=9196"", ""Craftsman's Writ - Thorium Grenade"")"	
"=HYPERLINK(""https://www.wowhead.com/tbc/quest=9197"", ""Craftsman's Writ - Gnomish Battle Chicken"")"	
"=HYPERLINK(""https://www.wowhead.com/tbc/quest=9198"", ""Craftsman's Writ - Thorium Tube"")"	
"=HYPERLINK(""https://www.wowhead.com/tbc/quest=9200"", ""Craftsman's Writ - Major Mana Potion"")"	
"=HYPERLINK(""https://www.wowhead.com/tbc/quest=9201"", ""Craftsman's Writ - Greater Arcane Protection Potion"")"	
"=HYPERLINK(""https://www.wowhead.com/tbc/quest=9202"", ""Craftsman's Writ - Major Healing Potion"")"	
"=HYPERLINK(""https://www.wowhead.com/tbc/quest=9203"", ""Craftsman's Writ - Potion of Petrification"")"	
"=HYPERLINK(""https://www.wowhead.com/tbc/quest=9204"", ""Craftsman's Writ - Stonescale Eel"")"	
"=HYPERLINK(""https://www.wowhead.com/tbc/quest=9205"", ""Craftsman's Writ - Plated Armorfish"")"	
"=HYPERLINK(""https://www.wowhead.com/tbc/quest=9206"", ""Craftsman's Writ - Lightning Eel"")"	
"=HYPERLINK(""https://www.wowhead.com/tbc/quest=9208"", ""The Savage Guard - Arcanum of Protection"")"	
"=HYPERLINK(""https://www.wowhead.com/tbc/quest=9209"", ""The Savage Guard - Arcanum of Rapidity"")"	
"=HYPERLINK(""https://www.wowhead.com/tbc/quest=9210"", ""The Savage Guard - Arcanum of Focus"")"	
"=HYPERLINK(""https://www.wowhead.com/tbc/quest=9211"", ""The Ice Guard"")"	
"=HYPERLINK(""https://www.wowhead.com/tbc/quest=9213"", ""The Shadow Guard"")"	
"=HYPERLINK(""https://www.wowhead.com/tbc/quest=9221"", ""Superior Armaments of Battle - Friend of the Dawn"")"	
"=HYPERLINK(""https://www.wowhead.com/tbc/quest=9222"", ""Epic Armaments of Battle - Friend of the Dawn"")"	
"=HYPERLINK(""https://www.wowhead.com/tbc/quest=9223"", ""Superior Armaments of Battle - Honored Amongst the Dawn"")"	
"=HYPERLINK(""https://www.wowhead.com/tbc/quest=9224"", ""Epic Armaments of Battle - Honored Amongst the Dawn"")"	
"=HYPERLINK(""https://www.wowhead.com/tbc/quest=9225"", ""Epic Armaments of Battle - Revered Amongst the Dawn"")"	
"=HYPERLINK(""https://www.wowhead.com/tbc/quest=9226"", ""Superior Armaments of Battle - Revered Amongst the Dawn"")"	
"=HYPERLINK(""https://www.wowhead.com/tbc/quest=9227"", ""Superior Armaments of Battle - Exalted Amongst the Dawn"")"	
"=HYPERLINK(""https://www.wowhead.com/tbc/quest=9228"", ""Epic Armaments of Battle - Exalted Amongst the Dawn"")"	
"=HYPERLINK(""https://www.wowhead.com/tbc/quest=9237"", ""Glacial Cloak"")"	
"=HYPERLINK(""https://www.wowhead.com/tbc/quest=9248"", ""A Humble Offering"")"	
"=HYPERLINK(""https://www.wowhead.com/tbc/quest=9251"", ""Atiesh, the Befouled Greatstaff"")"	
"=HYPERLINK(""https://www.wowhead.com/tbc/quest=9257"", ""Atiesh, Greatstaff of the Guardian"")"	
"=HYPERLINK(""https://www.wowhead.com/tbc/quest=9269"", ""Atiesh, Greatstaff of the Guardian"")"	
"=HYPERLINK(""https://www.wowhead.com/tbc/quest=9270"", ""Atiesh, Greatstaff of the Guardian"")"	
"=HYPERLINK(""https://www.wowhead.com/tbc/quest=9271"", ""Atiesh, Greatstaff of the Guardian"")"	
"=HYPERLINK(""https://www.wowhead.com/tbc/quest=9338"", ""Allegiance to Cenarion Circle"")"	
"=HYPERLINK(""https://www.wowhead.com/tbc/quest=9419"", ""Scouring the Desert"")"	
"=HYPERLINK(""https://www.wowhead.com/tbc/quest=9422"", ""Scouring the Desert"")"	
"=HYPERLINK(""https://www.wowhead.com/tbc/quest=9635"", ""The Zapthrottle Mote Extractor!"")"	
"=HYPERLINK(""https://www.wowhead.com/tbc/quest=9636"", ""The Zapthrottle Mote Extractor!"")"	
"=HYPERLINK(""https://www.wowhead.com/tbc/quest=9664"", ""Establishing New Outposts"")"	
"=HYPERLINK(""https://www.wowhead.com/tbc/quest=9665"", ""Bolstering Our Defenses"")"	
"=HYPERLINK(""https://www.wowhead.com/tbc/quest=10106"", ""Hellfire Fortifications"")"	
"=HYPERLINK(""https://www.wowhead.com/tbc/quest=10110"", ""Hellfire Fortifications"")"	
"=HYPERLINK(""https://www.wowhead.com/tbc/quest=10259"", ""Into the Breach"")"	
"=HYPERLINK(""https://www.wowhead.com/tbc/quest=10352"", ""A Donation of Wool"")"	
"=HYPERLINK(""https://www.wowhead.com/tbc/quest=10354"", ""A Donation of Silk"")"	
"=HYPERLINK(""https://www.wowhead.com/tbc/quest=10356"", ""A Donation of Mageweave"")"	
"=HYPERLINK(""https://www.wowhead.com/tbc/quest=10357"", ""A Donation of Runecloth"")"	
"=HYPERLINK(""https://www.wowhead.com/tbc/quest=10358"", ""Additional Runecloth"")"	
"=HYPERLINK(""https://www.wowhead.com/tbc/quest=10359"", ""A Donation of Wool"")"	
"=HYPERLINK(""https://www.wowhead.com/tbc/quest=10360"", ""A Donation of Silk"")"	
"=HYPERLINK(""https://www.wowhead.com/tbc/quest=10361"", ""A Donation of Mageweave"")"	
"=HYPERLINK(""https://www.wowhead.com/tbc/quest=10362"", ""A Donation of Runecloth"")"	
"=HYPERLINK(""https://www.wowhead.com/tbc/quest=10363"", ""Additional Runecloth"")"	
"=HYPERLINK(""https://www.wowhead.com/tbc/quest=10450"", ""Bonechewer Blood"")"	
"=HYPERLINK(""https://www.wowhead.com/tbc/quest=10485"", ""Warlord of the Bleeding Hollow"")"	
"=HYPERLINK(""https://www.wowhead.com/tbc/quest=10538"", ""Boiling Blood"")"	
"=HYPERLINK(""https://www.wowhead.com/tbc/quest=10693"", ""One Commendation Signet"")"	
"=HYPERLINK(""https://www.wowhead.com/tbc/quest=10698"", ""Ten Commendation Signets"")"	
"=HYPERLINK(""https://www.wowhead.com/tbc/quest=10699"", ""One Commendation Signet"")"	
"=HYPERLINK(""https://www.wowhead.com/tbc/quest=10700"", ""Ten Commendation Signets"")"	
"=HYPERLINK(""https://www.wowhead.com/tbc/quest=10809"", ""Wanted: Worg Master Kruush"")"	
"=HYPERLINK(""https://www.wowhead.com/tbc/quest=10895"", ""Zeth'Gor Must Burn!"")"	
"=HYPERLINK(""https://www.wowhead.com/wotlk/quest=13408"", ""Hellfire Fortifications"")"	
"=HYPERLINK(""https://www.wowhead.com/wotlk/quest=13409"", ""Hellfire Fortifications"")"	
"=HYPERLINK(""https://www.wowhead.com/wotlk/quest=13662"", ""Gaining Acceptance"")"	
"=HYPERLINK(""https://www.wowhead.com/wotlk/quest=14350"", ""The Crimson Courier"")"	
"=HYPERLINK(""https://www.wowhead.com/tbc/quest=9345"", ""Preparing the Salve"")"	
"=HYPERLINK(""https://www.wowhead.com/tbc/quest=9349"", ""Ravager Egg Roundup"")"	
"=HYPERLINK(""https://www.wowhead.com/tbc/quest=9351"", ""Voidwalkers Gone Wild"")"	
"=HYPERLINK(""https://www.wowhead.com/tbc/quest=9355"", ""A Job for an Intelligent Man"")"	
"=HYPERLINK(""https://www.wowhead.com/tbc/quest=9356"", ""Smooth as Butter"")"	
"=HYPERLINK(""https://www.wowhead.com/tbc/quest=9361"", ""Helboar, the Other White Meat"")"	
"=HYPERLINK(""https://www.wowhead.com/tbc/quest=9773"", ""No More Mushrooms!"")"	
"=HYPERLINK(""https://www.wowhead.com/tbc/quest=10047"", ""The Path of Glory"")"	
"=HYPERLINK(""https://www.wowhead.com/tbc/quest=10050"", ""Unyielding Souls"")"	
"=HYPERLINK(""https://www.wowhead.com/tbc/quest=10055"", ""Waste Not, Want Not"")"	
"=HYPERLINK(""https://www.wowhead.com/tbc/quest=10057"", ""Looking to the Leadership"")"	
"=HYPERLINK(""https://www.wowhead.com/tbc/quest=10058"", ""An Old Gift"")"	
"=HYPERLINK(""https://www.wowhead.com/tbc/quest=10078"", ""Laying Waste to the Unwanted"")"	
"=HYPERLINK(""https://www.wowhead.com/tbc/quest=10079"", ""When This Mine's a-Rockin'"")"	
"=HYPERLINK(""https://www.wowhead.com/tbc/quest=10086"", ""I Work... For the Horde!"")"	
"=HYPERLINK(""https://www.wowhead.com/tbc/quest=10087"", ""Burn It Up... For the Horde!"")"	
"=HYPERLINK(""https://www.wowhead.com/tbc/quest=10099"", ""The Mastermind"")"	
"=HYPERLINK(""https://www.wowhead.com/tbc/quest=10123"", ""Felspark Ravine"")"	
"=HYPERLINK(""https://www.wowhead.com/tbc/quest=10142"", ""The Path of Anguish"")"	
"=HYPERLINK(""https://www.wowhead.com/tbc/quest=10161"", ""In Case of Emergency..."")"	
"=HYPERLINK(""https://www.wowhead.com/tbc/quest=10220"", ""Make Them Listen"")"	
"=HYPERLINK(""https://www.wowhead.com/tbc/quest=10230"", ""The Battle Horn"")"	
"=HYPERLINK(""https://www.wowhead.com/tbc/quest=10236"", ""Outland Sucks!"")"	
"=HYPERLINK(""https://www.wowhead.com/tbc/quest=10238"", ""How to Serve Goblins"")"	
"=HYPERLINK(""https://www.wowhead.com/tbc/quest=10250"", ""Bloody Vengeance"")"	
"=HYPERLINK(""https://www.wowhead.com/tbc/quest=10278"", ""The Warp Rifts"")"	
"=HYPERLINK(""https://www.wowhead.com/tbc/quest=10294"", ""Void Ridge"")"	
"=HYPERLINK(""https://www.wowhead.com/tbc/quest=10389"", ""The Agony and the Darkness"")"	
"=HYPERLINK(""https://www.wowhead.com/tbc/quest=10390"", ""Forge Camp: Mageddon"")"	
"=HYPERLINK(""https://www.wowhead.com/tbc/quest=10391"", ""Cannons of Rage"")"	
"=HYPERLINK(""https://www.wowhead.com/tbc/quest=10392"", ""Doorway to the Abyss"")"	
"=HYPERLINK(""https://www.wowhead.com/tbc/quest=10394"", ""Disruption - Forge Camp: Mageddon"")"	
"=HYPERLINK(""https://www.wowhead.com/tbc/quest=10396"", ""Enemy of my Enemy..."")"	
"=HYPERLINK(""https://www.wowhead.com/tbc/quest=10397"", ""Invasion Point: Annihilator"")"	
"=HYPERLINK(""https://www.wowhead.com/tbc/quest=10399"", ""The Heart of Darkness"")"	
"=HYPERLINK(""https://www.wowhead.com/tbc/quest=10629"", ""Shizz Work"")"	
"=HYPERLINK(""https://www.wowhead.com/tbc/quest=10630"", ""Beneath Thrallmar"")"	
"=HYPERLINK(""https://www.wowhead.com/tbc/quest=10792"", ""Zeth'Gor Must Burn!"")"	
"=HYPERLINK(""https://www.wowhead.com/tbc/quest=10838"", ""The Demoniac Scryer"")"	
"=HYPERLINK(""https://www.wowhead.com/tbc/quest=10864"", ""A Burden of Souls"")"	
"=HYPERLINK(""https://www.wowhead.com/tbc/quest=10909"", ""Fel Spirits"")"	
"=HYPERLINK(""https://www.wowhead.com/tbc/quest=10916"", ""Digging for Prayer Beads"")"	
"=HYPERLINK(""https://www.wowhead.com/tbc/quest=10919"", ""Fei Fei's Treat"")"	
"=HYPERLINK(""https://www.wowhead.com/tbc/quest=10935"", ""The Exorcism of Colonel Jules"")"	
"=HYPERLINK(""https://www.wowhead.com/tbc/quest=9340"", ""The Great Fissure"")"	
"=HYPERLINK(""https://www.wowhead.com/tbc/quest=9366"", ""In Need of Felblood"")"	
"=HYPERLINK(""https://www.wowhead.com/tbc/quest=9370"", ""The Cleansing Must Be Stopped"")"	
"=HYPERLINK(""https://www.wowhead.com/tbc/quest=9374"", ""Arelion's Journal"")"	
"=HYPERLINK(""https://www.wowhead.com/tbc/quest=9391"", ""Marking the Path"")"	
"=HYPERLINK(""https://www.wowhead.com/tbc/quest=9396"", ""Magic of the Arakkoa"")"	
"=HYPERLINK(""https://www.wowhead.com/tbc/quest=9397"", ""Birds of a Feather"")"	
"=HYPERLINK(""https://www.wowhead.com/tbc/quest=9398"", ""Deadly Predators"")"	
"=HYPERLINK(""https://www.wowhead.com/tbc/quest=9400"", ""The Assassin"")"	
"=HYPERLINK(""https://www.wowhead.com/tbc/quest=9410"", ""A Spirit Guide"")"	
"=HYPERLINK(""https://www.wowhead.com/tbc/quest=9420"", ""The Finest Down"")"	
"=HYPERLINK(""https://www.wowhead.com/tbc/quest=9426"", ""The Pools of Aggonar"")"	
"=HYPERLINK(""https://www.wowhead.com/tbc/quest=9427"", ""Cleansing the Waters"")"	
"=HYPERLINK(""https://www.wowhead.com/tbc/quest=9472"", ""Arelion's Mistress"")"	
"=HYPERLINK(""https://www.wowhead.com/tbc/quest=9483"", ""Life's Finer Pleasures"")"	
"=HYPERLINK(""https://www.wowhead.com/tbc/quest=9563"", ""Gaining Mirren's Trust"")"	
"=HYPERLINK(""https://www.wowhead.com/tbc/quest=9572"", ""Weaken the Ramparts"")"	
"=HYPERLINK(""https://www.wowhead.com/tbc/quest=9575"", ""Weaken the Ramparts"")"	
"=HYPERLINK(""https://www.wowhead.com/tbc/quest=9747"", ""The Umbrafen Tribe"")"	
"=HYPERLINK(""https://www.wowhead.com/tbc/quest=9769"", ""There's No Explanation for Fashion"")"	
"=HYPERLINK(""https://www.wowhead.com/tbc/quest=9770"", ""Menacing Marshfangs"")"	
"=HYPERLINK(""https://www.wowhead.com/tbc/quest=9772"", ""Jyoba's Report"")"	
"=HYPERLINK(""https://www.wowhead.com/tbc/quest=9774"", ""Thick Hydra Scales"")"	
"=HYPERLINK(""https://www.wowhead.com/tbc/quest=9777"", ""Fulgor Spores"")"	
"=HYPERLINK(""https://www.wowhead.com/tbc/quest=9780"", ""Umbrafen Eel Filets"")"	
"=HYPERLINK(""https://www.wowhead.com/tbc/quest=9781"", ""Too Many Mouths to Feed"")"	
"=HYPERLINK(""https://www.wowhead.com/tbc/quest=9782"", ""The Dead Mire"")"	
"=HYPERLINK(""https://www.wowhead.com/tbc/quest=9783"", ""An Unnatural Drought"")"	
"=HYPERLINK(""https://www.wowhead.com/tbc/quest=9786"", ""The Boha'mu Ruins"")"	
"=HYPERLINK(""https://www.wowhead.com/tbc/quest=9787"", ""Idols of the Feralfen"")"	
"=HYPERLINK(""https://www.wowhead.com/tbc/quest=9788"", ""A Damp, Dark Place"")"	
"=HYPERLINK(""https://www.wowhead.com/tbc/quest=9790"", ""Diaphanous Wings"")"	
"=HYPERLINK(""https://www.wowhead.com/tbc/quest=9791"", ""Menacing Marshfangs"")"	
"=HYPERLINK(""https://www.wowhead.com/tbc/quest=9801"", ""Gathering the Reagents"")"	
"=HYPERLINK(""https://www.wowhead.com/tbc/quest=9803"", ""Messenger to the Feralfen"")"	
"=HYPERLINK(""https://www.wowhead.com/tbc/quest=9846"", ""Spirits of the Feralfen"")"	
"=HYPERLINK(""https://www.wowhead.com/tbc/quest=9894"", ""Safeguarding the Watchers"")"	
"=HYPERLINK(""https://www.wowhead.com/tbc/quest=9895"", ""The Dying Balance"")"	
"=HYPERLINK(""https://www.wowhead.com/tbc/quest=9896"", ""Blacksting's Bane"")"	
"=HYPERLINK(""https://www.wowhead.com/tbc/quest=9898"", ""Nothin' Says Lovin' Like a Big Stinger"")"	
"=HYPERLINK(""https://www.wowhead.com/tbc/quest=9899"", ""A Job Undone"")"	
"=HYPERLINK(""https://www.wowhead.com/tbc/quest=9901"", ""Unfinished Business"")"	
"=HYPERLINK(""https://www.wowhead.com/tbc/quest=10096"", ""Saving the Sporeloks"")"	
"=HYPERLINK(""https://www.wowhead.com/tbc/quest=10129"", ""Mission: Gateways Murketh and Shaadraz"")"	
"=HYPERLINK(""https://www.wowhead.com/tbc/quest=10144"", ""Disrupt Their Reinforcements"")"	
"=HYPERLINK(""https://www.wowhead.com/tbc/quest=10146"", ""Mission: The Murketh and Shaadraz Gateways"")"	
"=HYPERLINK(""https://www.wowhead.com/tbc/quest=10162"", ""Mission: The Abyssal Shelf"")"	
"=HYPERLINK(""https://www.wowhead.com/tbc/quest=10163"", ""Mission: The Abyssal Shelf"")"	
"=HYPERLINK(""https://www.wowhead.com/tbc/quest=10208"", ""Disrupt Their Reinforcements"")"	
"=HYPERLINK(""https://www.wowhead.com/tbc/quest=10346"", ""Return to the Abyssal Shelf"")"	
"=HYPERLINK(""https://www.wowhead.com/tbc/quest=10347"", ""Return to the Abyssal Shelf"")"	
"=HYPERLINK(""https://www.wowhead.com/tbc/quest=10355"", ""Withered Flesh"")"	
"=HYPERLINK(""https://www.wowhead.com/tbc/quest=10367"", ""A Traitor Among Us"")"	
"=HYPERLINK(""https://www.wowhead.com/tbc/quest=10368"", ""The Dreghood Elders"")"	
"=HYPERLINK(""https://www.wowhead.com/tbc/quest=10369"", ""Arzeth's Demise"")"	
"=HYPERLINK(""https://www.wowhead.com/tbc/quest=10813"", ""The Eyes of Grillok"")"	
"=HYPERLINK(""https://www.wowhead.com/tbc/quest=10834"", ""Grillok \""""Darkeye\"""""")"	
"=HYPERLINK(""https://www.wowhead.com/tbc/quest=10847"", ""The Eyes of Skettis"")"	
"=HYPERLINK(""https://www.wowhead.com/tbc/quest=10868"", ""Arakkoa War Path"")"	
"=HYPERLINK(""https://www.wowhead.com/tbc/quest=10869"", ""Thin the Flock"")"	
"=HYPERLINK(""https://www.wowhead.com/tbc/quest=10937"", ""Drill the Drillmaster"")"	
"=HYPERLINK(""https://www.wowhead.com/tbc/quest=9372"", ""Demonic Contamination"")"	
"=HYPERLINK(""https://www.wowhead.com/tbc/quest=9376"", ""A Pilgrim's Plight"")"	
"=HYPERLINK(""https://www.wowhead.com/tbc/quest=9381"", ""Trueflight Arrows"")"	
"=HYPERLINK(""https://www.wowhead.com/tbc/quest=9383"", ""An Ambitious Plan"")"	
"=HYPERLINK(""https://www.wowhead.com/tbc/quest=9385"", ""Rampaging Ravagers"")"	
"=HYPERLINK(""https://www.wowhead.com/tbc/quest=9387"", ""Source of the Corruption"")"	
"=HYPERLINK(""https://www.wowhead.com/tbc/quest=9399"", ""Cruel Taskmasters"")"	
"=HYPERLINK(""https://www.wowhead.com/tbc/quest=9417"", ""The Arakkoa Threat"")"	
"=HYPERLINK(""https://www.wowhead.com/tbc/quest=9424"", ""Makuru's Vengeance"")"	
"=HYPERLINK(""https://www.wowhead.com/tbc/quest=9430"", ""Sha'naar Relics"")"	
"=HYPERLINK(""https://www.wowhead.com/tbc/quest=9442"", ""A Debilitating Sickness"")"	
"=HYPERLINK(""https://www.wowhead.com/tbc/quest=9447"", ""Administering the Salve"")"	
"=HYPERLINK(""https://www.wowhead.com/tbc/quest=9466"", ""Wanted: Blacktalon the Savage"")"	
"=HYPERLINK(""https://www.wowhead.com/tbc/quest=9490"", ""The Rock Flayer Matriarch"")"	
"=HYPERLINK(""https://www.wowhead.com/tbc/quest=9545"", ""The Seer's Relic"")"	
"=HYPERLINK(""https://www.wowhead.com/tbc/quest=9589"", ""The Blood is Life"")"	
"=HYPERLINK(""https://www.wowhead.com/tbc/quest=9590"", ""The Blood is Life"")"	
"=HYPERLINK(""https://www.wowhead.com/tbc/quest=9607"", ""Heart of Rage"")"	
"=HYPERLINK(""https://www.wowhead.com/tbc/quest=9608"", ""Heart of Rage"")"	
"=HYPERLINK(""https://www.wowhead.com/tbc/quest=9701"", ""Observing the Sporelings"")"	
"=HYPERLINK(""https://www.wowhead.com/tbc/quest=9708"", ""Familiar Fungi"")"	
"=HYPERLINK(""https://www.wowhead.com/tbc/quest=9716"", ""Disturbance at Umbrafen Lake"")"	
"=HYPERLINK(""https://www.wowhead.com/tbc/quest=9718"", ""As the Crow Flies"")"	
"=HYPERLINK(""https://www.wowhead.com/tbc/quest=9731"", ""Drain Schematics"")"	
"=HYPERLINK(""https://www.wowhead.com/tbc/quest=9739"", ""The Sporelings' Plight"")"	
"=HYPERLINK(""https://www.wowhead.com/tbc/quest=9742"", ""More Spore Sacs"")"	
"=HYPERLINK(""https://www.wowhead.com/tbc/quest=9752"", ""Escape from Umbrafen"")"	
"=HYPERLINK(""https://www.wowhead.com/tbc/quest=9802"", ""Plants of Zangarmarsh"")"	
"=HYPERLINK(""https://www.wowhead.com/tbc/quest=9817"", ""Leader of the Bloodscale"")"	
"=HYPERLINK(""https://www.wowhead.com/tbc/quest=9968"", ""Strange Energy"")"	
"=HYPERLINK(""https://www.wowhead.com/tbc/quest=9971"", ""Clues in the Thicket"")"	
"=HYPERLINK(""https://www.wowhead.com/tbc/quest=9992"", ""Olemba Seeds"")"	
"=HYPERLINK(""https://www.wowhead.com/tbc/quest=9993"", ""Olemba Seed Oil"")"	
"=HYPERLINK(""https://www.wowhead.com/tbc/quest=9998"", ""Unruly Neighbors"")"	
"=HYPERLINK(""https://www.wowhead.com/tbc/quest=10000"", ""An Unwelcome Presence"")"	
"=HYPERLINK(""https://www.wowhead.com/tbc/quest=10028"", ""Vessels of Power"")"	
"=HYPERLINK(""https://www.wowhead.com/tbc/quest=10132"", ""Colossal Menace"")"	
"=HYPERLINK(""https://www.wowhead.com/tbc/quest=10136"", ""Cruel's Intentions"")"	
"=HYPERLINK(""https://www.wowhead.com/tbc/quest=10159"", ""Keep Thornfang Hill Clear!"")"	
"=HYPERLINK(""https://www.wowhead.com/tbc/quest=10255"", ""Testing the Antidote"")"	
"=HYPERLINK(""https://www.wowhead.com/tbc/quest=10295"", ""From the Abyss"")"	
"=HYPERLINK(""https://www.wowhead.com/tbc/quest=10351"", ""Natural Remedies"")"	
"=HYPERLINK(""https://www.wowhead.com/tbc/quest=10400"", ""Overlord"")"	
"=HYPERLINK(""https://www.wowhead.com/tbc/quest=10876"", ""The Foot of the Citadel"")"	
"=HYPERLINK(""https://www.wowhead.com/tbc/quest=10878"", ""Before Darkness Falls"")"	
"=HYPERLINK(""https://www.wowhead.com/tbc/quest=9702"", ""A Question of Gluttony"")"	
"=HYPERLINK(""https://www.wowhead.com/tbc/quest=9709"", ""Stealing Back the Mushrooms"")"	
"=HYPERLINK(""https://www.wowhead.com/tbc/quest=9720"", ""Balance Must Be Preserved"")"	
"=HYPERLINK(""https://www.wowhead.com/tbc/quest=9726"", ""Now That We're Friends..."")"	
"=HYPERLINK(""https://www.wowhead.com/tbc/quest=9727"", ""Now That We're Still Friends..."")"	
"=HYPERLINK(""https://www.wowhead.com/tbc/quest=9728"", ""A Warm Welcome"")"	
"=HYPERLINK(""https://www.wowhead.com/tbc/quest=9730"", ""Leader of the Darkcrest"")"	
"=HYPERLINK(""https://www.wowhead.com/tbc/quest=9743"", ""Natural Enemies"")"	
"=HYPERLINK(""https://www.wowhead.com/tbc/quest=9744"", ""More Tendrils!"")"	
"=HYPERLINK(""https://www.wowhead.com/tbc/quest=9784"", ""Identify Plant Parts"")"	
"=HYPERLINK(""https://www.wowhead.com/tbc/quest=9785"", ""Blessings of the Ancients"")"	
"=HYPERLINK(""https://www.wowhead.com/tbc/quest=9806"", ""Fertile Spores"")"	
"=HYPERLINK(""https://www.wowhead.com/tbc/quest=9807"", ""More Fertile Spores"")"	
"=HYPERLINK(""https://www.wowhead.com/tbc/quest=9808"", ""Glowcap Mushrooms"")"	
"=HYPERLINK(""https://www.wowhead.com/tbc/quest=9809"", ""More Glowcaps"")"	
"=HYPERLINK(""https://www.wowhead.com/tbc/quest=9814"", ""Burstcap Mushrooms, Mon!"")"	
"=HYPERLINK(""https://www.wowhead.com/tbc/quest=9816"", ""Have You Ever Seen One of These?"")"	
"=HYPERLINK(""https://www.wowhead.com/tbc/quest=9820"", ""WANTED: Boss Grog'ak"")"	
"=HYPERLINK(""https://www.wowhead.com/tbc/quest=9822"", ""Impending Attack"")"	
"=HYPERLINK(""https://www.wowhead.com/tbc/quest=9823"", ""Us or Them"")"	
"=HYPERLINK(""https://www.wowhead.com/tbc/quest=9830"", ""Stinger Venom"")"	
"=HYPERLINK(""https://www.wowhead.com/tbc/quest=9833"", ""Lines of Communication"")"	
"=HYPERLINK(""https://www.wowhead.com/tbc/quest=9834"", ""Natural Armor"")"	
"=HYPERLINK(""https://www.wowhead.com/tbc/quest=9835"", ""Ango'rosh Encroachment"")"	
"=HYPERLINK(""https://www.wowhead.com/tbc/quest=9839"", ""Overlord Gorefist"")"	
"=HYPERLINK(""https://www.wowhead.com/tbc/quest=9841"", ""Stinging the Stingers"")"	
"=HYPERLINK(""https://www.wowhead.com/tbc/quest=9842"", ""The Sharpest Blades"")"	
"=HYPERLINK(""https://www.wowhead.com/tbc/quest=9845"", ""Angling to Beat the Competition"")"	
"=HYPERLINK(""https://www.wowhead.com/tbc/quest=9847"", ""A Spirit Ally?"")"	
"=HYPERLINK(""https://www.wowhead.com/tbc/quest=9848"", ""Secrets of the Daggerfen"")"	
"=HYPERLINK(""https://www.wowhead.com/tbc/quest=9902"", ""The Terror of Marshlight Lake"")"	
"=HYPERLINK(""https://www.wowhead.com/tbc/quest=9903"", ""The Biggest of Them All"")"	
"=HYPERLINK(""https://www.wowhead.com/tbc/quest=9904"", ""Pursuing Terrorclaw"")"	
"=HYPERLINK(""https://www.wowhead.com/tbc/quest=9905"", ""Maktu's Revenge"")"	
"=HYPERLINK(""https://www.wowhead.com/tbc/quest=9951"", ""It's Watching You!"")"	
"=HYPERLINK(""https://www.wowhead.com/tbc/quest=9986"", ""Stymying the Arakkoa"")"	
"=HYPERLINK(""https://www.wowhead.com/tbc/quest=9987"", ""Stymying the Arakkoa"")"	
"=HYPERLINK(""https://www.wowhead.com/tbc/quest=9990"", ""Investigate Tuurem"")"	
"=HYPERLINK(""https://www.wowhead.com/tbc/quest=9996"", ""Attack on Firewing Point"")"	
"=HYPERLINK(""https://www.wowhead.com/tbc/quest=9997"", ""Attack on Firewing Point"")"	
"=HYPERLINK(""https://www.wowhead.com/tbc/quest=10002"", ""The Firewing Liaison"")"	
"=HYPERLINK(""https://www.wowhead.com/tbc/quest=10003"", ""The Firewing Liaison"")"	
"=HYPERLINK(""https://www.wowhead.com/tbc/quest=10007"", ""Thinning the Ranks"")"	
"=HYPERLINK(""https://www.wowhead.com/tbc/quest=10008"", ""What Happens in Terokkar Stays in Terokkar"")"	
"=HYPERLINK(""https://www.wowhead.com/tbc/quest=10016"", ""Timber Worg Tails"")"	
"=HYPERLINK(""https://www.wowhead.com/tbc/quest=10017"", ""Strained Supplies"")"	
"=HYPERLINK(""https://www.wowhead.com/tbc/quest=10018"", ""Vestments of the Wolf Spirit"")"	
"=HYPERLINK(""https://www.wowhead.com/tbc/quest=10019"", ""More Venom Sacs"")"	
"=HYPERLINK(""https://www.wowhead.com/tbc/quest=10020"", ""A Cure for Zahlia"")"	
"=HYPERLINK(""https://www.wowhead.com/tbc/quest=10021"", ""Restoring the Light"")"	
"=HYPERLINK(""https://www.wowhead.com/tbc/quest=10022"", ""The Elusive Ironjaw"")"	
"=HYPERLINK(""https://www.wowhead.com/tbc/quest=10023"", ""Patriarch Ironjaw"")"	
"=HYPERLINK(""https://www.wowhead.com/tbc/quest=10026"", ""Magical Disturbances"")"	
"=HYPERLINK(""https://www.wowhead.com/tbc/quest=10027"", ""Magical Disturbances"")"	
"=HYPERLINK(""https://www.wowhead.com/tbc/quest=10037"", ""Rather Be Fishin'"")"	
"=HYPERLINK(""https://www.wowhead.com/tbc/quest=10112"", ""A Personal Favor"")"	
"=HYPERLINK(""https://www.wowhead.com/tbc/quest=10115"", ""Daggerfen Deviance"")"	
"=HYPERLINK(""https://www.wowhead.com/tbc/quest=10116"", ""Wanted: Chieftain Mummaki"")"	
"=HYPERLINK(""https://www.wowhead.com/tbc/quest=10117"", ""Wanted: Chieftain Mummaki"")"	
"=HYPERLINK(""https://www.wowhead.com/tbc/quest=10118"", ""Message to the Daggerfen"")"	
"=HYPERLINK(""https://www.wowhead.com/tbc/quest=10712"", ""Test Flight: Ruuan Weald"")"	
"=HYPERLINK(""https://www.wowhead.com/tbc/quest=10791"", ""Welcoming the Wolf Spirit"")"	
"=HYPERLINK(""https://www.wowhead.com/tbc/quest=10848"", ""Veil Rhaze: Unliving Evil"")"	
"=HYPERLINK(""https://www.wowhead.com/tbc/quest=10852"", ""Missing Friends"")"	
"=HYPERLINK(""https://www.wowhead.com/tbc/quest=10861"", ""Veil Lithic: Preemptive Strike"")"	
"=HYPERLINK(""https://www.wowhead.com/tbc/quest=10881"", ""The Shadow Tomb"")"	
"=HYPERLINK(""https://www.wowhead.com/tbc/quest=9714"", ""Bring Me Another Shrubbery!"")"	
"=HYPERLINK(""https://www.wowhead.com/tbc/quest=9715"", ""Bring Me A Shrubbery!"")"	
"=HYPERLINK(""https://www.wowhead.com/tbc/quest=9717"", ""Oh, It's On!"")"	
"=HYPERLINK(""https://www.wowhead.com/tbc/quest=9719"", ""Stalk the Stalker"")"	
"=HYPERLINK(""https://www.wowhead.com/tbc/quest=9738"", ""Lost in Action"")"	
"=HYPERLINK(""https://www.wowhead.com/tbc/quest=9800"", ""A Rare Bean"")"	
"=HYPERLINK(""https://www.wowhead.com/tbc/quest=9804"", ""Agitated Spirits of Skysong"")"	
"=HYPERLINK(""https://www.wowhead.com/tbc/quest=9805"", ""Blessing of Incineratus"")"	
"=HYPERLINK(""https://www.wowhead.com/tbc/quest=9819"", ""The Tortured Earth"")"	
"=HYPERLINK(""https://www.wowhead.com/tbc/quest=9854"", ""Windroc Mastery"")"	
"=HYPERLINK(""https://www.wowhead.com/tbc/quest=9857"", ""Talbuk Mastery"")"	
"=HYPERLINK(""https://www.wowhead.com/tbc/quest=9889"", ""Don't Kill the Fat One"")"	
"=HYPERLINK(""https://www.wowhead.com/tbc/quest=9906"", ""Message in a Battle"")"	
"=HYPERLINK(""https://www.wowhead.com/tbc/quest=9910"", ""Standards and Practices"")"	
"=HYPERLINK(""https://www.wowhead.com/tbc/quest=9917"", ""Do My Eyes Deceive Me"")"	
"=HYPERLINK(""https://www.wowhead.com/tbc/quest=9918"", ""Not On My Watch!"")"	
"=HYPERLINK(""https://www.wowhead.com/tbc/quest=9921"", ""The Ruins of Burning Blade"")"	
"=HYPERLINK(""https://www.wowhead.com/tbc/quest=9923"", ""HELP!"")"	
"=HYPERLINK(""https://www.wowhead.com/tbc/quest=10024"", ""Voren'thal's Visions"")"	
"=HYPERLINK(""https://www.wowhead.com/tbc/quest=10025"", ""More Basilisk Eyes"")"	
"=HYPERLINK(""https://www.wowhead.com/tbc/quest=10030"", ""Recover the Bones"")"	
"=HYPERLINK(""https://www.wowhead.com/tbc/quest=10031"", ""Helping the Lost Find Their Way"")"	
"=HYPERLINK(""https://www.wowhead.com/tbc/quest=10033"", ""Wanted: Bonelashers Dead!"")"	
"=HYPERLINK(""https://www.wowhead.com/tbc/quest=10034"", ""Wanted: Bonelashers Dead!"")"	
"=HYPERLINK(""https://www.wowhead.com/tbc/quest=10035"", ""Torgos!"")"	
"=HYPERLINK(""https://www.wowhead.com/tbc/quest=10036"", ""Torgos!"")"	
"=HYPERLINK(""https://www.wowhead.com/tbc/quest=10040"", ""Who Are They?"")"	
"=HYPERLINK(""https://www.wowhead.com/tbc/quest=10041"", ""Who Are They?"")"	
"=HYPERLINK(""https://www.wowhead.com/tbc/quest=10042"", ""Kill the Shadow Council!"")"	
"=HYPERLINK(""https://www.wowhead.com/tbc/quest=10043"", ""Kill the Shadow Council!"")"	
"=HYPERLINK(""https://www.wowhead.com/tbc/quest=10201"", ""And Now, the Moment of Truth"")"	
"=HYPERLINK(""https://www.wowhead.com/tbc/quest=10325"", ""Marks of Kil'jaeden"")"	
"=HYPERLINK(""https://www.wowhead.com/tbc/quest=10326"", ""More Marks of Kil'jaeden"")"	
"=HYPERLINK(""https://www.wowhead.com/tbc/quest=10327"", ""Single Mark of Kil'jaeden"")"	
"=HYPERLINK(""https://www.wowhead.com/tbc/quest=10412"", ""Firewing Signets"")"	
"=HYPERLINK(""https://www.wowhead.com/tbc/quest=10446"", ""The Final Code"")"	
"=HYPERLINK(""https://www.wowhead.com/tbc/quest=10447"", ""The Final Code"")"	
"=HYPERLINK(""https://www.wowhead.com/tbc/quest=10618"", ""The Softest Wings"")"	
"=HYPERLINK(""https://www.wowhead.com/tbc/quest=10840"", ""The Tomb of Lights"")"	
"=HYPERLINK(""https://www.wowhead.com/tbc/quest=10842"", ""Vengeful Souls"")"	
"=HYPERLINK(""https://www.wowhead.com/tbc/quest=10873"", ""Taken in the Night"")"	
"=HYPERLINK(""https://www.wowhead.com/tbc/quest=10874"", ""Veil Shalas: Signal Fires"")"	
"=HYPERLINK(""https://www.wowhead.com/tbc/quest=10896"", ""The Infested Protectors"")"	
"=HYPERLINK(""https://www.wowhead.com/tbc/quest=10913"", ""An Improper Burial"")"	
"=HYPERLINK(""https://www.wowhead.com/tbc/quest=10914"", ""A Hero Is Needed"")"	
"=HYPERLINK(""https://www.wowhead.com/tbc/quest=10915"", ""The Fallen Exarch"")"	
"=HYPERLINK(""https://www.wowhead.com/tbc/quest=10917"", ""The Outcast's Plight"")"	
"=HYPERLINK(""https://www.wowhead.com/tbc/quest=10918"", ""More Feathers"")"	
"=HYPERLINK(""https://www.wowhead.com/tbc/quest=10920"", ""For the Fallen"")"	
"=HYPERLINK(""https://www.wowhead.com/tbc/quest=10921"", ""Terokkarantula"")"	
"=HYPERLINK(""https://www.wowhead.com/tbc/quest=10923"", ""Evil Draws Near"")"	
"=HYPERLINK(""https://www.wowhead.com/tbc/quest=10927"", ""Killing the Crawlers"")"	
"=HYPERLINK(""https://www.wowhead.com/tbc/quest=10928"", ""Killing the Crawlers"")"	
"=HYPERLINK(""https://www.wowhead.com/tbc/quest=10929"", ""Fumping"")"	
"=HYPERLINK(""https://www.wowhead.com/tbc/quest=10930"", ""The Big Bone Worm"")"	
"=HYPERLINK(""https://www.wowhead.com/tbc/quest=9789"", ""Clefthoof Mastery"")"	
"=HYPERLINK(""https://www.wowhead.com/tbc/quest=9810"", ""The Spirit Polluted"")"	
"=HYPERLINK(""https://www.wowhead.com/tbc/quest=9815"", ""Muck Diving"")"	
"=HYPERLINK(""https://www.wowhead.com/tbc/quest=9821"", ""Eating Damnation"")"	
"=HYPERLINK(""https://www.wowhead.com/tbc/quest=9858"", ""Talbuk Mastery"")"	
"=HYPERLINK(""https://www.wowhead.com/tbc/quest=9859"", ""Talbuk Mastery"")"	
"=HYPERLINK(""https://www.wowhead.com/tbc/quest=9863"", ""Vile Idolatry"")"	
"=HYPERLINK(""https://www.wowhead.com/tbc/quest=9882"", ""Stealing from Thieves"")"	
"=HYPERLINK(""https://www.wowhead.com/tbc/quest=9883"", ""More Crystal Fragments"")"	
"=HYPERLINK(""https://www.wowhead.com/tbc/quest=9907"", ""An Audacious Advance"")"	
"=HYPERLINK(""https://www.wowhead.com/tbc/quest=9914"", ""A Head Full of Ivory"")"	
"=HYPERLINK(""https://www.wowhead.com/tbc/quest=9915"", ""More Heads Full of Ivory"")"	
"=HYPERLINK(""https://www.wowhead.com/tbc/quest=9916"", ""Bleeding Hollow Supply Crates"")"	
"=HYPERLINK(""https://www.wowhead.com/tbc/quest=9922"", ""The Twin Clefts of Nagrand"")"	
"=HYPERLINK(""https://www.wowhead.com/tbc/quest=9924"", ""Corki's Gone Missing Again!"")"	
"=HYPERLINK(""https://www.wowhead.com/tbc/quest=9925"", ""Matters of Security"")"	
"=HYPERLINK(""https://www.wowhead.com/tbc/quest=9927"", ""Ruthless Cunning"")"	
"=HYPERLINK(""https://www.wowhead.com/tbc/quest=9928"", ""Armaments for Deception"")"	
"=HYPERLINK(""https://www.wowhead.com/tbc/quest=9931"", ""Returning the Favor"")"	
"=HYPERLINK(""https://www.wowhead.com/tbc/quest=9932"", ""Body of Evidence"")"	
"=HYPERLINK(""https://www.wowhead.com/tbc/quest=9935"", ""Wanted: Giselda the Crone"")"	
"=HYPERLINK(""https://www.wowhead.com/tbc/quest=9936"", ""Wanted: Giselda the Crone"")"	
"=HYPERLINK(""https://www.wowhead.com/tbc/quest=9939"", ""Wanted: Zorbo the Advisor"")"	
"=HYPERLINK(""https://www.wowhead.com/tbc/quest=9940"", ""Wanted: Zorbo the Advisor"")"	
"=HYPERLINK(""https://www.wowhead.com/tbc/quest=10109"", ""I Must Have Them!"")"	
"=HYPERLINK(""https://www.wowhead.com/tbc/quest=10111"", ""Bring Me The Egg!"")"	
"=HYPERLINK(""https://www.wowhead.com/tbc/quest=10165"", ""Undercutting the Competition"")"	
"=HYPERLINK(""https://www.wowhead.com/tbc/quest=10216"", ""Safety Is Job One"")"	
"=HYPERLINK(""https://www.wowhead.com/tbc/quest=10455"", ""The Encroaching Wilderness"")"	
"=HYPERLINK(""https://www.wowhead.com/tbc/quest=10456"", ""Marauding Wolves"")"	
"=HYPERLINK(""https://www.wowhead.com/tbc/quest=10457"", ""Protecting Our Own"")"	
"=HYPERLINK(""https://www.wowhead.com/tbc/quest=10486"", ""The Encroaching Wilderness"")"	
"=HYPERLINK(""https://www.wowhead.com/tbc/quest=10487"", ""Dust from the Drakes"")"	
"=HYPERLINK(""https://www.wowhead.com/tbc/quest=10488"", ""Protecting Our Own"")"	
"=HYPERLINK(""https://www.wowhead.com/tbc/quest=10489"", ""Felling an Ancient Tree"")"	
"=HYPERLINK(""https://www.wowhead.com/tbc/quest=10502"", ""The Bloodmaul Ogres"")"	
"=HYPERLINK(""https://www.wowhead.com/tbc/quest=10503"", ""The Bladespire Threat"")"	
"=HYPERLINK(""https://www.wowhead.com/tbc/quest=10504"", ""The Bladespire Ogres"")"	
"=HYPERLINK(""https://www.wowhead.com/tbc/quest=10505"", ""The Bloodmaul Ogres"")"	
"=HYPERLINK(""https://www.wowhead.com/tbc/quest=10506"", ""A Dire Situation"")"	
"=HYPERLINK(""https://www.wowhead.com/tbc/quest=10510"", ""Into the Draenethyst Mine"")"	
"=HYPERLINK(""https://www.wowhead.com/tbc/quest=10511"", ""Strange Brew"")"	
"=HYPERLINK(""https://www.wowhead.com/tbc/quest=10512"", ""Getting the Bladespire Tanked"")"	
"=HYPERLINK(""https://www.wowhead.com/tbc/quest=10516"", ""The Trappings of a Vindicator"")"	
"=HYPERLINK(""https://www.wowhead.com/tbc/quest=10524"", ""Thunderlord Clan Artifacts"")"	
"=HYPERLINK(""https://www.wowhead.com/tbc/quest=10525"", ""Vision Guide"")"	
"=HYPERLINK(""https://www.wowhead.com/tbc/quest=10542"", ""They Stole Me Hookah and Me Brews!"")"	
"=HYPERLINK(""https://www.wowhead.com/tbc/quest=10544"", ""A Curse Upon Both of Your Clans!"")"	
"=HYPERLINK(""https://www.wowhead.com/tbc/quest=10545"", ""Bladespire Kegger"")"	
"=HYPERLINK(""https://www.wowhead.com/tbc/quest=10555"", ""Malaise"")"	
"=HYPERLINK(""https://www.wowhead.com/tbc/quest=10556"", ""Scratches"")"	
"=HYPERLINK(""https://www.wowhead.com/tbc/quest=10565"", ""The Stones of Vekh'nir"")"	
"=HYPERLINK(""https://www.wowhead.com/tbc/quest=10566"", ""Trial and Error"")"	
"=HYPERLINK(""https://www.wowhead.com/tbc/quest=10567"", ""Creating the Pendant"")"	
"=HYPERLINK(""https://www.wowhead.com/tbc/quest=10617"", ""Silkwing Cocoons"")"	
"=HYPERLINK(""https://www.wowhead.com/tbc/quest=10690"", ""The Den Mother"")"	
"=HYPERLINK(""https://www.wowhead.com/tbc/quest=10877"", ""The Dread Relic"")"	
"=HYPERLINK(""https://www.wowhead.com/tbc/quest=9849"", ""Shattering the Veil"")"	
"=HYPERLINK(""https://www.wowhead.com/tbc/quest=9850"", ""Clefthoof Mastery"")"	
"=HYPERLINK(""https://www.wowhead.com/tbc/quest=9851"", ""Clefthoof Mastery"")"	
"=HYPERLINK(""https://www.wowhead.com/tbc/quest=9853"", ""Gurok the Usurper"")"	
"=HYPERLINK(""https://www.wowhead.com/tbc/quest=9855"", ""Windroc Mastery"")"	
"=HYPERLINK(""https://www.wowhead.com/tbc/quest=9856"", ""Windroc Mastery"")"	
"=HYPERLINK(""https://www.wowhead.com/tbc/quest=9862"", ""Murkblood Corrupters"")"	
"=HYPERLINK(""https://www.wowhead.com/tbc/quest=9865"", ""Once Were Warriors"")"	
"=HYPERLINK(""https://www.wowhead.com/tbc/quest=9867"", ""Murkblood Leaders..."")"	
"=HYPERLINK(""https://www.wowhead.com/tbc/quest=9873"", ""Ortor My Old Friend..."")"	
"=HYPERLINK(""https://www.wowhead.com/tbc/quest=9874"", ""Stopping the Spread"")"	
"=HYPERLINK(""https://www.wowhead.com/tbc/quest=9878"", ""Solving the Problem"")"	
"=HYPERLINK(""https://www.wowhead.com/tbc/quest=9892"", ""More Obsidian Warbeads"")"	
"=HYPERLINK(""https://www.wowhead.com/tbc/quest=9893"", ""Obsidian Warbeads"")"	
"=HYPERLINK(""https://www.wowhead.com/tbc/quest=9900"", ""Gava'xi"")"	
"=HYPERLINK(""https://www.wowhead.com/tbc/quest=9937"", ""Wanted: Durn the Hungerer"")"	
"=HYPERLINK(""https://www.wowhead.com/tbc/quest=9938"", ""Wanted: Durn the Hungerer"")"	
"=HYPERLINK(""https://www.wowhead.com/tbc/quest=9945"", ""War on the Warmaul"")"	
"=HYPERLINK(""https://www.wowhead.com/tbc/quest=9946"", ""Cho'war the Pillager"")"	
"=HYPERLINK(""https://www.wowhead.com/tbc/quest=9948"", ""Finding the Survivors"")"	
"=HYPERLINK(""https://www.wowhead.com/tbc/quest=9955"", ""Cho'war the Pillager"")"	
"=HYPERLINK(""https://www.wowhead.com/tbc/quest=9956"", ""The Ravaged Caravan"")"	
"=HYPERLINK(""https://www.wowhead.com/tbc/quest=10074"", ""Oshu'gun Crystal Powder"")"	
"=HYPERLINK(""https://www.wowhead.com/tbc/quest=10075"", ""Oshu'gun Crystal Powder"")"	
"=HYPERLINK(""https://www.wowhead.com/tbc/quest=10076"", ""Oshu'gun Crystal Powder"")"	
"=HYPERLINK(""https://www.wowhead.com/tbc/quest=10077"", ""Oshu'gun Crystal Powder"")"	
"=HYPERLINK(""https://www.wowhead.com/tbc/quest=10164"", ""Everything Will Be Alright"")"	
"=HYPERLINK(""https://www.wowhead.com/tbc/quest=10252"", ""Vision of the Dead"")"	
"=HYPERLINK(""https://www.wowhead.com/tbc/quest=10253"", ""Levixus the Soul Caller"")"	
"=HYPERLINK(""https://www.wowhead.com/tbc/quest=10476"", ""Fierce Enemies"")"	
"=HYPERLINK(""https://www.wowhead.com/tbc/quest=10479"", ""Proving Your Strength"")"	
"=HYPERLINK(""https://www.wowhead.com/tbc/quest=10517"", ""Gorr'Dim, Your Time Has Come..."")"	
"=HYPERLINK(""https://www.wowhead.com/tbc/quest=10518"", ""Planting the Banner"")"	
"=HYPERLINK(""https://www.wowhead.com/tbc/quest=10526"", ""The Thunderspike"")"	
"=HYPERLINK(""https://www.wowhead.com/tbc/quest=10543"", ""Grimnok and Korgaah, I Am For You!"")"	
"=HYPERLINK(""https://www.wowhead.com/tbc/quest=10584"", ""Picking Up Some Power Converters"")"	
"=HYPERLINK(""https://www.wowhead.com/tbc/quest=10608"", ""Crystal Clear"")"	
"=HYPERLINK(""https://www.wowhead.com/tbc/quest=10609"", ""What Came First, the Drake or the Egg?"")"	
"=HYPERLINK(""https://www.wowhead.com/tbc/quest=10620"", ""Ridgespine Menace"")"	
"=HYPERLINK(""https://www.wowhead.com/tbc/quest=10632"", ""Cutting Your Teeth"")"	
"=HYPERLINK(""https://www.wowhead.com/tbc/quest=10657"", ""Ride the Lightning"")"	
"=HYPERLINK(""https://www.wowhead.com/tbc/quest=10671"", ""More than a Pound of Flesh"")"	
"=HYPERLINK(""https://www.wowhead.com/tbc/quest=10674"", ""Trapping the Light Fantastic"")"	
"=HYPERLINK(""https://www.wowhead.com/tbc/quest=10713"", ""...and a Time for Action"")"	
"=HYPERLINK(""https://www.wowhead.com/tbc/quest=10714"", ""On Spirit's Wings"")"	
"=HYPERLINK(""https://www.wowhead.com/tbc/quest=10715"", ""Into the Churning Gulch"")"	
"=HYPERLINK(""https://www.wowhead.com/tbc/quest=10717"", ""Poaching from Poachers"")"	
"=HYPERLINK(""https://www.wowhead.com/tbc/quest=10720"", ""The Smallest Creatures"")"	
"=HYPERLINK(""https://www.wowhead.com/tbc/quest=10721"", ""A Boaring Time for Grulloc"")"	
"=HYPERLINK(""https://www.wowhead.com/tbc/quest=10724"", ""Prisoner of the Bladespire"")"	
"=HYPERLINK(""https://www.wowhead.com/tbc/quest=10753"", ""Culling the Wild"")"	
"=HYPERLINK(""https://www.wowhead.com/tbc/quest=10770"", ""Little Embers"")"	
"=HYPERLINK(""https://www.wowhead.com/tbc/quest=10771"", ""From the Ashes"")"	
"=HYPERLINK(""https://www.wowhead.com/tbc/quest=10784"", ""Crush the Bloodmaul Camp"")"	
"=HYPERLINK(""https://www.wowhead.com/tbc/quest=10795"", ""A Date with Dorgok"")"	
"=HYPERLINK(""https://www.wowhead.com/tbc/quest=10796"", ""Crush the Bloodmaul Camp!"")"	
"=HYPERLINK(""https://www.wowhead.com/tbc/quest=10799"", ""Into the Churning Gulch"")"	
"=HYPERLINK(""https://www.wowhead.com/tbc/quest=10800"", ""Goodnight, Gronn"")"	
"=HYPERLINK(""https://www.wowhead.com/tbc/quest=10805"", ""Massacre at Gruul's Lair"")"	
"=HYPERLINK(""https://www.wowhead.com/tbc/quest=10846"", ""Understanding the Mok'Nathal"")"	
"=HYPERLINK(""https://www.wowhead.com/tbc/quest=10851"", ""The Totems of My Enemy"")"	
"=HYPERLINK(""https://www.wowhead.com/tbc/quest=10853"", ""Spirit Calling"")"	
"=HYPERLINK(""https://www.wowhead.com/tbc/quest=10859"", ""Gather the Orbs"")"	
"=HYPERLINK(""https://www.wowhead.com/tbc/quest=10860"", ""Mok'Nathal Treats"")"	
"=HYPERLINK(""https://www.wowhead.com/tbc/quest=10893"", ""Longtail is the Lynchpin"")"	
"=HYPERLINK(""https://www.wowhead.com/tbc/quest=9852"", ""The Ultimate Bloodsport"")"	
"=HYPERLINK(""https://www.wowhead.com/tbc/quest=9999"", ""Buying Time"")"	
"=HYPERLINK(""https://www.wowhead.com/tbc/quest=10001"", ""The Master Planner"")"	
"=HYPERLINK(""https://www.wowhead.com/tbc/quest=10009"", ""Crackin' Some Skulls"")"	
"=HYPERLINK(""https://www.wowhead.com/tbc/quest=10011"", ""Forge Camp: Annihilated"")"	
"=HYPERLINK(""https://www.wowhead.com/tbc/quest=10045"", ""Material Components"")"	
"=HYPERLINK(""https://www.wowhead.com/tbc/quest=10082"", ""The Agitated Ancestors"")"	
"=HYPERLINK(""https://www.wowhead.com/tbc/quest=10085"", ""A Visit With The Ancestors"")"	
"=HYPERLINK(""https://www.wowhead.com/tbc/quest=10167"", ""Auchindoun..."")"	
"=HYPERLINK(""https://www.wowhead.com/tbc/quest=10168"", ""What the Soul Sees"")"	
"=HYPERLINK(""https://www.wowhead.com/tbc/quest=10173"", ""The Archmage's Staff"")"	
"=HYPERLINK(""https://www.wowhead.com/tbc/quest=10176"", ""Ar'kelos the Guardian"")"	
"=HYPERLINK(""https://www.wowhead.com/tbc/quest=10182"", ""Battle-Mage Dathric"")"	
"=HYPERLINK(""https://www.wowhead.com/tbc/quest=10184"", ""Malevolent Remnants"")"	
"=HYPERLINK(""https://www.wowhead.com/tbc/quest=10185"", ""A Fate Worse Than Death"")"	
"=HYPERLINK(""https://www.wowhead.com/tbc/quest=10186"", ""You're Hired!"")"	
"=HYPERLINK(""https://www.wowhead.com/tbc/quest=10189"", ""Manaforge B'naar"")"	
"=HYPERLINK(""https://www.wowhead.com/tbc/quest=10190"", ""Recharging the Batteries"")"	
"=HYPERLINK(""https://www.wowhead.com/tbc/quest=10193"", ""High Value Targets"")"	
"=HYPERLINK(""https://www.wowhead.com/tbc/quest=10197"", ""A Convincing Disguise"")"	
"=HYPERLINK(""https://www.wowhead.com/tbc/quest=10199"", ""That Little Extra Kick"")"	
"=HYPERLINK(""https://www.wowhead.com/tbc/quest=10206"", ""Pick Your Part"")"	
"=HYPERLINK(""https://www.wowhead.com/tbc/quest=10221"", ""Dr. Boom!"")"	
"=HYPERLINK(""https://www.wowhead.com/tbc/quest=10224"", ""Essence for the Engines"")"	
"=HYPERLINK(""https://www.wowhead.com/tbc/quest=10226"", ""Elemental Power Extraction"")"	
"=HYPERLINK(""https://www.wowhead.com/tbc/quest=10241"", ""Distraction at Manaforge B'naar"")"	
"=HYPERLINK(""https://www.wowhead.com/tbc/quest=10246"", ""Attack on Manaforge Coruu"")"	
"=HYPERLINK(""https://www.wowhead.com/tbc/quest=10261"", ""Wanted: Annihilator Servo!"")"	
"=HYPERLINK(""https://www.wowhead.com/tbc/quest=10262"", ""A Heap of Ethereals"")"	
"=HYPERLINK(""https://www.wowhead.com/tbc/quest=10283"", ""Taretha's Diversion"")"	
"=HYPERLINK(""https://www.wowhead.com/tbc/quest=10284"", ""Escape from Durnholde"")"	
"=HYPERLINK(""https://www.wowhead.com/tbc/quest=10299"", ""Shutting Down Manaforge B'naar"")"	
"=HYPERLINK(""https://www.wowhead.com/tbc/quest=10308"", ""Another Heap of Ethereals"")"	
"=HYPERLINK(""https://www.wowhead.com/tbc/quest=10309"", ""It's a Fel Reaver, But with Heart"")"	
"=HYPERLINK(""https://www.wowhead.com/tbc/quest=10313"", ""Measuring Warp Energies"")"	
"=HYPERLINK(""https://www.wowhead.com/tbc/quest=10329"", ""Shutting Down Manaforge B'naar"")"	
"=HYPERLINK(""https://www.wowhead.com/tbc/quest=10342"", ""Securing the Shaleskin Shale"")"	
"=HYPERLINK(""https://www.wowhead.com/tbc/quest=10417"", ""Run a Diagnostic!"")"	
"=HYPERLINK(""https://www.wowhead.com/tbc/quest=10418"", ""Deal With the Saboteurs"")"	
"=HYPERLINK(""https://www.wowhead.com/tbc/quest=10477"", ""More Warbeads"")"	
"=HYPERLINK(""https://www.wowhead.com/tbc/quest=10478"", ""More Warbeads!"")"	
"=HYPERLINK(""https://www.wowhead.com/tbc/quest=10607"", ""Whispers of the Raven God"")"	
"=HYPERLINK(""https://www.wowhead.com/tbc/quest=10675"", ""Show Them Gnome Mercy!"")"	
"=HYPERLINK(""https://www.wowhead.com/tbc/quest=10701"", ""Breaking Down Netherock"")"	
"=HYPERLINK(""https://www.wowhead.com/tbc/quest=10723"", ""Gorgrom the Dragon-Eater"")"	
"=HYPERLINK(""https://www.wowhead.com/tbc/quest=10747"", ""Whelps of the Wyrmcult"")"	
"=HYPERLINK(""https://www.wowhead.com/tbc/quest=10748"", ""Maxnar Must Die!"")"	
"=HYPERLINK(""https://www.wowhead.com/tbc/quest=10786"", ""Slaughter at Boulder'mok"")"	
"=HYPERLINK(""https://www.wowhead.com/tbc/quest=10802"", ""Gorgrom the Dragon-Eater"")"	
"=HYPERLINK(""https://www.wowhead.com/tbc/quest=10803"", ""Slaughter at Boulder'mok"")"	
"=HYPERLINK(""https://www.wowhead.com/tbc/quest=10820"", ""Deceive thy Enemy"")"	
"=HYPERLINK(""https://www.wowhead.com/tbc/quest=10821"", ""You're Fired!"")"	
"=HYPERLINK(""https://www.wowhead.com/tbc/quest=10830"", ""Exorcising the Trees"")"	
"=HYPERLINK(""https://www.wowhead.com/tbc/quest=10843"", ""Since Time Forgotten..."")"	
"=HYPERLINK(""https://www.wowhead.com/tbc/quest=10845"", ""Slay the Brood Mother"")"	
"=HYPERLINK(""https://www.wowhead.com/tbc/quest=10867"", ""There Can Be Only One Response"")"	
"=HYPERLINK(""https://www.wowhead.com/tbc/quest=10904"", ""Harvesting the Fel Ammunition"")"	
"=HYPERLINK(""https://www.wowhead.com/tbc/quest=10911"", ""Fire At Will!"")"	
"=HYPERLINK(""https://www.wowhead.com/tbc/quest=10912"", ""The Hound-Master"")"	
"=HYPERLINK(""https://www.wowhead.com/wotlk/quest=12513"", ""Nice Hat..."")"	
"=HYPERLINK(""https://www.wowhead.com/tbc/quest=10097"", ""Brother Against Brother"")"	
"=HYPERLINK(""https://www.wowhead.com/tbc/quest=10098"", ""Terokk's Legacy"")"	
"=HYPERLINK(""https://www.wowhead.com/tbc/quest=10188"", ""The Sigil of Krasus"")"	
"=HYPERLINK(""https://www.wowhead.com/tbc/quest=10192"", ""Krasus's Compendium"")"	
"=HYPERLINK(""https://www.wowhead.com/tbc/quest=10203"", ""Invaluable Asset Zapping"")"	
"=HYPERLINK(""https://www.wowhead.com/tbc/quest=10205"", ""Warp-Raider Nesaad"")"	
"=HYPERLINK(""https://www.wowhead.com/tbc/quest=10209"", ""Summoner Kanthin's Prize"")"	
"=HYPERLINK(""https://www.wowhead.com/tbc/quest=10222"", ""The Sunfury Garrison"")"	
"=HYPERLINK(""https://www.wowhead.com/tbc/quest=10223"", ""Down With Daellis"")"	
"=HYPERLINK(""https://www.wowhead.com/tbc/quest=10232"", ""In A Scrap With The Legion"")"	
"=HYPERLINK(""https://www.wowhead.com/tbc/quest=10233"", ""Torching Sunfury Hold"")"	
"=HYPERLINK(""https://www.wowhead.com/tbc/quest=10234"", ""One Demon's Trash..."")"	
"=HYPERLINK(""https://www.wowhead.com/tbc/quest=10235"", ""Declawing Doomclaw"")"	
"=HYPERLINK(""https://www.wowhead.com/tbc/quest=10239"", ""Potential Energy Source"")"	
"=HYPERLINK(""https://www.wowhead.com/tbc/quest=10240"", ""Building a Perimeter"")"	
"=HYPERLINK(""https://www.wowhead.com/tbc/quest=10248"", ""You, Robot"")"	
"=HYPERLINK(""https://www.wowhead.com/tbc/quest=10256"", ""Finding the Keymaster"")"	
"=HYPERLINK(""https://www.wowhead.com/tbc/quest=10265"", ""Consortium Crystal Collection"")"	
"=HYPERLINK(""https://www.wowhead.com/tbc/quest=10267"", ""Rightful Repossession"")"	
"=HYPERLINK(""https://www.wowhead.com/tbc/quest=10293"", ""Hitting the Motherlode"")"	
"=HYPERLINK(""https://www.wowhead.com/tbc/quest=10300"", ""Rebuilding the Staff"")"	
"=HYPERLINK(""https://www.wowhead.com/tbc/quest=10301"", ""Unlocking the Compendium"")"	
"=HYPERLINK(""https://www.wowhead.com/tbc/quest=10305"", ""Abjurist Belmara"")"	
"=HYPERLINK(""https://www.wowhead.com/tbc/quest=10306"", ""Conjurer Luminrath"")"	
"=HYPERLINK(""https://www.wowhead.com/tbc/quest=10307"", ""Cohlien Frostweaver"")"	
"=HYPERLINK(""https://www.wowhead.com/tbc/quest=10312"", ""The Annals of Kirin'Var"")"	
"=HYPERLINK(""https://www.wowhead.com/tbc/quest=10314"", ""A Lingering Suspicion"")"	
"=HYPERLINK(""https://www.wowhead.com/tbc/quest=10319"", ""Capturing the Phylactery"")"	
"=HYPERLINK(""https://www.wowhead.com/tbc/quest=10320"", ""Destroy Naberius!"")"	
"=HYPERLINK(""https://www.wowhead.com/tbc/quest=10321"", ""Shutting Down Manaforge Coruu"")"	
"=HYPERLINK(""https://www.wowhead.com/tbc/quest=10330"", ""Shutting Down Manaforge Coruu"")"	
"=HYPERLINK(""https://www.wowhead.com/tbc/quest=10331"", ""Indispensable Tools"")"	
"=HYPERLINK(""https://www.wowhead.com/tbc/quest=10332"", ""Master Smith Rhonsus"")"	
"=HYPERLINK(""https://www.wowhead.com/tbc/quest=10343"", ""The Unending Invasion"")"	
"=HYPERLINK(""https://www.wowhead.com/tbc/quest=10348"", ""New Opportunities"")"	
"=HYPERLINK(""https://www.wowhead.com/tbc/quest=10424"", ""Diagnosis: Critical"")"	
"=HYPERLINK(""https://www.wowhead.com/tbc/quest=10426"", ""Flora of the Eco-Domes"")"	
"=HYPERLINK(""https://www.wowhead.com/tbc/quest=10427"", ""Creatures of the Eco-Domes"")"	
"=HYPERLINK(""https://www.wowhead.com/tbc/quest=10429"", ""When Nature Goes Too Far"")"	
"=HYPERLINK(""https://www.wowhead.com/tbc/quest=10433"", ""Keeping Up Appearances"")"	
"=HYPERLINK(""https://www.wowhead.com/tbc/quest=10435"", ""Retrieving the Goods"")"	
"=HYPERLINK(""https://www.wowhead.com/tbc/quest=10436"", ""All Clear!"")"	
"=HYPERLINK(""https://www.wowhead.com/tbc/quest=10562"", ""Besieged!"")"	
"=HYPERLINK(""https://www.wowhead.com/tbc/quest=10563"", ""To Legion Hold"")"	
"=HYPERLINK(""https://www.wowhead.com/tbc/quest=10564"", ""Blast the Infernals!"")"	
"=HYPERLINK(""https://www.wowhead.com/tbc/quest=10569"", ""The Sketh'lon Wreckage"")"	
"=HYPERLINK(""https://www.wowhead.com/tbc/quest=10572"", ""Setting Up the Bomb"")"	
"=HYPERLINK(""https://www.wowhead.com/tbc/quest=10582"", ""Minions of the Shadow Council"")"	
"=HYPERLINK(""https://www.wowhead.com/tbc/quest=10583"", ""The Fate of Flanis"")"	
"=HYPERLINK(""https://www.wowhead.com/tbc/quest=10585"", ""The Summoning Chamber"")"	
"=HYPERLINK(""https://www.wowhead.com/tbc/quest=10586"", ""Bring Down the Warbringer!"")"	
"=HYPERLINK(""https://www.wowhead.com/tbc/quest=10589"", ""Gaining Access"")"	
"=HYPERLINK(""https://www.wowhead.com/tbc/quest=10595"", ""Besieged!"")"	
"=HYPERLINK(""https://www.wowhead.com/tbc/quest=10596"", ""To Legion Hold"")"	
"=HYPERLINK(""https://www.wowhead.com/tbc/quest=10597"", ""Setting Up the Bomb"")"	
"=HYPERLINK(""https://www.wowhead.com/tbc/quest=10598"", ""Blast the Infernals!"")"	
"=HYPERLINK(""https://www.wowhead.com/tbc/quest=10600"", ""Minions of the Shadow Council"")"	
"=HYPERLINK(""https://www.wowhead.com/tbc/quest=10601"", ""The Fate of Kagrosh"")"	
"=HYPERLINK(""https://www.wowhead.com/tbc/quest=10602"", ""The Summoning Chamber"")"	
"=HYPERLINK(""https://www.wowhead.com/tbc/quest=10603"", ""Bring Down the Warbringer!"")"	
"=HYPERLINK(""https://www.wowhead.com/tbc/quest=10604"", ""Gaining Access"")"	
"=HYPERLINK(""https://www.wowhead.com/tbc/quest=10606"", ""The Art of Fel Reaver Maintenance"")"	
"=HYPERLINK(""https://www.wowhead.com/tbc/quest=10611"", ""The Art of Fel Reaver Maintenance"")"	
"=HYPERLINK(""https://www.wowhead.com/tbc/quest=10612"", ""The Fel and the Furious"")"	
"=HYPERLINK(""https://www.wowhead.com/tbc/quest=10613"", ""The Fel and the Furious"")"	
"=HYPERLINK(""https://www.wowhead.com/tbc/quest=10624"", ""A Haunted History"")"	
"=HYPERLINK(""https://www.wowhead.com/tbc/quest=10625"", ""Spectrecles"")"	
"=HYPERLINK(""https://www.wowhead.com/tbc/quest=10626"", ""Capture the Weapons"")"	
"=HYPERLINK(""https://www.wowhead.com/tbc/quest=10627"", ""Capture the Weapons"")"	
"=HYPERLINK(""https://www.wowhead.com/tbc/quest=10642"", ""A Ghost in the Machine"")"	
"=HYPERLINK(""https://www.wowhead.com/tbc/quest=10643"", ""Harbingers of Shadowmoon"")"	
"=HYPERLINK(""https://www.wowhead.com/tbc/quest=10660"", ""What Strange Creatures..."")"	
"=HYPERLINK(""https://www.wowhead.com/tbc/quest=10661"", ""Spleendid!"")"	
"=HYPERLINK(""https://www.wowhead.com/tbc/quest=10664"", ""Additional Materials"")"	
"=HYPERLINK(""https://www.wowhead.com/tbc/quest=10665"", ""Fresh from the Mechanar"")"	
"=HYPERLINK(""https://www.wowhead.com/tbc/quest=10666"", ""The Lexicon Demonica"")"	
"=HYPERLINK(""https://www.wowhead.com/tbc/quest=10672"", ""Frankly, It Makes No Sense..."")"	
"=HYPERLINK(""https://www.wowhead.com/tbc/quest=10677"", ""The Second Course..."")"	
"=HYPERLINK(""https://www.wowhead.com/tbc/quest=10702"", ""A Grunt's Work..."")"	
"=HYPERLINK(""https://www.wowhead.com/tbc/quest=10703"", ""Put On Yer Kneepads..."")"	
"=HYPERLINK(""https://www.wowhead.com/tbc/quest=10760"", ""The Sketh'lon Wreckage"")"	
"=HYPERLINK(""https://www.wowhead.com/tbc/quest=10777"", ""Asghar's Totem"")"	
"=HYPERLINK(""https://www.wowhead.com/tbc/quest=10778"", ""The Rod of Lianthe"")"	
"=HYPERLINK(""https://www.wowhead.com/tbc/quest=10780"", ""Sketh'lon Feathers"")"	
"=HYPERLINK(""https://www.wowhead.com/tbc/quest=10782"", ""Imbuing the Headpiece"")"	
"=HYPERLINK(""https://www.wowhead.com/tbc/quest=10808"", ""Thwart the Dark Conclave"")"	
"=HYPERLINK(""https://www.wowhead.com/tbc/quest=10855"", ""Fel Reavers, No Thanks!"")"	
"=HYPERLINK(""https://www.wowhead.com/tbc/quest=10856"", ""The Best Defense"")"	
"=HYPERLINK(""https://www.wowhead.com/tbc/quest=10857"", ""Teleport This!"")"	
"=HYPERLINK(""https://www.wowhead.com/tbc/quest=10924"", ""Bloody Imp-ossible!"")"	
"=HYPERLINK(""https://www.wowhead.com/tbc/quest=9492"", ""Turning the Tide"")"	
"=HYPERLINK(""https://www.wowhead.com/tbc/quest=9493"", ""Pride of the Fel Horde"")"	
"=HYPERLINK(""https://www.wowhead.com/tbc/quest=9494"", ""Fel Embers"")"	
"=HYPERLINK(""https://www.wowhead.com/tbc/quest=9495"", ""The Will of the Warchief"")"	
"=HYPERLINK(""https://www.wowhead.com/tbc/quest=9496"", ""Pride of the Fel Horde"")"	
"=HYPERLINK(""https://www.wowhead.com/tbc/quest=9524"", ""Imprisoned in the Citadel"")"	
"=HYPERLINK(""https://www.wowhead.com/tbc/quest=9525"", ""Imprisoned in the Citadel"")"	
"=HYPERLINK(""https://www.wowhead.com/tbc/quest=9637"", ""Kalynna's Request"")"	
"=HYPERLINK(""https://www.wowhead.com/tbc/quest=9640"", ""The Shade of Aran"")"	
"=HYPERLINK(""https://www.wowhead.com/tbc/quest=9644"", ""Nightbane"")"	
"=HYPERLINK(""https://www.wowhead.com/tbc/quest=9645"", ""The Master's Terrace"")"	
"=HYPERLINK(""https://www.wowhead.com/tbc/quest=9680"", ""Digging Up the Past"")"	
"=HYPERLINK(""https://www.wowhead.com/tbc/quest=9763"", ""The Warlord's Hideout"")"	
"=HYPERLINK(""https://www.wowhead.com/tbc/quest=9765"", ""Preparing for War"")"	
"=HYPERLINK(""https://www.wowhead.com/tbc/quest=9766"", ""Coilfang Armaments"")"	
"=HYPERLINK(""https://www.wowhead.com/tbc/quest=9824"", ""Arcane Disturbances"")"	
"=HYPERLINK(""https://www.wowhead.com/tbc/quest=9825"", ""Restless Activity"")"	
"=HYPERLINK(""https://www.wowhead.com/tbc/quest=9831"", ""Entry Into Karazhan"")"	
"=HYPERLINK(""https://www.wowhead.com/tbc/quest=9832"", ""The Second and Third Fragments"")"	
"=HYPERLINK(""https://www.wowhead.com/tbc/quest=9843"", ""Keanna's Log"")"	
"=HYPERLINK(""https://www.wowhead.com/tbc/quest=9844"", ""A Demonic Presence"")"	
"=HYPERLINK(""https://www.wowhead.com/tbc/quest=10091"", ""The Soul Devices"")"	
"=HYPERLINK(""https://www.wowhead.com/tbc/quest=10095"", ""Into the Heart of the Labyrinth"")"	
"=HYPERLINK(""https://www.wowhead.com/tbc/quest=10257"", ""Capturing the Keystone"")"	
"=HYPERLINK(""https://www.wowhead.com/tbc/quest=10270"", ""A Not-So-Modest Proposal"")"	
"=HYPERLINK(""https://www.wowhead.com/tbc/quest=10271"", ""Getting Down to Business"")"	
"=HYPERLINK(""https://www.wowhead.com/tbc/quest=10272"", ""A Promising Start"")"	
"=HYPERLINK(""https://www.wowhead.com/tbc/quest=10273"", ""Troublesome Distractions"")"	
"=HYPERLINK(""https://www.wowhead.com/tbc/quest=10274"", ""Securing the Celestial Ridge"")"	
"=HYPERLINK(""https://www.wowhead.com/tbc/quest=10276"", ""Full Triangle"")"	
"=HYPERLINK(""https://www.wowhead.com/tbc/quest=10290"", ""In Search of Farahlite"")"	
"=HYPERLINK(""https://www.wowhead.com/tbc/quest=10315"", ""Neutralizing the Nethermancers"")"	
"=HYPERLINK(""https://www.wowhead.com/tbc/quest=10318"", ""Dealing with the Overmaster"")"	
"=HYPERLINK(""https://www.wowhead.com/tbc/quest=10322"", ""Shutting Down Manaforge Duro"")"	
"=HYPERLINK(""https://www.wowhead.com/tbc/quest=10323"", ""Shutting Down Manaforge Ara"")"	
"=HYPERLINK(""https://www.wowhead.com/tbc/quest=10328"", ""Sunfury Briefings"")"	
"=HYPERLINK(""https://www.wowhead.com/tbc/quest=10335"", ""Surveying the Ruins"")"	
"=HYPERLINK(""https://www.wowhead.com/tbc/quest=10336"", ""The Minions of Culuthas"")"	
"=HYPERLINK(""https://www.wowhead.com/tbc/quest=10338"", ""Shutting Down Manaforge Duro"")"	
"=HYPERLINK(""https://www.wowhead.com/tbc/quest=10339"", ""The Ethereum"")"	
"=HYPERLINK(""https://www.wowhead.com/tbc/quest=10341"", ""Kick Them While They're Down"")"	
"=HYPERLINK(""https://www.wowhead.com/tbc/quest=10345"", ""The Flesh Lies..."")"	
"=HYPERLINK(""https://www.wowhead.com/tbc/quest=10353"", ""Arconus the Insatiable"")"	
"=HYPERLINK(""https://www.wowhead.com/tbc/quest=10365"", ""Shutting Down Manaforge Ara"")"	
"=HYPERLINK(""https://www.wowhead.com/tbc/quest=10380"", ""A Dark Pact"")"	
"=HYPERLINK(""https://www.wowhead.com/tbc/quest=10384"", ""Ethereum Data"")"	
"=HYPERLINK(""https://www.wowhead.com/tbc/quest=10385"", ""Potential for Brain Damage = High"")"	
"=HYPERLINK(""https://www.wowhead.com/tbc/quest=10405"", ""S-A-B-O-T-A-G-E"")"	
"=HYPERLINK(""https://www.wowhead.com/tbc/quest=10407"", ""Socrethar's Shadow"")"	
"=HYPERLINK(""https://www.wowhead.com/tbc/quest=10408"", ""Nexus-King Salhadaar"")"	
"=HYPERLINK(""https://www.wowhead.com/tbc/quest=10409"", ""Deathblow to the Legion"")"	
"=HYPERLINK(""https://www.wowhead.com/tbc/quest=10411"", ""Electro-Shock Goodness!"")"	
"=HYPERLINK(""https://www.wowhead.com/tbc/quest=10414"", ""Single Firewing Signet"")"	
"=HYPERLINK(""https://www.wowhead.com/tbc/quest=10415"", ""More Firewing Signets"")"	
"=HYPERLINK(""https://www.wowhead.com/tbc/quest=10416"", ""Synthesis of Power"")"	
"=HYPERLINK(""https://www.wowhead.com/tbc/quest=10419"", ""Arcane Tomes"")"	
"=HYPERLINK(""https://www.wowhead.com/tbc/quest=10420"", ""A Cleansing Light"")"	
"=HYPERLINK(""https://www.wowhead.com/tbc/quest=10421"", ""Fel Armaments"")"	
"=HYPERLINK(""https://www.wowhead.com/tbc/quest=10422"", ""Captain Tyralius"")"	
"=HYPERLINK(""https://www.wowhead.com/tbc/quest=10432"", ""Damning Evidence"")"	
"=HYPERLINK(""https://www.wowhead.com/tbc/quest=10437"", ""Recipe for Destruction"")"	
"=HYPERLINK(""https://www.wowhead.com/tbc/quest=10438"", ""On Nethery Wings"")"	
"=HYPERLINK(""https://www.wowhead.com/tbc/quest=10439"", ""Dimensius the All-Devouring"")"	
"=HYPERLINK(""https://www.wowhead.com/tbc/quest=10458"", ""Enraged Spirits of Fire and Earth"")"	
"=HYPERLINK(""https://www.wowhead.com/tbc/quest=10480"", ""Enraged Spirits of Water"")"	
"=HYPERLINK(""https://www.wowhead.com/tbc/quest=10481"", ""Enraged Spirits of Air"")"	
"=HYPERLINK(""https://www.wowhead.com/tbc/quest=10507"", ""Turning Point"")"	
"=HYPERLINK(""https://www.wowhead.com/tbc/quest=10508"", ""A Gift for Voren'thal"")"	
"=HYPERLINK(""https://www.wowhead.com/tbc/quest=10514"", ""I Was A Lot Of Things..."")"	
"=HYPERLINK(""https://www.wowhead.com/tbc/quest=10515"", ""A Lesson Learned"")"	
"=HYPERLINK(""https://www.wowhead.com/tbc/quest=10522"", ""The Cipher of Damnation - Grom'tor's Charge"")"	
"=HYPERLINK(""https://www.wowhead.com/tbc/quest=10528"", ""Demonic Crystal Prisons"")"	
"=HYPERLINK(""https://www.wowhead.com/tbc/quest=10537"", ""Lohn'goron, Bow of the Torn-heart"")"	
"=HYPERLINK(""https://www.wowhead.com/tbc/quest=10540"", ""The Cipher of Damnation - Ar'tor's Charge"")"	
"=HYPERLINK(""https://www.wowhead.com/tbc/quest=10547"", ""Of Thistleheads and Eggs..."")"	
"=HYPERLINK(""https://www.wowhead.com/tbc/quest=10568"", ""Tablets of Baa'ri"")"	
"=HYPERLINK(""https://www.wowhead.com/tbc/quest=10570"", ""To Catch A Thistlehead"")"	
"=HYPERLINK(""https://www.wowhead.com/tbc/quest=10571"", ""Oronu the Elder"")"	
"=HYPERLINK(""https://www.wowhead.com/tbc/quest=10574"", ""The Ashtongue Corruptors"")"	
"=HYPERLINK(""https://www.wowhead.com/tbc/quest=10576"", ""The Shadowmoon Shuffle"")"	
"=HYPERLINK(""https://www.wowhead.com/tbc/quest=10578"", ""The Cipher of Damnation - Borak's Charge"")"	
"=HYPERLINK(""https://www.wowhead.com/tbc/quest=10587"", ""Karabor Training Grounds"")"	
"=HYPERLINK(""https://www.wowhead.com/tbc/quest=10588"", ""The Cipher of Damnation"")"	
"=HYPERLINK(""https://www.wowhead.com/tbc/quest=10619"", ""The Ashtongue Tribe"")"	
"=HYPERLINK(""https://www.wowhead.com/tbc/quest=10622"", ""Proof of Allegiance"")"	
"=HYPERLINK(""https://www.wowhead.com/tbc/quest=10634"", ""Divination: Gorefiend's Armor"")"	
"=HYPERLINK(""https://www.wowhead.com/tbc/quest=10635"", ""Divination: Gorefiend's Cloak"")"	
"=HYPERLINK(""https://www.wowhead.com/tbc/quest=10636"", ""Divination: Gorefiend's Truncheon"")"	
"=HYPERLINK(""https://www.wowhead.com/tbc/quest=10637"", ""A Necessary Distraction"")"	
"=HYPERLINK(""https://www.wowhead.com/tbc/quest=10639"", ""Teron Gorefiend, I am..."")"	
"=HYPERLINK(""https://www.wowhead.com/tbc/quest=10641"", ""Against the Legion"")"	
"=HYPERLINK(""https://www.wowhead.com/tbc/quest=10645"", ""Teron Gorefiend, I am..."")"	
"=HYPERLINK(""https://www.wowhead.com/tbc/quest=10647"", ""Wanted: Uvuros, Scourge of Shadowmoon"")"	
"=HYPERLINK(""https://www.wowhead.com/tbc/quest=10648"", ""Wanted: Uvuros, Scourge of Shadowmoon"")"	
"=HYPERLINK(""https://www.wowhead.com/tbc/quest=10649"", ""The Book of Fel Names"")"	
"=HYPERLINK(""https://www.wowhead.com/tbc/quest=10651"", ""Varedis Must Be Stopped"")"	
"=HYPERLINK(""https://www.wowhead.com/tbc/quest=10653"", ""Marks of Sargeras"")"	
"=HYPERLINK(""https://www.wowhead.com/tbc/quest=10654"", ""More Marks of Sargeras"")"	
"=HYPERLINK(""https://www.wowhead.com/tbc/quest=10655"", ""Single Mark of Sargeras"")"	
"=HYPERLINK(""https://www.wowhead.com/tbc/quest=10656"", ""Sunfury Signets"")"	
"=HYPERLINK(""https://www.wowhead.com/tbc/quest=10658"", ""More Sunfury Signets"")"	
"=HYPERLINK(""https://www.wowhead.com/tbc/quest=10659"", ""Single Sunfury Signet"")"	
"=HYPERLINK(""https://www.wowhead.com/tbc/quest=10667"", ""Underworld Loam"")"	
"=HYPERLINK(""https://www.wowhead.com/tbc/quest=10668"", ""Against the Illidari"")"	
"=HYPERLINK(""https://www.wowhead.com/tbc/quest=10669"", ""Against All Odds"")"	
"=HYPERLINK(""https://www.wowhead.com/tbc/quest=10670"", ""Tear of the Earthmother"")"	
"=HYPERLINK(""https://www.wowhead.com/tbc/quest=10673"", ""Felspine the Greater"")"	
"=HYPERLINK(""https://www.wowhead.com/tbc/quest=10678"", ""The Main Course!"")"	
"=HYPERLINK(""https://www.wowhead.com/tbc/quest=10679"", ""Quenching the Blade"")"	
"=HYPERLINK(""https://www.wowhead.com/tbc/quest=10683"", ""Tablets of Baa'ri"")"	
"=HYPERLINK(""https://www.wowhead.com/tbc/quest=10684"", ""Oronu the Elder"")"	
"=HYPERLINK(""https://www.wowhead.com/tbc/quest=10685"", ""The Ashtongue Corruptors"")"	
"=HYPERLINK(""https://www.wowhead.com/tbc/quest=10687"", ""Karabor Training Grounds"")"	
"=HYPERLINK(""https://www.wowhead.com/tbc/quest=10688"", ""A Necessary Distraction"")"	
"=HYPERLINK(""https://www.wowhead.com/tbc/quest=10692"", ""Varedis Must Be Stopped"")"	
"=HYPERLINK(""https://www.wowhead.com/tbc/quest=10704"", ""How to Break Into the Arcatraz"")"	
"=HYPERLINK(""https://www.wowhead.com/tbc/quest=10707"", ""The Ata'mal Terrace"")"	
"=HYPERLINK(""https://www.wowhead.com/tbc/quest=10742"", ""Showdown"")"	
"=HYPERLINK(""https://www.wowhead.com/tbc/quest=10750"", ""The Path of Conquest"")"	
"=HYPERLINK(""https://www.wowhead.com/tbc/quest=10751"", ""Breaching the Path"")"	
"=HYPERLINK(""https://www.wowhead.com/tbc/quest=10757"", ""Rohok's Request"")"	
"=HYPERLINK(""https://www.wowhead.com/tbc/quest=10758"", ""Hotter than Hell"")"	
"=HYPERLINK(""https://www.wowhead.com/tbc/quest=10763"", ""Dumphry's Request"")"	
"=HYPERLINK(""https://www.wowhead.com/tbc/quest=10764"", ""Hotter than Hell"")"	
"=HYPERLINK(""https://www.wowhead.com/tbc/quest=10765"", ""When Worlds Collide..."")"	
"=HYPERLINK(""https://www.wowhead.com/tbc/quest=10768"", ""Tabards of the Illidari"")"	
"=HYPERLINK(""https://www.wowhead.com/tbc/quest=10769"", ""Dissension Amongst the Ranks..."")"	
"=HYPERLINK(""https://www.wowhead.com/tbc/quest=10772"", ""The Path of Conquest"")"	
"=HYPERLINK(""https://www.wowhead.com/tbc/quest=10773"", ""Breaching the Path"")"	
"=HYPERLINK(""https://www.wowhead.com/tbc/quest=10774"", ""Blood Elf + Giant = ???"")"	
"=HYPERLINK(""https://www.wowhead.com/tbc/quest=10775"", ""Tabards of the Illidari"")"	
"=HYPERLINK(""https://www.wowhead.com/tbc/quest=10776"", ""Dissension Amongst the Ranks..."")"	
"=HYPERLINK(""https://www.wowhead.com/tbc/quest=10804"", ""Kindness"")"	
"=HYPERLINK(""https://www.wowhead.com/tbc/quest=10806"", ""Showdown"")"	
"=HYPERLINK(""https://www.wowhead.com/tbc/quest=10807"", ""The Ashtongue Broken"")"	
"=HYPERLINK(""https://www.wowhead.com/tbc/quest=10816"", ""Reclaiming Holy Grounds"")"	
"=HYPERLINK(""https://www.wowhead.com/tbc/quest=10817"", ""The Great Retribution"")"	
"=HYPERLINK(""https://www.wowhead.com/tbc/quest=10822"", ""Single Sunfury Signet"")"	
"=HYPERLINK(""https://www.wowhead.com/tbc/quest=10823"", ""More Sunfury Signets"")"	
"=HYPERLINK(""https://www.wowhead.com/tbc/quest=10824"", ""Sunfury Signets"")"	
"=HYPERLINK(""https://www.wowhead.com/tbc/quest=10826"", ""Marks of Sargeras"")"	
"=HYPERLINK(""https://www.wowhead.com/tbc/quest=10827"", ""More Marks of Sargeras"")"	
"=HYPERLINK(""https://www.wowhead.com/tbc/quest=10828"", ""Single Mark of Sargeras"")"	
"=HYPERLINK(""https://www.wowhead.com/tbc/quest=10831"", ""Becoming a Mooncloth Tailor"")"	
"=HYPERLINK(""https://www.wowhead.com/tbc/quest=10832"", ""Becoming a Spellfire Tailor"")"	
"=HYPERLINK(""https://www.wowhead.com/tbc/quest=10833"", ""Becoming a Shadoweave Tailor"")"	
"=HYPERLINK(""https://www.wowhead.com/tbc/quest=10836"", ""Infiltrating Dragonmaw Fortress"")"	
"=HYPERLINK(""https://www.wowhead.com/tbc/quest=10837"", ""To Netherwing Ledge!"")"	
"=HYPERLINK(""https://www.wowhead.com/tbc/quest=10850"", ""Nether Gas In a Fel Fire Engine"")"	
"=HYPERLINK(""https://www.wowhead.com/tbc/quest=10854"", ""The Force of Neltharaku"")"	
"=HYPERLINK(""https://www.wowhead.com/tbc/quest=10866"", ""Zuluhed the Whacked"")"	
"=HYPERLINK(""https://www.wowhead.com/tbc/quest=10882"", ""Harbinger of Doom"")"	
"=HYPERLINK(""https://www.wowhead.com/tbc/quest=10884"", ""Trial of the Naaru: Mercy"")"	
"=HYPERLINK(""https://www.wowhead.com/tbc/quest=10885"", ""Trial of the Naaru: Strength"")"	
"=HYPERLINK(""https://www.wowhead.com/tbc/quest=10897"", ""Master of Potions"")"	
"=HYPERLINK(""https://www.wowhead.com/tbc/quest=10899"", ""Master of Transmutation"")"	
"=HYPERLINK(""https://www.wowhead.com/tbc/quest=10902"", ""Master of Elixirs"")"	
"=HYPERLINK(""https://www.wowhead.com/tbc/quest=10947"", ""An Artifact From the Past"")"	
"=HYPERLINK(""https://www.wowhead.com/tbc/quest=10957"", ""Redemption of the Ashtongue"")"	
"=HYPERLINK(""https://www.wowhead.com/tbc/quest=10959"", ""The Fall of the Betrayer"")"	
"=HYPERLINK(""https://www.wowhead.com/tbc/quest=10970"", ""A Mission of Mercy"")"	
"=HYPERLINK(""https://www.wowhead.com/tbc/quest=10971"", ""Ethereum Secrets"")"	
"=HYPERLINK(""https://www.wowhead.com/tbc/quest=10972"", ""Ethereum Prisoner I.D. Catalogue"")"	
"=HYPERLINK(""https://www.wowhead.com/tbc/quest=10973"", ""A Thousand Worlds"")"	
"=HYPERLINK(""https://www.wowhead.com/tbc/quest=10974"", ""Stasis Chambers of Bash'ir"")"	
"=HYPERLINK(""https://www.wowhead.com/tbc/quest=10975"", ""Purging the Chambers of Bash'ir"")"	
"=HYPERLINK(""https://www.wowhead.com/tbc/quest=10976"", ""The Mark of the Nexus-King"")"	
"=HYPERLINK(""https://www.wowhead.com/tbc/quest=10981"", ""Nexus-Prince Shaffar's Personal Chamber"")"	
"=HYPERLINK(""https://www.wowhead.com/tbc/quest=10995"", ""Grulloc Has Two Skulls"")"	
"=HYPERLINK(""https://www.wowhead.com/tbc/quest=10996"", ""Maggoc's Treasure Chest"")"	
"=HYPERLINK(""https://www.wowhead.com/tbc/quest=10997"", ""Even Gronn Have Standards"")"	
"=HYPERLINK(""https://www.wowhead.com/tbc/quest=10998"", ""Grim(oire) Business"")"	
"=HYPERLINK(""https://www.wowhead.com/tbc/quest=11000"", ""Into the Soulgrinder"")"	
"=HYPERLINK(""https://www.wowhead.com/tbc/quest=11004"", ""World of Shadows"")"	
"=HYPERLINK(""https://www.wowhead.com/tbc/quest=11005"", ""Secrets of the Talonpriests"")"	
"=HYPERLINK(""https://www.wowhead.com/tbc/quest=11006"", ""More Shadow Dust"")"	
"=HYPERLINK(""https://www.wowhead.com/tbc/quest=11008"", ""Fires Over Skettis"")"	
"=HYPERLINK(""https://www.wowhead.com/tbc/quest=11015"", ""Netherwing Crystals"")"	
"=HYPERLINK(""https://www.wowhead.com/tbc/quest=11016"", ""Nethermine Flayer Hide"")"	
"=HYPERLINK(""https://www.wowhead.com/tbc/quest=11017"", ""Netherdust Pollen"")"	
"=HYPERLINK(""https://www.wowhead.com/tbc/quest=11018"", ""Nethercite Ore"")"	
"=HYPERLINK(""https://www.wowhead.com/tbc/quest=11020"", ""A Slow Death"")"	
"=HYPERLINK(""https://www.wowhead.com/tbc/quest=11023"", ""Bomb Them Again!"")"	
"=HYPERLINK(""https://www.wowhead.com/tbc/quest=11025"", ""The Crystals"")"	
"=HYPERLINK(""https://www.wowhead.com/tbc/quest=11026"", ""Banish the Demons"")"	
"=HYPERLINK(""https://www.wowhead.com/tbc/quest=11027"", ""Yous Have Da Darkrune?"")"	
"=HYPERLINK(""https://www.wowhead.com/tbc/quest=11029"", ""A Shabby Disguise"")"	
"=HYPERLINK(""https://www.wowhead.com/tbc/quest=11030"", ""Our Boy Wants To Be A Skyguard Ranger"")"	
"=HYPERLINK(""https://www.wowhead.com/tbc/quest=11031"", ""Archmage No More"")"	
"=HYPERLINK(""https://www.wowhead.com/tbc/quest=11032"", ""Protector No More"")"	
"=HYPERLINK(""https://www.wowhead.com/tbc/quest=11033"", ""Assassin No More"")"	
"=HYPERLINK(""https://www.wowhead.com/tbc/quest=11034"", ""Restorer No More"")"	
"=HYPERLINK(""https://www.wowhead.com/tbc/quest=11035"", ""The Not-So-Friendly Skies..."")"	
"=HYPERLINK(""https://www.wowhead.com/tbc/quest=11041"", ""A Job Unfinished..."")"	
"=HYPERLINK(""https://www.wowhead.com/tbc/quest=11049"", ""The Great Netherwing Egg Hunt"")"	
"=HYPERLINK(""https://www.wowhead.com/tbc/quest=11050"", ""Accepting All Eggs"")"	
"=HYPERLINK(""https://www.wowhead.com/tbc/quest=11051"", ""Banish More Demons"")"	
"=HYPERLINK(""https://www.wowhead.com/tbc/quest=11054"", ""Overseeing and You: Making the Right Choices"")"	
"=HYPERLINK(""https://www.wowhead.com/tbc/quest=11055"", ""The Booterang: A Cure For The Common Worthless Peon"")"	
"=HYPERLINK(""https://www.wowhead.com/tbc/quest=11056"", ""Hazzik's Bargain"")"	
"=HYPERLINK(""https://www.wowhead.com/tbc/quest=11059"", ""Guardian of the Monument"")"	
"=HYPERLINK(""https://www.wowhead.com/tbc/quest=11060"", ""A Crystalforged Darkrune"")"	
"=HYPERLINK(""https://www.wowhead.com/tbc/quest=11061"", ""A Father's Duty"")"	
"=HYPERLINK(""https://www.wowhead.com/tbc/quest=11065"", ""Wrangle Some Aether Rays!"")"	
"=HYPERLINK(""https://www.wowhead.com/tbc/quest=11066"", ""Wrangle More Aether Rays!"")"	
"=HYPERLINK(""https://www.wowhead.com/tbc/quest=11073"", ""Terokk's Downfall"")"	
"=HYPERLINK(""https://www.wowhead.com/tbc/quest=11074"", ""Tokens of the Descendants"")"	
"=HYPERLINK(""https://www.wowhead.com/tbc/quest=11076"", ""Picking Up The Pieces..."")"	
"=HYPERLINK(""https://www.wowhead.com/tbc/quest=11077"", ""Dragons are the Least of Our Problems"")"	
"=HYPERLINK(""https://www.wowhead.com/tbc/quest=11078"", ""To Rule The Skies"")"	
"=HYPERLINK(""https://www.wowhead.com/tbc/quest=11079"", ""A Fel Whip For Gahk"")"	
"=HYPERLINK(""https://www.wowhead.com/tbc/quest=11082"", ""Seeker of Truth"")"	
"=HYPERLINK(""https://www.wowhead.com/tbc/quest=11083"", ""Crazed and Confused"")"	
"=HYPERLINK(""https://www.wowhead.com/tbc/quest=11086"", ""Disrupting the Twilight Portal"")"	
"=HYPERLINK(""https://www.wowhead.com/tbc/quest=11089"", ""The Soul Cannon of Reth'hedron"")"	
"=HYPERLINK(""https://www.wowhead.com/tbc/quest=11093"", ""Hungry Nether Rays"")"	
"=HYPERLINK(""https://www.wowhead.com/tbc/quest=11096"", ""Threat from Above"")"	
"=HYPERLINK(""https://www.wowhead.com/tbc/quest=11103"", ""Sage No More"")"	
"=HYPERLINK(""https://www.wowhead.com/tbc/quest=11104"", ""Restorer No More"")"	
"=HYPERLINK(""https://www.wowhead.com/tbc/quest=11105"", ""Champion No More"")"	
"=HYPERLINK(""https://www.wowhead.com/tbc/quest=11106"", ""Defender No More"")"	
"=HYPERLINK(""https://www.wowhead.com/tbc/quest=11132"", ""Promises, Promises..."")"	
"=HYPERLINK(""https://www.wowhead.com/tbc/quest=11164"", ""Tuskin' Raiders"")"	
"=HYPERLINK(""https://www.wowhead.com/tbc/quest=11166"", ""X Marks... Your Doom!"")"	
"=HYPERLINK(""https://www.wowhead.com/tbc/quest=11171"", ""Hex Lord? Hah!"")"	
"=HYPERLINK(""https://www.wowhead.com/tbc/quest=11243"", ""If Valgarde Falls..."")"	
"=HYPERLINK(""https://www.wowhead.com/tbc/quest=11244"", ""Rescuing the Rescuers"")"	
"=HYPERLINK(""https://www.wowhead.com/tbc/quest=11255"", ""Prisoners of Wyrmskull"")"	
"=HYPERLINK(""https://www.wowhead.com/tbc/quest=11290"", ""Dragonflayer Battle Plans"")"	
"=HYPERLINK(""https://www.wowhead.com/tbc/quest=11292"", ""Preying Upon the Weak"")"	
"=HYPERLINK(""https://www.wowhead.com/tbc/quest=11329"", ""I'll Try Anything!"")"	
"=HYPERLINK(""https://www.wowhead.com/tbc/quest=11354"", ""Wanted: Nazan's Riding Crop"")"	
"=HYPERLINK(""https://www.wowhead.com/tbc/quest=11362"", ""Wanted: Keli'dan's Feathered Stave"")"	
"=HYPERLINK(""https://www.wowhead.com/tbc/quest=11363"", ""Wanted: Bladefist's Seal"")"	
"=HYPERLINK(""https://www.wowhead.com/tbc/quest=11364"", ""Wanted: Shattered Hand Centurions"")"	
"=HYPERLINK(""https://www.wowhead.com/tbc/quest=11368"", ""Wanted: The Heart of Quagmirran"")"	
"=HYPERLINK(""https://www.wowhead.com/tbc/quest=11369"", ""Wanted: A Black Stalker Egg"")"	
"=HYPERLINK(""https://www.wowhead.com/tbc/quest=11370"", ""Wanted: The Warlord's Treatise"")"	
"=HYPERLINK(""https://www.wowhead.com/tbc/quest=11371"", ""Wanted: Coilfang Myrmidons"")"	
"=HYPERLINK(""https://www.wowhead.com/tbc/quest=11372"", ""Wanted: The Headfeathers of Ikiss"")"	
"=HYPERLINK(""https://www.wowhead.com/tbc/quest=11373"", ""Wanted: Shaffar's Wondrous Pendant"")"	
"=HYPERLINK(""https://www.wowhead.com/tbc/quest=11374"", ""Wanted: The Exarch's Soul Gem"")"	
"=HYPERLINK(""https://www.wowhead.com/tbc/quest=11375"", ""Wanted: Murmur's Whisper"")"	
"=HYPERLINK(""https://www.wowhead.com/tbc/quest=11376"", ""Wanted: Malicious Instructors"")"	
"=HYPERLINK(""https://www.wowhead.com/tbc/quest=11377"", ""Revenge is Tasty"")"	
"=HYPERLINK(""https://www.wowhead.com/tbc/quest=11378"", ""Wanted: The Epoch Hunter's Head"")"	
"=HYPERLINK(""https://www.wowhead.com/tbc/quest=11379"", ""Super Hot Stew"")"	
"=HYPERLINK(""https://www.wowhead.com/tbc/quest=11380"", ""Manalicious"")"	
"=HYPERLINK(""https://www.wowhead.com/tbc/quest=11381"", ""Soup for the Soul"")"	
"=HYPERLINK(""https://www.wowhead.com/tbc/quest=11382"", ""Wanted: Aeonus's Hourglass"")"	
"=HYPERLINK(""https://www.wowhead.com/tbc/quest=11383"", ""Wanted: Rift Lords"")"	
"=HYPERLINK(""https://www.wowhead.com/tbc/quest=11384"", ""Wanted: A Warp Splinter Clipping"")"	
"=HYPERLINK(""https://www.wowhead.com/tbc/quest=11385"", ""Wanted: Sunseeker Channelers"")"	
"=HYPERLINK(""https://www.wowhead.com/tbc/quest=11386"", ""Wanted: Pathaleon's Projector"")"	
"=HYPERLINK(""https://www.wowhead.com/tbc/quest=11387"", ""Wanted: Tempest-Forge Destroyers"")"	
"=HYPERLINK(""https://www.wowhead.com/tbc/quest=11388"", ""Wanted: The Scroll of Skyriss"")"	
"=HYPERLINK(""https://www.wowhead.com/tbc/quest=11389"", ""Wanted: Arcatraz Sentinels"")"	
"=HYPERLINK(""https://www.wowhead.com/tbc/quest=11418"", ""We Call Him Steelfeather"")"	
"=HYPERLINK(""https://www.wowhead.com/tbc/quest=11477"", ""Out of My Element?"")"	
"=HYPERLINK(""https://www.wowhead.com/tbc/quest=11490"", ""The Scryer's Scryer"")"	
"=HYPERLINK(""https://www.wowhead.com/tbc/quest=11492"", ""Hard to Kill"")"	
"=HYPERLINK(""https://www.wowhead.com/tbc/quest=11499"", ""Wanted: The Signet Ring of Prince Kael'thas"")"	
"=HYPERLINK(""https://www.wowhead.com/tbc/quest=11500"", ""Wanted: Sisters of Torment"")"	
"=HYPERLINK(""https://www.wowhead.com/tbc/quest=11502"", ""In Defense of Halaa"")"	
"=HYPERLINK(""https://www.wowhead.com/tbc/quest=11503"", ""Enemies, Old and New"")"	
"=HYPERLINK(""https://www.wowhead.com/tbc/quest=11515"", ""Blood for Blood"")"	
"=HYPERLINK(""https://www.wowhead.com/tbc/quest=11526"", ""The Missing Magistrix"")"	
"=HYPERLINK(""https://www.wowhead.com/wotlk/quest=11665"", ""Crocolisks in the City"")"	
"=HYPERLINK(""https://www.wowhead.com/wotlk/quest=11666"", ""Bait Bandits"")"	
"=HYPERLINK(""https://www.wowhead.com/wotlk/quest=11667"", ""The One That Got Away"")"	
"=HYPERLINK(""https://www.wowhead.com/wotlk/quest=11668"", ""Shrimpin' Ain't Easy"")"	
"=HYPERLINK(""https://www.wowhead.com/wotlk/quest=11669"", ""Felblood Fillet"")"	
"=HYPERLINK(""https://www.wowhead.com/wotlk/quest=11875"", ""Gaining the Advantage"")"	
"=HYPERLINK(""https://www.wowhead.com/wotlk/quest=11877"", ""Sunfury Attack Plans"")"	
"=HYPERLINK(""https://www.wowhead.com/wotlk/quest=11880"", ""The Multiphase Survey"")"	
"=HYPERLINK(""https://www.wowhead.com/wotlk/quest=11885"", ""Adversarial Blood"")"	
"=HYPERLINK(""https://www.wowhead.com/wotlk/quest=13430"", ""Trial of the Naaru: Magtheridon"")"	
"=HYPERLINK(""https://www.wowhead.com/wotlk/quest=13431"", ""The Cudgel of Kar'desh"")"	
"=HYPERLINK(""https://www.wowhead.com/wotlk/quest=13432"", ""The Vials of Eternity"")"	
"=HYPERLINK(""https://www.wowhead.com/tbc/quest=11153"", ""Break the Blockade"")"	
"=HYPERLINK(""https://www.wowhead.com/tbc/quest=11154"", ""Scare the Guano Out of Them!"")"	
"=HYPERLINK(""https://www.wowhead.com/tbc/quest=11155"", ""Shoveltusk Soup Again?"")"	
"=HYPERLINK(""https://www.wowhead.com/tbc/quest=11157"", ""The Clutches of Evil"")"	
"=HYPERLINK(""https://www.wowhead.com/tbc/quest=11167"", ""The New Plague"")"	
"=HYPERLINK(""https://www.wowhead.com/tbc/quest=11168"", ""Spiking the Mix"")"	
"=HYPERLINK(""https://www.wowhead.com/tbc/quest=11170"", ""Test at Sea"")"	
"=HYPERLINK(""https://www.wowhead.com/tbc/quest=11182"", ""Root Causes"")"	
"=HYPERLINK(""https://www.wowhead.com/tbc/quest=11188"", ""Two Wrongs..."")"	
"=HYPERLINK(""https://www.wowhead.com/tbc/quest=11190"", ""One Size Does Not Fit All"")"	
"=HYPERLINK(""https://www.wowhead.com/tbc/quest=11202"", ""Mission: Eternal Flame"")"	
"=HYPERLINK(""https://www.wowhead.com/tbc/quest=11218"", ""Danger! Explosives!"")"	
"=HYPERLINK(""https://www.wowhead.com/tbc/quest=11221"", ""Reports from the Field"")"	
"=HYPERLINK(""https://www.wowhead.com/tbc/quest=11224"", ""Send Them Packing"")"	
"=HYPERLINK(""https://www.wowhead.com/tbc/quest=11227"", ""Let Them Eat Crow"")"	
"=HYPERLINK(""https://www.wowhead.com/tbc/quest=11230"", ""Ambushed!"")"	
"=HYPERLINK(""https://www.wowhead.com/tbc/quest=11231"", ""Of Keys and Cages"")"	
"=HYPERLINK(""https://www.wowhead.com/tbc/quest=11232"", ""Guide Our Sights"")"	
"=HYPERLINK(""https://www.wowhead.com/tbc/quest=11233"", ""Landing the Killing Blow"")"	
"=HYPERLINK(""https://www.wowhead.com/tbc/quest=11235"", ""Dealing With Gjalerbron"")"	
"=HYPERLINK(""https://www.wowhead.com/tbc/quest=11239"", ""In Service to the Light"")"	
"=HYPERLINK(""https://www.wowhead.com/tbc/quest=11240"", ""Leader of the Deranged"")"	
"=HYPERLINK(""https://www.wowhead.com/tbc/quest=11245"", ""Towers of Certain Doom"")"	
"=HYPERLINK(""https://www.wowhead.com/tbc/quest=11246"", ""Gruesome, But Necessary"")"	
"=HYPERLINK(""https://www.wowhead.com/tbc/quest=11247"", ""Burn Skorn, Burn!"")"	
"=HYPERLINK(""https://www.wowhead.com/tbc/quest=11252"", ""Into Utgarde!"")"	
"=HYPERLINK(""https://www.wowhead.com/tbc/quest=11253"", ""Sniff Out the Enemy"")"	
"=HYPERLINK(""https://www.wowhead.com/tbc/quest=11257"", ""Gruesome, But Necessary"")"	
"=HYPERLINK(""https://www.wowhead.com/tbc/quest=11258"", ""Burn Skorn, Burn!"")"	
"=HYPERLINK(""https://www.wowhead.com/tbc/quest=11259"", ""Towers of Certain Doom"")"	
"=HYPERLINK(""https://www.wowhead.com/tbc/quest=11262"", ""Ingvar Must Die!"")"	
"=HYPERLINK(""https://www.wowhead.com/tbc/quest=11263"", ""Dealing With Gjalerbron"")"	
"=HYPERLINK(""https://www.wowhead.com/tbc/quest=11265"", ""Of Keys and Cages"")"	
"=HYPERLINK(""https://www.wowhead.com/tbc/quest=11268"", ""The Walking Dead"")"	
"=HYPERLINK(""https://www.wowhead.com/tbc/quest=11269"", ""Down to the Wire"")"	
"=HYPERLINK(""https://www.wowhead.com/tbc/quest=11270"", ""War is Hell"")"	
"=HYPERLINK(""https://www.wowhead.com/tbc/quest=11271"", ""Hasty Preparations"")"	
"=HYPERLINK(""https://www.wowhead.com/tbc/quest=11272"", ""A Score to Settle"")"	
"=HYPERLINK(""https://www.wowhead.com/tbc/quest=11275"", ""Making the Horn"")"	
"=HYPERLINK(""https://www.wowhead.com/tbc/quest=11277"", ""The Depths of Depravity"")"	
"=HYPERLINK(""https://www.wowhead.com/tbc/quest=11279"", ""Green Eggs and Whelps"")"	
"=HYPERLINK(""https://www.wowhead.com/tbc/quest=11280"", ""Draconis Gastritis"")"	
"=HYPERLINK(""https://www.wowhead.com/tbc/quest=11281"", ""Mimicking Nature's Call"")"	
"=HYPERLINK(""https://www.wowhead.com/tbc/quest=11282"", ""A Lesson in Fear"")"	
"=HYPERLINK(""https://www.wowhead.com/tbc/quest=11283"", ""Baleheim Bodycount"")"	
"=HYPERLINK(""https://www.wowhead.com/tbc/quest=11284"", ""The Yeti Next Door"")"	
"=HYPERLINK(""https://www.wowhead.com/tbc/quest=11285"", ""Baleheim Must Burn!"")"	
"=HYPERLINK(""https://www.wowhead.com/tbc/quest=11286"", ""The Artifacts of Steel Gate"")"	
"=HYPERLINK(""https://www.wowhead.com/tbc/quest=11288"", ""The Shining Light"")"	
"=HYPERLINK(""https://www.wowhead.com/tbc/quest=11298"", ""What's in That Brew?"")"	
"=HYPERLINK(""https://www.wowhead.com/tbc/quest=11300"", ""Stunning Defeat at the Ring"")"	
"=HYPERLINK(""https://www.wowhead.com/tbc/quest=11301"", ""Brains! Brains! Brains!"")"	
"=HYPERLINK(""https://www.wowhead.com/tbc/quest=11305"", ""A Tailor-Made Formula"")"	
"=HYPERLINK(""https://www.wowhead.com/tbc/quest=11306"", ""Apply Heat and Stir"")"	
"=HYPERLINK(""https://www.wowhead.com/tbc/quest=11307"", ""Field Test"")"	
"=HYPERLINK(""https://www.wowhead.com/tbc/quest=11309"", ""Parts for the Job"")"	
"=HYPERLINK(""https://www.wowhead.com/tbc/quest=11310"", ""Warning: Some Assembly Required"")"	
"=HYPERLINK(""https://www.wowhead.com/tbc/quest=11311"", ""Suppressing the Elements"")"	
"=HYPERLINK(""https://www.wowhead.com/tbc/quest=11313"", ""Spirits of the Ice"")"	
"=HYPERLINK(""https://www.wowhead.com/tbc/quest=11314"", ""The Fallen Sisters"")"	
"=HYPERLINK(""https://www.wowhead.com/tbc/quest=11315"", ""Wild Vines"")"	
"=HYPERLINK(""https://www.wowhead.com/tbc/quest=11316"", ""Spawn of the Twisted Glade"")"	
"=HYPERLINK(""https://www.wowhead.com/tbc/quest=11317"", ""The Cleansing"")"	
"=HYPERLINK(""https://www.wowhead.com/tbc/quest=11319"", ""Seeds of the Blacksouled Keepers"")"	
"=HYPERLINK(""https://www.wowhead.com/tbc/quest=11322"", ""The Cleansing"")"	
"=HYPERLINK(""https://www.wowhead.com/tbc/quest=11324"", ""Alpha Worg"")"	
"=HYPERLINK(""https://www.wowhead.com/tbc/quest=11326"", ""Alpha Worg"")"	
"=HYPERLINK(""https://www.wowhead.com/tbc/quest=11327"", ""Mission: Package Retrieval"")"	
"=HYPERLINK(""https://www.wowhead.com/tbc/quest=11330"", ""Absholutely... Thish Will Work!"")"	
"=HYPERLINK(""https://www.wowhead.com/tbc/quest=11332"", ""Mission: Plague This!"")"	
"=HYPERLINK(""https://www.wowhead.com/tbc/quest=11333"", ""Into the World of Spirits"")"	
"=HYPERLINK(""https://www.wowhead.com/tbc/quest=11346"", ""The Book of Runes"")"	
"=HYPERLINK(""https://www.wowhead.com/tbc/quest=11348"", ""The Rune of Command"")"	
"=HYPERLINK(""https://www.wowhead.com/tbc/quest=11349"", ""Mastering the Runes"")"	
"=HYPERLINK(""https://www.wowhead.com/tbc/quest=11350"", ""The Book of Runes"")"	
"=HYPERLINK(""https://www.wowhead.com/tbc/quest=11351"", ""Mastering the Runes"")"	
"=HYPERLINK(""https://www.wowhead.com/tbc/quest=11352"", ""The Rune of Command"")"	
"=HYPERLINK(""https://www.wowhead.com/tbc/quest=11390"", ""I've Got a Flying Machine!"")"	
"=HYPERLINK(""https://www.wowhead.com/tbc/quest=11391"", ""Steel Gate Patrol"")"	
"=HYPERLINK(""https://www.wowhead.com/tbc/quest=11394"", ""And You Thought Murlocs Smelled Bad!"")"	
"=HYPERLINK(""https://www.wowhead.com/tbc/quest=11396"", ""Bring Down Those Shields"")"	
"=HYPERLINK(""https://www.wowhead.com/tbc/quest=11397"", ""And You Thought Murlocs Smelled Bad!"")"	
"=HYPERLINK(""https://www.wowhead.com/tbc/quest=11399"", ""Bring Down Those Shields"")"	
"=HYPERLINK(""https://www.wowhead.com/tbc/quest=11410"", ""The One That Got Away"")"	
"=HYPERLINK(""https://www.wowhead.com/tbc/quest=11414"", ""Brother Betrayers"")"	
"=HYPERLINK(""https://www.wowhead.com/tbc/quest=11415"", ""Brother Betrayers"")"	
"=HYPERLINK(""https://www.wowhead.com/tbc/quest=11416"", ""Eyes of the Eagle"")"	
"=HYPERLINK(""https://www.wowhead.com/tbc/quest=11417"", ""Eyes of the Eagle"")"	
"=HYPERLINK(""https://www.wowhead.com/tbc/quest=11420"", ""The Path to Payback"")"	
"=HYPERLINK(""https://www.wowhead.com/tbc/quest=11421"", ""It Goes to 11..."")"	
"=HYPERLINK(""https://www.wowhead.com/tbc/quest=11422"", ""Trident of the Son"")"	
"=HYPERLINK(""https://www.wowhead.com/tbc/quest=11423"", ""The Enemy's Legacy"")"	
"=HYPERLINK(""https://www.wowhead.com/tbc/quest=11424"", ""Shield Hill"")"	
"=HYPERLINK(""https://www.wowhead.com/tbc/quest=11426"", ""Locating the Mechanism"")"	
"=HYPERLINK(""https://www.wowhead.com/tbc/quest=11428"", ""Keeper Witherleaf"")"	
"=HYPERLINK(""https://www.wowhead.com/tbc/quest=11429"", ""Drop It then Rock It!"")"	
"=HYPERLINK(""https://www.wowhead.com/tbc/quest=11430"", ""Harpoon Master Yavus"")"	
"=HYPERLINK(""https://www.wowhead.com/tbc/quest=11432"", ""Sleeping Giants"")"	
"=HYPERLINK(""https://www.wowhead.com/tbc/quest=11433"", ""Sleeping Giants"")"	
"=HYPERLINK(""https://www.wowhead.com/tbc/quest=11434"", ""Forgotten Treasure"")"	
"=HYPERLINK(""https://www.wowhead.com/tbc/quest=11443"", ""Daggercap Divin'"")"	
"=HYPERLINK(""https://www.wowhead.com/tbc/quest=11455"", ""The Fragrance of Money"")"	
"=HYPERLINK(""https://www.wowhead.com/tbc/quest=11456"", ""Feeding the Survivors"")"	
"=HYPERLINK(""https://www.wowhead.com/tbc/quest=11457"", ""Arming Kamagua"")"	
"=HYPERLINK(""https://www.wowhead.com/tbc/quest=11458"", ""Avenge Iskaal"")"	
"=HYPERLINK(""https://www.wowhead.com/tbc/quest=11464"", ""Gambling Debt"")"	
"=HYPERLINK(""https://www.wowhead.com/tbc/quest=11465"", ""The Ransacked Caravan"")"	
"=HYPERLINK(""https://www.wowhead.com/tbc/quest=11466"", ""Jack Likes His Drink"")"	
"=HYPERLINK(""https://www.wowhead.com/tbc/quest=11467"", ""Dead Man's Debt"")"	
"=HYPERLINK(""https://www.wowhead.com/tbc/quest=11468"", ""Falcon Versus Hawk"")"	
"=HYPERLINK(""https://www.wowhead.com/tbc/quest=11469"", ""Swabbin' Soap"")"	
"=HYPERLINK(""https://www.wowhead.com/tbc/quest=11470"", ""There Exists No Honor Among Birds"")"	
"=HYPERLINK(""https://www.wowhead.com/tbc/quest=11471"", ""The Jig is Up"")"	
"=HYPERLINK(""https://www.wowhead.com/tbc/quest=11475"", ""Tools to Get the Job Done"")"	
"=HYPERLINK(""https://www.wowhead.com/tbc/quest=11476"", ""A Carver and a Croaker"")"	
"=HYPERLINK(""https://www.wowhead.com/tbc/quest=11479"", ""\""""Crowleg\"""" Dan"")"	
"=HYPERLINK(""https://www.wowhead.com/tbc/quest=11483"", ""We Can Rebuild It"")"	
"=HYPERLINK(""https://www.wowhead.com/tbc/quest=11484"", ""We Have the Technology"")"	
"=HYPERLINK(""https://www.wowhead.com/tbc/quest=11489"", ""Iron Rune Constructs and You: Collecting Data"")"	
"=HYPERLINK(""https://www.wowhead.com/tbc/quest=11494"", ""Lightning Infused Relics"")"	
"=HYPERLINK(""https://www.wowhead.com/tbc/quest=11504"", ""The Dead Rise!"")"	
"=HYPERLINK(""https://www.wowhead.com/tbc/quest=11510"", ""\""""Scoodles\"""""")"	
"=HYPERLINK(""https://www.wowhead.com/tbc/quest=11511"", ""The Staff of Storm's Fury"")"	
"=HYPERLINK(""https://www.wowhead.com/tbc/quest=11512"", ""The Frozen Heart of Isuldof"")"	
"=HYPERLINK(""https://www.wowhead.com/tbc/quest=11527"", ""Mutiny on the Mercy"")"	
"=HYPERLINK(""https://www.wowhead.com/tbc/quest=11529"", ""Sorlof's Booty"")"	
"=HYPERLINK(""https://www.wowhead.com/wotlk/quest=11559"", ""Winterfin Commerce"")"	
"=HYPERLINK(""https://www.wowhead.com/wotlk/quest=11560"", ""Oh Noes, the Tadpoles!"")"	
"=HYPERLINK(""https://www.wowhead.com/wotlk/quest=11561"", ""Them!"")"	
"=HYPERLINK(""https://www.wowhead.com/wotlk/quest=11563"", ""Grmmurggll Mrllggrl Glrggl!!!"")"	
"=HYPERLINK(""https://www.wowhead.com/wotlk/quest=11564"", ""Succulent Orca Stew"")"	
"=HYPERLINK(""https://www.wowhead.com/wotlk/quest=11567"", ""The Ancient Armor of the Kvaldir"")"	
"=HYPERLINK(""https://www.wowhead.com/wotlk/quest=11568"", ""A Return to Resting"")"	
"=HYPERLINK(""https://www.wowhead.com/wotlk/quest=11569"", ""Keymaster Urmgrgl"")"	
"=HYPERLINK(""https://www.wowhead.com/wotlk/quest=11571"", ""Learning to Communicate"")"	
"=HYPERLINK(""https://www.wowhead.com/wotlk/quest=11576"", ""Monitoring the Rift: Cleftcliff Anomaly"")"	
"=HYPERLINK(""https://www.wowhead.com/wotlk/quest=11582"", ""Monitoring the Rift: Sundered Chasm"")"	
"=HYPERLINK(""https://www.wowhead.com/wotlk/quest=11587"", ""Prison Break"")"	
"=HYPERLINK(""https://www.wowhead.com/wotlk/quest=11590"", ""Abduction"")"	
"=HYPERLINK(""https://www.wowhead.com/wotlk/quest=11593"", ""The Honored Dead"")"	
"=HYPERLINK(""https://www.wowhead.com/wotlk/quest=11594"", ""Put Them to Rest"")"	
"=HYPERLINK(""https://www.wowhead.com/wotlk/quest=11598"", ""Taking Back Mightstone Quarry"")"	
"=HYPERLINK(""https://www.wowhead.com/wotlk/quest=11602"", ""Cutting Off the Source"")"	
"=HYPERLINK(""https://www.wowhead.com/wotlk/quest=11603"", ""In Wine, Truth"")"	
"=HYPERLINK(""https://www.wowhead.com/wotlk/quest=11606"", ""Patience is a Virtue that We Don't Need"")"	
"=HYPERLINK(""https://www.wowhead.com/wotlk/quest=11608"", ""Bury Those Cockroaches!"")"	
"=HYPERLINK(""https://www.wowhead.com/wotlk/quest=11611"", ""Taken by the Scourge"")"	
"=HYPERLINK(""https://www.wowhead.com/wotlk/quest=11613"", ""Karuk's Oath"")"	
"=HYPERLINK(""https://www.wowhead.com/wotlk/quest=11619"", ""Gamel the Cruel"")"	
"=HYPERLINK(""https://www.wowhead.com/wotlk/quest=11625"", ""The Trident of Naz'jan"")"	
"=HYPERLINK(""https://www.wowhead.com/wotlk/quest=11626"", ""The Emissary"")"	
"=HYPERLINK(""https://www.wowhead.com/wotlk/quest=11631"", ""Vision of Air"")"	
"=HYPERLINK(""https://www.wowhead.com/wotlk/quest=11638"", ""Return My Remains"")"	
"=HYPERLINK(""https://www.wowhead.com/wotlk/quest=11639"", ""Revenge Upon Magmoth"")"	
"=HYPERLINK(""https://www.wowhead.com/wotlk/quest=11643"", ""Mobu's Pneumatic Tank Transjigamarig"")"	
"=HYPERLINK(""https://www.wowhead.com/wotlk/quest=11644"", ""Super Strong Metal Plates!"")"	
"=HYPERLINK(""https://www.wowhead.com/wotlk/quest=11645"", ""Dirty, Stinkin' Snobolds!"")"	
"=HYPERLINK(""https://www.wowhead.com/wotlk/quest=11648"", ""The Art of Persuasion"")"	
"=HYPERLINK(""https://www.wowhead.com/wotlk/quest=11649"", ""Motes of the Enraged"")"	
"=HYPERLINK(""https://www.wowhead.com/wotlk/quest=11650"", ""Just a Few More Things..."")"	
"=HYPERLINK(""https://www.wowhead.com/wotlk/quest=11652"", ""The Plains of Nasam"")"	
"=HYPERLINK(""https://www.wowhead.com/wotlk/quest=11653"", ""Hah... You're Not So Big Now!"")"	
"=HYPERLINK(""https://www.wowhead.com/wotlk/quest=11655"", ""Into the Mist"")"	
"=HYPERLINK(""https://www.wowhead.com/wotlk/quest=11656"", ""Burn in Effigy"")"	
"=HYPERLINK(""https://www.wowhead.com/wotlk/quest=11658"", ""Plan B"")"	
"=HYPERLINK(""https://www.wowhead.com/wotlk/quest=11660"", ""Horn of the Ancient Mariner"")"	
"=HYPERLINK(""https://www.wowhead.com/wotlk/quest=11661"", ""Orabus the Helmsman"")"	
"=HYPERLINK(""https://www.wowhead.com/wotlk/quest=11671"", ""A Race Against Time"")"	
"=HYPERLINK(""https://www.wowhead.com/wotlk/quest=11675"", ""A Proper Death"")"	
"=HYPERLINK(""https://www.wowhead.com/wotlk/quest=11676"", ""Merciful Freedom"")"	
"=HYPERLINK(""https://www.wowhead.com/wotlk/quest=11677"", ""Stop the Plague"")"	
"=HYPERLINK(""https://www.wowhead.com/wotlk/quest=11683"", ""Fallen Necropolis"")"	
"=HYPERLINK(""https://www.wowhead.com/wotlk/quest=11684"", ""Scouting the Sinkholes"")"	
"=HYPERLINK(""https://www.wowhead.com/wotlk/quest=11685"", ""The Heart of the Elements"")"	
"=HYPERLINK(""https://www.wowhead.com/wotlk/quest=11686"", ""The Warsong Farms"")"	
"=HYPERLINK(""https://www.wowhead.com/wotlk/quest=11688"", ""Damned Filthy Swine"")"	
"=HYPERLINK(""https://www.wowhead.com/wotlk/quest=11690"", ""Bring 'Em Back Alive"")"	
"=HYPERLINK(""https://www.wowhead.com/wotlk/quest=11693"", ""Oh Great... Plagued Magnataur!"")"	
"=HYPERLINK(""https://www.wowhead.com/wotlk/quest=11694"", ""There's Something Going On In Those Caves"")"	
"=HYPERLINK(""https://www.wowhead.com/wotlk/quest=11695"", ""The Horn of Elemental Fury"")"	
"=HYPERLINK(""https://www.wowhead.com/wotlk/quest=11698"", ""Might As Well Wipe Out the Scourge"")"	
"=HYPERLINK(""https://www.wowhead.com/wotlk/quest=11706"", ""The Collapse"")"	
"=HYPERLINK(""https://www.wowhead.com/wotlk/quest=11710"", ""What's the Matter with the Transmatter?"")"	
"=HYPERLINK(""https://www.wowhead.com/wotlk/quest=11711"", ""Coward Delivery... Under 30 Minutes or it's Free"")"	
"=HYPERLINK(""https://www.wowhead.com/wotlk/quest=11712"", ""Re-Cursive"")"	
"=HYPERLINK(""https://www.wowhead.com/wotlk/quest=11713"", ""Scouting the Sinkholes"")"	
"=HYPERLINK(""https://www.wowhead.com/wotlk/quest=11714"", ""Vermin Extermination"")"	
"=HYPERLINK(""https://www.wowhead.com/wotlk/quest=11715"", ""Fueling the Project"")"	
"=HYPERLINK(""https://www.wowhead.com/wotlk/quest=11716"", ""The Wondrous Bloodspore"")"	
"=HYPERLINK(""https://www.wowhead.com/wotlk/quest=11717"", ""Pollen from the Source"")"	
"=HYPERLINK(""https://www.wowhead.com/wotlk/quest=11718"", ""A Bot in Mammoth's Clothing"")"	
"=HYPERLINK(""https://www.wowhead.com/wotlk/quest=11719"", ""A Suitable Test Subject"")"	
"=HYPERLINK(""https://www.wowhead.com/wotlk/quest=11721"", ""Gammothra the Tormentor"")"	
"=HYPERLINK(""https://www.wowhead.com/wotlk/quest=11723"", ""Deploy the Shake-n-Quake!"")"	
"=HYPERLINK(""https://www.wowhead.com/wotlk/quest=11726"", ""A Little Bit of Spice"")"	
"=HYPERLINK(""https://www.wowhead.com/wotlk/quest=11728"", ""Lupus Pupus"")"	
"=HYPERLINK(""https://www.wowhead.com/wotlk/quest=11730"", ""Master and Servant"")"	
"=HYPERLINK(""https://www.wowhead.com/wotlk/quest=11788"", ""Lefty Loosey, Righty Tighty"")"	
"=HYPERLINK(""https://www.wowhead.com/wotlk/quest=11789"", ""A Soldier in Need"")"	
"=HYPERLINK(""https://www.wowhead.com/wotlk/quest=11792"", ""Enemies of the Light"")"	
"=HYPERLINK(""https://www.wowhead.com/wotlk/quest=11794"", ""The Hunt is On"")"	
"=HYPERLINK(""https://www.wowhead.com/wotlk/quest=11795"", ""Emergency Protocol: Section 8.2, Paragraph C"")"	
"=HYPERLINK(""https://www.wowhead.com/wotlk/quest=11796"", ""Emergency Protocol: Section 8.2, Paragraph D"")"	
"=HYPERLINK(""https://www.wowhead.com/wotlk/quest=11797"", ""The Siege"")"	
"=HYPERLINK(""https://www.wowhead.com/wotlk/quest=11881"", ""Load'er Up!"")"	
"=HYPERLINK(""https://www.wowhead.com/wotlk/quest=11889"", ""Death From Above"")"	
"=HYPERLINK(""https://www.wowhead.com/wotlk/quest=11890"", ""What Are They Up To?"")"	
"=HYPERLINK(""https://www.wowhead.com/wotlk/quest=11893"", ""The Power of the Elements"")"	
"=HYPERLINK(""https://www.wowhead.com/wotlk/quest=11894"", ""Patching Up"")"	
"=HYPERLINK(""https://www.wowhead.com/wotlk/quest=11895"", ""Master the Storm"")"	
"=HYPERLINK(""https://www.wowhead.com/wotlk/quest=11896"", ""Weakness to Lightning"")"	
"=HYPERLINK(""https://www.wowhead.com/wotlk/quest=11897"", ""Plug the Sinkholes"")"	
"=HYPERLINK(""https://www.wowhead.com/wotlk/quest=11898"", ""Breaking Through"")"	
"=HYPERLINK(""https://www.wowhead.com/wotlk/quest=11899"", ""Souls of the Decursed"")"	
"=HYPERLINK(""https://www.wowhead.com/wotlk/quest=11900"", ""Reading the Meters"")"	
"=HYPERLINK(""https://www.wowhead.com/wotlk/quest=11903"", ""It's Time for Action"")"	
"=HYPERLINK(""https://www.wowhead.com/wotlk/quest=11904"", ""Fruits of Our Labor"")"	
"=HYPERLINK(""https://www.wowhead.com/wotlk/quest=11905"", ""Postponing the Inevitable"")"	
"=HYPERLINK(""https://www.wowhead.com/wotlk/quest=11906"", ""Cleaning Up the Pools"")"	
"=HYPERLINK(""https://www.wowhead.com/wotlk/quest=11907"", ""The Sub-Chieftains"")"	
"=HYPERLINK(""https://www.wowhead.com/wotlk/quest=11908"", ""Reference Material"")"	
"=HYPERLINK(""https://www.wowhead.com/wotlk/quest=11910"", ""Secrets of the Ancients"")"	
"=HYPERLINK(""https://www.wowhead.com/wotlk/quest=11911"", ""Quickening"")"	
"=HYPERLINK(""https://www.wowhead.com/wotlk/quest=11912"", ""Nuts for Berries"")"	
"=HYPERLINK(""https://www.wowhead.com/wotlk/quest=11913"", ""Take No Chances"")"	
"=HYPERLINK(""https://www.wowhead.com/wotlk/quest=11914"", ""Keep the Secret Safe"")"	
"=HYPERLINK(""https://www.wowhead.com/wotlk/quest=11918"", ""Basic Training"")"	
"=HYPERLINK(""https://www.wowhead.com/wotlk/quest=11919"", ""Drake Hunt"")"	
"=HYPERLINK(""https://www.wowhead.com/wotlk/quest=11931"", ""Cracking the Code"")"	
"=HYPERLINK(""https://www.wowhead.com/wotlk/quest=11936"", ""Hatching a Plan"")"	
"=HYPERLINK(""https://www.wowhead.com/wotlk/quest=11940"", ""Drake Hunt"")"	
"=HYPERLINK(""https://www.wowhead.com/wotlk/quest=11943"", ""The Cell"")"	
"=HYPERLINK(""https://www.wowhead.com/wotlk/quest=11951"", ""Bait and Switch"")"	
"=HYPERLINK(""https://www.wowhead.com/wotlk/quest=11956"", ""Finding the Phylactery"")"	
"=HYPERLINK(""https://www.wowhead.com/wotlk/quest=11957"", ""Saragosa's End"")"	
"=HYPERLINK(""https://www.wowhead.com/wotlk/quest=11965"", ""Call to Arms!"")"	
"=HYPERLINK(""https://www.wowhead.com/wotlk/quest=11967"", ""Mustering the Reds"")"	
"=HYPERLINK(""https://www.wowhead.com/wotlk/quest=11968"", ""The Tides Turn"")"	
"=HYPERLINK(""https://www.wowhead.com/wotlk/quest=11969"", ""Springing the Trap"")"	
"=HYPERLINK(""https://www.wowhead.com/wotlk/quest=11973"", ""Prisoner of War"")"	
"=HYPERLINK(""https://www.wowhead.com/wotlk/quest=12035"", ""Repurposed Technology"")"	
"=HYPERLINK(""https://www.wowhead.com/wotlk/quest=12481"", ""Adding Injury to Insult"")"	
"=HYPERLINK(""https://www.wowhead.com/wotlk/quest=12482"", ""Against Nifflevar"")"	
"=HYPERLINK(""https://www.wowhead.com/wotlk/quest=12728"", ""Monitoring the Rift: Winterfin Cavern"")"	
"=HYPERLINK(""https://www.wowhead.com/wotlk/quest=13094"", ""Have They No Shame?"")"	
"=HYPERLINK(""https://www.wowhead.com/wotlk/quest=13095"", ""Have They No Shame?"")"	
"=HYPERLINK(""https://www.wowhead.com/wotlk/quest=13205"", ""Disarmament"")"	
"=HYPERLINK(""https://www.wowhead.com/wotlk/quest=13206"", ""Disarmament"")"	
"=HYPERLINK(""https://www.wowhead.com/tbc/quest=11236"", ""Necro Overlord Mezhen"")"	
"=HYPERLINK(""https://www.wowhead.com/tbc/quest=11238"", ""The Frost Wyrm and its Master"")"	
"=HYPERLINK(""https://www.wowhead.com/tbc/quest=11249"", ""Stop the Ascension!"")"	
"=HYPERLINK(""https://www.wowhead.com/tbc/quest=11250"", ""All Hail the Conqueror of Skorn!"")"	
"=HYPERLINK(""https://www.wowhead.com/tbc/quest=11260"", ""Stop the Ascension!"")"	
"=HYPERLINK(""https://www.wowhead.com/tbc/quest=11261"", ""The Conqueror of Skorn!"")"	
"=HYPERLINK(""https://www.wowhead.com/tbc/quest=11264"", ""Necro Overlord Mezhen"")"	
"=HYPERLINK(""https://www.wowhead.com/tbc/quest=11267"", ""The Frost Wyrm and its Master"")"	
"=HYPERLINK(""https://www.wowhead.com/tbc/quest=11296"", ""Rivenwood Captives"")"	
"=HYPERLINK(""https://www.wowhead.com/tbc/quest=11355"", ""March of the Giants"")"	
"=HYPERLINK(""https://www.wowhead.com/tbc/quest=11358"", ""The Lodestone"")"	
"=HYPERLINK(""https://www.wowhead.com/tbc/quest=11359"", ""Demolishing Megalith"")"	
"=HYPERLINK(""https://www.wowhead.com/tbc/quest=11365"", ""March of the Giants"")"	
"=HYPERLINK(""https://www.wowhead.com/tbc/quest=11366"", ""The Lodestone"")"	
"=HYPERLINK(""https://www.wowhead.com/tbc/quest=11367"", ""Demolishing Megalith"")"	
"=HYPERLINK(""https://www.wowhead.com/tbc/quest=11452"", ""The Slumbering King"")"	
"=HYPERLINK(""https://www.wowhead.com/tbc/quest=11453"", ""The Slumbering King"")"	
"=HYPERLINK(""https://www.wowhead.com/wotlk/quest=11566"", ""Surrender... Not!"")"	
"=HYPERLINK(""https://www.wowhead.com/wotlk/quest=11605"", ""The Honored Ancestors"")"	
"=HYPERLINK(""https://www.wowhead.com/wotlk/quest=11607"", ""The Lost Spirits"")"	
"=HYPERLINK(""https://www.wowhead.com/wotlk/quest=11609"", ""Picking Up the Pieces"")"	
"=HYPERLINK(""https://www.wowhead.com/wotlk/quest=11610"", ""Leading the Ancestors Home"")"	
"=HYPERLINK(""https://www.wowhead.com/wotlk/quest=11612"", ""Reclaiming the Quarry"")"	
"=HYPERLINK(""https://www.wowhead.com/wotlk/quest=11617"", ""Hampering Their Escape"")"	
"=HYPERLINK(""https://www.wowhead.com/wotlk/quest=11623"", ""A Visit to the Curator"")"	
"=HYPERLINK(""https://www.wowhead.com/wotlk/quest=11627"", ""Boiling Point"")"	
"=HYPERLINK(""https://www.wowhead.com/wotlk/quest=11628"", ""Shrouds of the Scourge"")"	
"=HYPERLINK(""https://www.wowhead.com/wotlk/quest=11630"", ""The Bad Earth"")"	
"=HYPERLINK(""https://www.wowhead.com/wotlk/quest=11633"", ""Blending In"")"	
"=HYPERLINK(""https://www.wowhead.com/wotlk/quest=11637"", ""Kaganishu"")"	
"=HYPERLINK(""https://www.wowhead.com/wotlk/quest=11640"", ""Words of Power"")"	
"=HYPERLINK(""https://www.wowhead.com/wotlk/quest=11641"", ""A Courageous Strike"")"	
"=HYPERLINK(""https://www.wowhead.com/wotlk/quest=11647"", ""Neutralizing the Cauldrons"")"	
"=HYPERLINK(""https://www.wowhead.com/wotlk/quest=11659"", ""Shatter the Orbs!"")"	
"=HYPERLINK(""https://www.wowhead.com/wotlk/quest=11670"", ""It Was The Orcs, Honest!"")"	
"=HYPERLINK(""https://www.wowhead.com/wotlk/quest=11687"", ""The Doctor and the Lich-Lord"")"	
"=HYPERLINK(""https://www.wowhead.com/wotlk/quest=11699"", ""I'm Stuck in this Damned Cage... But Not For Long!"")"	
"=HYPERLINK(""https://www.wowhead.com/wotlk/quest=11798"", ""The Gearmaster"")"	
"=HYPERLINK(""https://www.wowhead.com/wotlk/quest=11865"", ""Unfit for Death"")"	
"=HYPERLINK(""https://www.wowhead.com/wotlk/quest=11866"", ""Ears of Our Enemies"")"	
"=HYPERLINK(""https://www.wowhead.com/wotlk/quest=11867"", ""Can't Get Ear-nough..."")"	
"=HYPERLINK(""https://www.wowhead.com/wotlk/quest=11868"", ""The Culler Cometh"")"	
"=HYPERLINK(""https://www.wowhead.com/wotlk/quest=11869"", ""Happy as a Clam"")"	
"=HYPERLINK(""https://www.wowhead.com/wotlk/quest=11871"", ""Not On Our Watch"")"	
"=HYPERLINK(""https://www.wowhead.com/wotlk/quest=11872"", ""The Nefarious Clam Master..."")"	
"=HYPERLINK(""https://www.wowhead.com/wotlk/quest=11876"", ""Help Those That Cannot Help Themselves"")"	
"=HYPERLINK(""https://www.wowhead.com/wotlk/quest=11879"", ""Kaw the Mammoth Destroyer"")"	
"=HYPERLINK(""https://www.wowhead.com/wotlk/quest=11884"", ""Ned, Lord of Rhinos..."")"	
"=HYPERLINK(""https://www.wowhead.com/wotlk/quest=11892"", ""The Assassination of Harold Lane"")"	
"=HYPERLINK(""https://www.wowhead.com/wotlk/quest=11909"", ""Defeat the Gearmaster"")"	
"=HYPERLINK(""https://www.wowhead.com/wotlk/quest=11938"", ""Buying Some Time"")"	
"=HYPERLINK(""https://www.wowhead.com/wotlk/quest=11942"", ""Words of Power"")"	
"=HYPERLINK(""https://www.wowhead.com/wotlk/quest=11944"", ""Surrounded!"")"	
"=HYPERLINK(""https://www.wowhead.com/wotlk/quest=11945"", ""Preparing for the Worst"")"	
"=HYPERLINK(""https://www.wowhead.com/wotlk/quest=11949"", ""Not Without a Fight!"")"	
"=HYPERLINK(""https://www.wowhead.com/wotlk/quest=11958"", ""Let Nothing Go To Waste"")"	
"=HYPERLINK(""https://www.wowhead.com/wotlk/quest=11960"", ""Planning for the Future"")"	
"=HYPERLINK(""https://www.wowhead.com/wotlk/quest=11961"", ""Spirits Watch Over Us"")"	
"=HYPERLINK(""https://www.wowhead.com/wotlk/quest=11978"", ""Into the Fold"")"	
"=HYPERLINK(""https://www.wowhead.com/wotlk/quest=11980"", ""Pride of the Horde"")"	
"=HYPERLINK(""https://www.wowhead.com/wotlk/quest=11983"", ""Blood Oath of the Horde"")"	
"=HYPERLINK(""https://www.wowhead.com/wotlk/quest=11999"", ""Rifle the Bodies"")"	
"=HYPERLINK(""https://www.wowhead.com/wotlk/quest=12000"", ""Rifle the Bodies"")"	
"=HYPERLINK(""https://www.wowhead.com/wotlk/quest=12006"", ""Avenge this Atrocity!"")"	
"=HYPERLINK(""https://www.wowhead.com/wotlk/quest=12009"", ""Tua'kea's Crab Traps"")"	
"=HYPERLINK(""https://www.wowhead.com/wotlk/quest=12016"", ""The Bait"")"	
"=HYPERLINK(""https://www.wowhead.com/wotlk/quest=12019"", ""Last Rites"")"	
"=HYPERLINK(""https://www.wowhead.com/wotlk/quest=12028"", ""Spiritual Insight"")"	
"=HYPERLINK(""https://www.wowhead.com/wotlk/quest=12031"", ""Freedom for the Lingering"")"	
"=HYPERLINK(""https://www.wowhead.com/wotlk/quest=12036"", ""From the Depths of Azjol-Nerub"")"	
"=HYPERLINK(""https://www.wowhead.com/wotlk/quest=12038"", ""Seared Scourge"")"	
"=HYPERLINK(""https://www.wowhead.com/wotlk/quest=12039"", ""Black Blood of Yogg-Saron"")"	
"=HYPERLINK(""https://www.wowhead.com/wotlk/quest=12040"", ""An Enemy in Arthas"")"	
"=HYPERLINK(""https://www.wowhead.com/wotlk/quest=12048"", ""Scourge Armaments"")"	
"=HYPERLINK(""https://www.wowhead.com/wotlk/quest=12056"", ""Marked for Death: High Cultist Zangus"")"	
"=HYPERLINK(""https://www.wowhead.com/wotlk/quest=12060"", ""Projections and Plans"")"	
"=HYPERLINK(""https://www.wowhead.com/wotlk/quest=12061"", ""Projections and Plans"")"	
"=HYPERLINK(""https://www.wowhead.com/wotlk/quest=12064"", ""Chains of the Anub'ar"")"	
"=HYPERLINK(""https://www.wowhead.com/wotlk/quest=12065"", ""The Focus on the Beach"")"	
"=HYPERLINK(""https://www.wowhead.com/wotlk/quest=12066"", ""The Focus on the Beach"")"	
"=HYPERLINK(""https://www.wowhead.com/wotlk/quest=12072"", ""Blightbeasts be Damned!"")"	
"=HYPERLINK(""https://www.wowhead.com/wotlk/quest=12083"", ""Atop the Woodlands"")"	
"=HYPERLINK(""https://www.wowhead.com/wotlk/quest=12084"", ""Atop the Woodlands"")"	
"=HYPERLINK(""https://www.wowhead.com/wotlk/quest=12092"", ""Strengthen the Ancients"")"	
"=HYPERLINK(""https://www.wowhead.com/wotlk/quest=12096"", ""Strengthen the Ancients"")"	
"=HYPERLINK(""https://www.wowhead.com/wotlk/quest=12100"", ""Containing the Rot"")"	
"=HYPERLINK(""https://www.wowhead.com/wotlk/quest=12107"", ""The End of the Line"")"	
"=HYPERLINK(""https://www.wowhead.com/wotlk/quest=12110"", ""The End of the Line"")"	
"=HYPERLINK(""https://www.wowhead.com/wotlk/quest=12166"", ""The Liquid Fire of Elune"")"	
"=HYPERLINK(""https://www.wowhead.com/wotlk/quest=12167"", ""Kill the Cultists"")"	
"=HYPERLINK(""https://www.wowhead.com/wotlk/quest=12169"", ""The High Cultist"")"	
"=HYPERLINK(""https://www.wowhead.com/wotlk/quest=12188"", ""The Forsaken Blight and You: How Not to Die"")"	
"=HYPERLINK(""https://www.wowhead.com/wotlk/quest=12200"", ""Emerald Dragon Tears"")"	
"=HYPERLINK(""https://www.wowhead.com/wotlk/quest=12205"", ""Wanted: The Scarlet Onslaught"")"	
"=HYPERLINK(""https://www.wowhead.com/wotlk/quest=12206"", ""Blighted Last Rites"")"	
"=HYPERLINK(""https://www.wowhead.com/wotlk/quest=12209"", ""Materiel Plunder"")"	
"=HYPERLINK(""https://www.wowhead.com/wotlk/quest=12211"", ""Let Them Not Rise!"")"	
"=HYPERLINK(""https://www.wowhead.com/wotlk/quest=12214"", ""Fresh Remounts"")"	
"=HYPERLINK(""https://www.wowhead.com/wotlk/quest=12218"", ""Spread the Good Word"")"	
"=HYPERLINK(""https://www.wowhead.com/wotlk/quest=12230"", ""Stealing from the Siegesmiths"")"	
"=HYPERLINK(""https://www.wowhead.com/wotlk/quest=12232"", ""Bombard the Ballistae"")"	
"=HYPERLINK(""https://www.wowhead.com/wotlk/quest=12234"", ""Need to Know"")"	
"=HYPERLINK(""https://www.wowhead.com/wotlk/quest=12237"", ""Flight of the Wintergarde Defender"")"	
"=HYPERLINK(""https://www.wowhead.com/wotlk/quest=12240"", ""A Means to an End"")"	
"=HYPERLINK(""https://www.wowhead.com/wotlk/quest=12243"", ""Fire Upon the Waters"")"	
"=HYPERLINK(""https://www.wowhead.com/wotlk/quest=12245"", ""No Mercy for the Captured"")"	
"=HYPERLINK(""https://www.wowhead.com/wotlk/quest=12252"", ""Torture the Torturer"")"	
"=HYPERLINK(""https://www.wowhead.com/wotlk/quest=12253"", ""Rescue from Town Square"")"	
"=HYPERLINK(""https://www.wowhead.com/wotlk/quest=12254"", ""Without a Prayer"")"	
"=HYPERLINK(""https://www.wowhead.com/wotlk/quest=12258"", ""The Fate of the Dead"")"	
"=HYPERLINK(""https://www.wowhead.com/wotlk/quest=12260"", ""The Perfect Dissemblance"")"	
"=HYPERLINK(""https://www.wowhead.com/wotlk/quest=12269"", ""Not In Our Mine"")"	
"=HYPERLINK(""https://www.wowhead.com/wotlk/quest=12272"", ""The Bleeding Ore"")"	
"=HYPERLINK(""https://www.wowhead.com/wotlk/quest=12276"", ""The Search for Slinkin"")"	
"=HYPERLINK(""https://www.wowhead.com/wotlk/quest=12277"", ""Leave Nothing to Chance"")"	
"=HYPERLINK(""https://www.wowhead.com/wotlk/quest=12282"", ""Imprints on the Past"")"	
"=HYPERLINK(""https://www.wowhead.com/wotlk/quest=12283"", ""The Truth Will Out"")"	
"=HYPERLINK(""https://www.wowhead.com/wotlk/quest=12290"", ""The Murkweed Elixir"")"	
"=HYPERLINK(""https://www.wowhead.com/wotlk/quest=12291"", ""The Forgotten Tale"")"	
"=HYPERLINK(""https://www.wowhead.com/wotlk/quest=12301"", ""The Truth Shall Set Us Free"")"	
"=HYPERLINK(""https://www.wowhead.com/wotlk/quest=12303"", ""Funding the War Effort"")"	
"=HYPERLINK(""https://www.wowhead.com/wotlk/quest=12304"", ""Beachfront Property"")"	
"=HYPERLINK(""https://www.wowhead.com/wotlk/quest=12311"", ""The Noble's Crypt"")"	
"=HYPERLINK(""https://www.wowhead.com/wotlk/quest=11959"", ""Slay Loguhn"")"	
"=HYPERLINK(""https://www.wowhead.com/wotlk/quest=11989"", ""Truce?"")"	
"=HYPERLINK(""https://www.wowhead.com/wotlk/quest=12004"", ""Prevent the Accord"")"	
"=HYPERLINK(""https://www.wowhead.com/wotlk/quest=12005"", ""Prevent the Accord"")"	
"=HYPERLINK(""https://www.wowhead.com/wotlk/quest=12013"", ""End Arcanimus"")"	
"=HYPERLINK(""https://www.wowhead.com/wotlk/quest=12017"", ""Meat on the Hook"")"	
"=HYPERLINK(""https://www.wowhead.com/wotlk/quest=12069"", ""Return of the High Chief"")"	
"=HYPERLINK(""https://www.wowhead.com/wotlk/quest=12102"", ""In Search of the Ruby Lilac"")"	
"=HYPERLINK(""https://www.wowhead.com/wotlk/quest=12111"", ""Where the Wild Things Roam"")"	
"=HYPERLINK(""https://www.wowhead.com/wotlk/quest=12125"", ""In Service of Blood"")"	
"=HYPERLINK(""https://www.wowhead.com/wotlk/quest=12126"", ""In Service of the Unholy"")"	
"=HYPERLINK(""https://www.wowhead.com/wotlk/quest=12127"", ""In Service of Frost"")"	
"=HYPERLINK(""https://www.wowhead.com/wotlk/quest=12132"", ""The Power to Destroy"")"	
"=HYPERLINK(""https://www.wowhead.com/wotlk/quest=12140"", ""All Hail Roanauk!"")"	
"=HYPERLINK(""https://www.wowhead.com/wotlk/quest=12142"", ""Pest Control"")"	
"=HYPERLINK(""https://www.wowhead.com/wotlk/quest=12143"", ""Canyon Chase"")"	
"=HYPERLINK(""https://www.wowhead.com/wotlk/quest=12144"", ""Pest Control"")"	
"=HYPERLINK(""https://www.wowhead.com/wotlk/quest=12145"", ""Canyon Chase"")"	
"=HYPERLINK(""https://www.wowhead.com/wotlk/quest=12148"", ""One of a Kind"")"	
"=HYPERLINK(""https://www.wowhead.com/wotlk/quest=12149"", ""Mighty Magnataur"")"	
"=HYPERLINK(""https://www.wowhead.com/wotlk/quest=12226"", ""Just Passing Through"")"	
"=HYPERLINK(""https://www.wowhead.com/wotlk/quest=12227"", ""Doing Your Duty"")"	
"=HYPERLINK(""https://www.wowhead.com/wotlk/quest=12273"", ""The Denouncement"")"	
"=HYPERLINK(""https://www.wowhead.com/wotlk/quest=12274"", ""A Fall From Grace"")"	
"=HYPERLINK(""https://www.wowhead.com/wotlk/quest=12285"", ""Do Unto Others"")"	
"=HYPERLINK(""https://www.wowhead.com/wotlk/quest=12326"", ""Steamtank Surprise"")"	
"=HYPERLINK(""https://www.wowhead.com/wotlk/quest=12455"", ""Scattered To The Wind"")"	
"=HYPERLINK(""https://www.wowhead.com/wotlk/quest=12457"", ""The Chain Gun And You"")"	
"=HYPERLINK(""https://www.wowhead.com/wotlk/quest=12462"", ""Breaking Off A Piece"")"	
"=HYPERLINK(""https://www.wowhead.com/wotlk/quest=12464"", ""My Old Enemy"")"	
"=HYPERLINK(""https://www.wowhead.com/wotlk/quest=12465"", ""Plunderbeard's Journal"")"	
"=HYPERLINK(""https://www.wowhead.com/wotlk/quest=12467"", ""Chasing Icestorm: Thel'zan's Phylactery"")"	
"=HYPERLINK(""https://www.wowhead.com/wotlk/quest=12475"", ""What Secrets Men Hide"")"	
"=HYPERLINK(""https://www.wowhead.com/wotlk/quest=12476"", ""The Return of the Crusade?"")"	
"=HYPERLINK(""https://www.wowhead.com/wotlk/quest=12477"", ""The Path of Redemption"")"	
"=HYPERLINK(""https://www.wowhead.com/wotlk/quest=12478"", ""Frostmourne Cavern"")"	
"=HYPERLINK(""https://www.wowhead.com/wotlk/quest=11984"", ""Filling the Cages"")"	
"=HYPERLINK(""https://www.wowhead.com/wotlk/quest=11990"", ""Vial of Visions"")"	
"=HYPERLINK(""https://www.wowhead.com/wotlk/quest=11991"", ""Subject to Interpretation"")"	
"=HYPERLINK(""https://www.wowhead.com/wotlk/quest=12007"", ""Sacrifices Must be Made"")"	
"=HYPERLINK(""https://www.wowhead.com/wotlk/quest=12029"", ""Seared Scourge"")"	
"=HYPERLINK(""https://www.wowhead.com/wotlk/quest=12043"", ""Nozzlerust Defense"")"	
"=HYPERLINK(""https://www.wowhead.com/wotlk/quest=12044"", ""Stocking Up"")"	
"=HYPERLINK(""https://www.wowhead.com/wotlk/quest=12045"", ""Shaved Ice"")"	
"=HYPERLINK(""https://www.wowhead.com/wotlk/quest=12046"", ""Soft Packaging"")"	
"=HYPERLINK(""https://www.wowhead.com/wotlk/quest=12047"", ""Something That Doesn't Melt"")"	
"=HYPERLINK(""https://www.wowhead.com/wotlk/quest=12049"", ""Hard to Swallow"")"	
"=HYPERLINK(""https://www.wowhead.com/wotlk/quest=12050"", ""Lumber Hack"")"	
"=HYPERLINK(""https://www.wowhead.com/wotlk/quest=12052"", ""Harp on This!"")"	
"=HYPERLINK(""https://www.wowhead.com/wotlk/quest=12075"", ""Slim Pickings"")"	
"=HYPERLINK(""https://www.wowhead.com/wotlk/quest=12076"", ""Messy Business"")"	
"=HYPERLINK(""https://www.wowhead.com/wotlk/quest=12078"", ""Worm Wrangler"")"	
"=HYPERLINK(""https://www.wowhead.com/wotlk/quest=12079"", ""Stomping Grounds"")"	
"=HYPERLINK(""https://www.wowhead.com/wotlk/quest=12080"", ""Really Big Worm"")"	
"=HYPERLINK(""https://www.wowhead.com/wotlk/quest=12089"", ""Wanted: Magister Keldonus"")"	
"=HYPERLINK(""https://www.wowhead.com/wotlk/quest=12090"", ""Wanted: Gigantaur"")"	
"=HYPERLINK(""https://www.wowhead.com/wotlk/quest=12091"", ""Wanted: Dreadtalon"")"	
"=HYPERLINK(""https://www.wowhead.com/wotlk/quest=12151"", ""Wanton Warlord"")"	
"=HYPERLINK(""https://www.wowhead.com/wotlk/quest=12170"", ""Blackriver Brawl"")"	
"=HYPERLINK(""https://www.wowhead.com/wotlk/quest=12175"", ""Gray Worg Hides"")"	
"=HYPERLINK(""https://www.wowhead.com/wotlk/quest=12176"", ""A Minor Substitution"")"	
"=HYPERLINK(""https://www.wowhead.com/wotlk/quest=12177"", ""Jun'ik's Coverup"")"	
"=HYPERLINK(""https://www.wowhead.com/wotlk/quest=12207"", ""Vordrassil's Fall"")"	
"=HYPERLINK(""https://www.wowhead.com/wotlk/quest=12212"", ""Replenishing the Storehouse"")"	
"=HYPERLINK(""https://www.wowhead.com/wotlk/quest=12213"", ""The Darkness Beneath"")"	
"=HYPERLINK(""https://www.wowhead.com/wotlk/quest=12215"", ""Them or Us!"")"	
"=HYPERLINK(""https://www.wowhead.com/wotlk/quest=12216"", ""Take Their Rear!"")"	
"=HYPERLINK(""https://www.wowhead.com/wotlk/quest=12217"", ""Eagle Eyes"")"	
"=HYPERLINK(""https://www.wowhead.com/wotlk/quest=12219"", ""The Failed World Tree"")"	
"=HYPERLINK(""https://www.wowhead.com/wotlk/quest=12220"", ""A Dark Influence"")"	
"=HYPERLINK(""https://www.wowhead.com/wotlk/quest=12222"", ""Secrets of the Flamebinders"")"	
"=HYPERLINK(""https://www.wowhead.com/wotlk/quest=12223"", ""Thinning the Ranks"")"	
"=HYPERLINK(""https://www.wowhead.com/wotlk/quest=12229"", ""A Possible Link"")"	
"=HYPERLINK(""https://www.wowhead.com/wotlk/quest=12242"", ""Vordrassil's Seeds"")"	
"=HYPERLINK(""https://www.wowhead.com/wotlk/quest=12244"", ""Shredder Repair"")"	
"=HYPERLINK(""https://www.wowhead.com/wotlk/quest=12246"", ""A Possible Link"")"	
"=HYPERLINK(""https://www.wowhead.com/wotlk/quest=12255"", ""The Thane of Voldrune"")"	
"=HYPERLINK(""https://www.wowhead.com/wotlk/quest=12256"", ""The Flamebinders' Secrets"")"	
"=HYPERLINK(""https://www.wowhead.com/wotlk/quest=12257"", ""A Show of Strength"")"	
"=HYPERLINK(""https://www.wowhead.com/wotlk/quest=12259"", ""The Thane of Voldrune"")"	
"=HYPERLINK(""https://www.wowhead.com/wotlk/quest=12261"", ""No Place to Run"")"	
"=HYPERLINK(""https://www.wowhead.com/wotlk/quest=12262"", ""No One to Save You"")"	
"=HYPERLINK(""https://www.wowhead.com/wotlk/quest=12263"", ""The Best of Intentions"")"	
"=HYPERLINK(""https://www.wowhead.com/wotlk/quest=12264"", ""Culling the Damned"")"	
"=HYPERLINK(""https://www.wowhead.com/wotlk/quest=12265"", ""Defiling the Defilers"")"	
"=HYPERLINK(""https://www.wowhead.com/wotlk/quest=12268"", ""Pieces Parts"")"	
"=HYPERLINK(""https://www.wowhead.com/wotlk/quest=12270"", ""Shred the Alliance"")"	
"=HYPERLINK(""https://www.wowhead.com/wotlk/quest=12280"", ""Making Repairs"")"	
"=HYPERLINK(""https://www.wowhead.com/wotlk/quest=12284"", ""Keep 'Em on Their Heels"")"	
"=HYPERLINK(""https://www.wowhead.com/wotlk/quest=12288"", ""Overwhelmed!"")"	
"=HYPERLINK(""https://www.wowhead.com/wotlk/quest=12289"", ""Kick 'Em While They're Down"")"	
"=HYPERLINK(""https://www.wowhead.com/wotlk/quest=12292"", ""Local Support"")"	
"=HYPERLINK(""https://www.wowhead.com/wotlk/quest=12296"", ""Life or Death"")"	
"=HYPERLINK(""https://www.wowhead.com/wotlk/quest=12299"", ""Northern Hospitality"")"	
"=HYPERLINK(""https://www.wowhead.com/wotlk/quest=12300"", ""Test of Mettle"")"	
"=HYPERLINK(""https://www.wowhead.com/wotlk/quest=12307"", ""Wolfsbane Root"")"	
"=HYPERLINK(""https://www.wowhead.com/wotlk/quest=12308"", ""Escape from Silverbrook"")"	
"=HYPERLINK(""https://www.wowhead.com/wotlk/quest=12310"", ""A Swift Response"")"	
"=HYPERLINK(""https://www.wowhead.com/wotlk/quest=12314"", ""Down With Captain Zorna!"")"	
"=HYPERLINK(""https://www.wowhead.com/wotlk/quest=12315"", ""Crush Captain Brightwater!"")"	
"=HYPERLINK(""https://www.wowhead.com/wotlk/quest=12316"", ""Keep Them at Bay!"")"	
"=HYPERLINK(""https://www.wowhead.com/wotlk/quest=12317"", ""Keep Them at Bay"")"	
"=HYPERLINK(""https://www.wowhead.com/wotlk/quest=12323"", ""Smoke 'Em Out"")"	
"=HYPERLINK(""https://www.wowhead.com/wotlk/quest=12324"", ""Smoke 'Em Out"")"	
"=HYPERLINK(""https://www.wowhead.com/wotlk/quest=12372"", ""Defending Wyrmrest Temple"")"	
"=HYPERLINK(""https://www.wowhead.com/wotlk/quest=12413"", ""Attack on Silverbrook"")"	
"=HYPERLINK(""https://www.wowhead.com/wotlk/quest=12416"", ""Heated Battle"")"	
"=HYPERLINK(""https://www.wowhead.com/wotlk/quest=12417"", ""Return to the Earth"")"	
"=HYPERLINK(""https://www.wowhead.com/wotlk/quest=12432"", ""Riding the Red Rocket"")"	
"=HYPERLINK(""https://www.wowhead.com/wotlk/quest=12433"", ""Seeking Solvent"")"	
"=HYPERLINK(""https://www.wowhead.com/wotlk/quest=12434"", ""Always Seeking Solvent"")"	
"=HYPERLINK(""https://www.wowhead.com/wotlk/quest=12436"", ""Supplemental Income"")"	
"=HYPERLINK(""https://www.wowhead.com/wotlk/quest=12437"", ""Riding the Red Rocket"")"	
"=HYPERLINK(""https://www.wowhead.com/wotlk/quest=12438"", ""Wanted: Kreug Oathbreaker"")"	
"=HYPERLINK(""https://www.wowhead.com/wotlk/quest=12441"", ""Wanted: High Shaman Bloodpaw"")"	
"=HYPERLINK(""https://www.wowhead.com/wotlk/quest=12442"", ""Wanted: Onslaught Commander Iustus"")"	
"=HYPERLINK(""https://www.wowhead.com/wotlk/quest=12443"", ""Seeking Solvent"")"	
"=HYPERLINK(""https://www.wowhead.com/wotlk/quest=12444"", ""Blackriver Skirmish"")"	
"=HYPERLINK(""https://www.wowhead.com/wotlk/quest=12446"", ""Always Seeking Solvent"")"	
"=HYPERLINK(""https://www.wowhead.com/wotlk/quest=12448"", ""Heated Battle"")"	
"=HYPERLINK(""https://www.wowhead.com/wotlk/quest=12449"", ""Return to the Earth"")"	
"=HYPERLINK(""https://www.wowhead.com/wotlk/quest=12453"", ""Eyes Above"")"	
"=HYPERLINK(""https://www.wowhead.com/wotlk/quest=12454"", ""Cycle of Life"")"	
"=HYPERLINK(""https://www.wowhead.com/wotlk/quest=12456"", ""The Plume of Alystros"")"	
"=HYPERLINK(""https://www.wowhead.com/wotlk/quest=12458"", ""Seeds of the Lashers"")"	
"=HYPERLINK(""https://www.wowhead.com/wotlk/quest=12459"", ""That Which Creates Can Also Destroy"")"	
"=HYPERLINK(""https://www.wowhead.com/wotlk/quest=12484"", ""Scourgekabob"")"	
"=HYPERLINK(""https://www.wowhead.com/wotlk/quest=12498"", ""On Ruby Wings"")"	
"=HYPERLINK(""https://www.wowhead.com/wotlk/quest=12545"", ""The Cleansing Of Jintha'kalar"")"	
"=HYPERLINK(""https://www.wowhead.com/wotlk/quest=12790"", ""Learning to Leave and Return: the Magical Way"")"	
"=HYPERLINK(""https://www.wowhead.com/wotlk/quest=13129"", ""Head Games"")"	
"=HYPERLINK(""https://www.wowhead.com/wotlk/quest=13167"", ""Death to the Traitor King"")"	
"=HYPERLINK(""https://www.wowhead.com/wotlk/quest=13182"", ""Don't Forget the Eggs!"")"	
"=HYPERLINK(""https://www.wowhead.com/wotlk/quest=13242"", ""Darkness Stirs"")"	
"=HYPERLINK(""https://www.wowhead.com/wotlk/quest=13347"", ""Reborn From The Ashes"")"	
"=HYPERLINK(""https://www.wowhead.com/wotlk/quest=11982"", ""Raining Down Destruction"")"	
"=HYPERLINK(""https://www.wowhead.com/wotlk/quest=11985"", ""Into the Breach"")"	
"=HYPERLINK(""https://www.wowhead.com/wotlk/quest=11986"", ""The Damaged Journal"")"	
"=HYPERLINK(""https://www.wowhead.com/wotlk/quest=11988"", ""The Runic Keystone"")"	
"=HYPERLINK(""https://www.wowhead.com/wotlk/quest=11993"", ""The Runic Prophecies"")"	
"=HYPERLINK(""https://www.wowhead.com/wotlk/quest=11998"", ""Softening the Blow"")"	
"=HYPERLINK(""https://www.wowhead.com/wotlk/quest=12002"", ""Brothers in Battle"")"	
"=HYPERLINK(""https://www.wowhead.com/wotlk/quest=12003"", ""Uncovering the Tunnels"")"	
"=HYPERLINK(""https://www.wowhead.com/wotlk/quest=12014"", ""Steady as a Rock?"")"	
"=HYPERLINK(""https://www.wowhead.com/wotlk/quest=12026"", ""The Damaged Journal"")"	
"=HYPERLINK(""https://www.wowhead.com/wotlk/quest=12054"", ""Deciphering the Journal"")"	
"=HYPERLINK(""https://www.wowhead.com/wotlk/quest=12058"", ""The Runic Prophecies"")"	
"=HYPERLINK(""https://www.wowhead.com/wotlk/quest=12068"", ""Voices From the Dust"")"	
"=HYPERLINK(""https://www.wowhead.com/wotlk/quest=12070"", ""Rallying the Troops"")"	
"=HYPERLINK(""https://www.wowhead.com/wotlk/quest=12073"", ""Pounding the Iron"")"	
"=HYPERLINK(""https://www.wowhead.com/wotlk/quest=12093"", ""Runes of Compulsion"")"	
"=HYPERLINK(""https://www.wowhead.com/wotlk/quest=12094"", ""Latent Power"")"	
"=HYPERLINK(""https://www.wowhead.com/wotlk/quest=12097"", ""Sarathstra, Scourge of the North"")"	
"=HYPERLINK(""https://www.wowhead.com/wotlk/quest=12099"", ""Free at Last"")"	
"=HYPERLINK(""https://www.wowhead.com/wotlk/quest=12113"", ""Nice to Meat You"")"	
"=HYPERLINK(""https://www.wowhead.com/wotlk/quest=12114"", ""Therapy"")"	
"=HYPERLINK(""https://www.wowhead.com/wotlk/quest=12116"", ""It Takes Guts...."")"	
"=HYPERLINK(""https://www.wowhead.com/wotlk/quest=12120"", ""Drak'aguul's Mallet"")"	
"=HYPERLINK(""https://www.wowhead.com/wotlk/quest=12121"", ""See You on the Other Side"")"	
"=HYPERLINK(""https://www.wowhead.com/wotlk/quest=12129"", ""The Perfect Plan"")"	
"=HYPERLINK(""https://www.wowhead.com/wotlk/quest=12130"", ""Why Fabricate When You Can Appropriate?"")"	
"=HYPERLINK(""https://www.wowhead.com/wotlk/quest=12131"", ""We Have the Power"")"	
"=HYPERLINK(""https://www.wowhead.com/wotlk/quest=12134"", ""Sasha's Hunt"")"	
"=HYPERLINK(""https://www.wowhead.com/wotlk/quest=12137"", ""Chill Out, Mon"")"	
"=HYPERLINK(""https://www.wowhead.com/wotlk/quest=12138"", ""... Or Maybe We Don't"")"	
"=HYPERLINK(""https://www.wowhead.com/wotlk/quest=12152"", ""Jin'arrak's End"")"	
"=HYPERLINK(""https://www.wowhead.com/wotlk/quest=12153"", ""The Iron Thane and His Anvil"")"	
"=HYPERLINK(""https://www.wowhead.com/wotlk/quest=12154"", ""Blackout"")"	
"=HYPERLINK(""https://www.wowhead.com/wotlk/quest=12159"", ""Souls at Unrest"")"	
"=HYPERLINK(""https://www.wowhead.com/wotlk/quest=12164"", ""Hour of the Worg"")"	
"=HYPERLINK(""https://www.wowhead.com/wotlk/quest=12165"", ""An Intriguing Plan"")"	
"=HYPERLINK(""https://www.wowhead.com/wotlk/quest=12180"", ""The Captive Prospectors"")"	
"=HYPERLINK(""https://www.wowhead.com/wotlk/quest=12183"", ""Looking the Part"")"	
"=HYPERLINK(""https://www.wowhead.com/wotlk/quest=12184"", ""Cultivating an Image"")"	
"=HYPERLINK(""https://www.wowhead.com/wotlk/quest=12185"", ""Put on Your Best Face for Loken"")"	
"=HYPERLINK(""https://www.wowhead.com/wotlk/quest=12195"", ""The Unexpected 'Guest'"")"	
"=HYPERLINK(""https://www.wowhead.com/wotlk/quest=12196"", ""From the Ground Up"")"	
"=HYPERLINK(""https://www.wowhead.com/wotlk/quest=12197"", ""We Have the Power"")"	
"=HYPERLINK(""https://www.wowhead.com/wotlk/quest=12198"", ""... Or Maybe We Don't"")"	
"=HYPERLINK(""https://www.wowhead.com/wotlk/quest=12199"", ""Bringing Down the Iron Thane"")"	
"=HYPERLINK(""https://www.wowhead.com/wotlk/quest=12201"", ""The Overseer's Shadow"")"	
"=HYPERLINK(""https://www.wowhead.com/wotlk/quest=12202"", ""Cultivating an Image"")"	
"=HYPERLINK(""https://www.wowhead.com/wotlk/quest=12203"", ""Loken's Orders"")"	
"=HYPERLINK(""https://www.wowhead.com/wotlk/quest=12204"", ""In the Name of Loken"")"	
"=HYPERLINK(""https://www.wowhead.com/wotlk/quest=12231"", ""The Bear God's Offspring"")"	
"=HYPERLINK(""https://www.wowhead.com/wotlk/quest=12236"", ""Ursoc, the Bear God"")"	
"=HYPERLINK(""https://www.wowhead.com/wotlk/quest=12241"", ""Destroy the Sapling"")"	
"=HYPERLINK(""https://www.wowhead.com/wotlk/quest=12247"", ""Children of Ursoc"")"	
"=HYPERLINK(""https://www.wowhead.com/wotlk/quest=12248"", ""Vordrassil's Sapling"")"	
"=HYPERLINK(""https://www.wowhead.com/wotlk/quest=12249"", ""Ursoc, the Bear God"")"	
"=HYPERLINK(""https://www.wowhead.com/wotlk/quest=12250"", ""Vordrassil's Seeds"")"	
"=HYPERLINK(""https://www.wowhead.com/wotlk/quest=12267"", ""Neltharion's Flame"")"	
"=HYPERLINK(""https://www.wowhead.com/wotlk/quest=12279"", ""A Bear of an Appetite"")"	
"=HYPERLINK(""https://www.wowhead.com/wotlk/quest=12327"", ""Out of Body Experience"")"	
"=HYPERLINK(""https://www.wowhead.com/wotlk/quest=12328"", ""Ruuna's Request"")"	
"=HYPERLINK(""https://www.wowhead.com/wotlk/quest=12412"", ""My Enemy's Friend"")"	
"=HYPERLINK(""https://www.wowhead.com/wotlk/quest=12414"", ""Mounting Up"")"	
"=HYPERLINK(""https://www.wowhead.com/wotlk/quest=12415"", ""The Horse Hollerer"")"	
"=HYPERLINK(""https://www.wowhead.com/wotlk/quest=12418"", ""Through Fields of Flame"")"	
"=HYPERLINK(""https://www.wowhead.com/wotlk/quest=12450"", ""Through Fields of Flame"")"	
"=HYPERLINK(""https://www.wowhead.com/wotlk/quest=12470"", ""Mystery of the Infinite"")"	
"=HYPERLINK(""https://www.wowhead.com/wotlk/quest=12483"", ""Shimmercap Stew"")"	
"=HYPERLINK(""https://www.wowhead.com/wotlk/quest=12629"", ""You Can Run, But You Can't Hide"")"	
"=HYPERLINK(""https://www.wowhead.com/wotlk/quest=12630"", ""Kickin' Nass and Takin' Manes"")"	
"=HYPERLINK(""https://www.wowhead.com/wotlk/quest=12637"", ""Near Miss"")"	
"=HYPERLINK(""https://www.wowhead.com/wotlk/quest=12638"", ""Close Call"")"	
"=HYPERLINK(""https://www.wowhead.com/wotlk/quest=12643"", ""Silver Lining"")"	
"=HYPERLINK(""https://www.wowhead.com/wotlk/quest=12648"", ""Dressing Down"")"	
"=HYPERLINK(""https://www.wowhead.com/wotlk/quest=12649"", ""Suit Up!"")"	
"=HYPERLINK(""https://www.wowhead.com/wotlk/quest=12652"", ""Feedin' Da Goolz"")"	
"=HYPERLINK(""https://www.wowhead.com/wotlk/quest=12661"", ""Infiltrating Voltarus"")"	
"=HYPERLINK(""https://www.wowhead.com/wotlk/quest=12663"", ""Reunited"")"	
"=HYPERLINK(""https://www.wowhead.com/wotlk/quest=12664"", ""Dark Horizon"")"	
"=HYPERLINK(""https://www.wowhead.com/wotlk/quest=12669"", ""So Far, So Bad"")"	
"=HYPERLINK(""https://www.wowhead.com/wotlk/quest=12673"", ""It Rolls Downhill"")"	
"=HYPERLINK(""https://www.wowhead.com/wotlk/quest=12676"", ""Sabotage"")"	
"=HYPERLINK(""https://www.wowhead.com/wotlk/quest=12677"", ""Hazardous Materials"")"	
"=HYPERLINK(""https://www.wowhead.com/wotlk/quest=12686"", ""Zero Tolerance"")"	
"=HYPERLINK(""https://www.wowhead.com/wotlk/quest=12690"", ""Fuel for the Fire"")"	
"=HYPERLINK(""https://www.wowhead.com/wotlk/quest=12710"", ""Disclosure"")"	
"=HYPERLINK(""https://www.wowhead.com/wotlk/quest=12799"", ""Siphoning the Spirits"")"	
"=HYPERLINK(""https://www.wowhead.com/wotlk/quest=12857"", ""Wanted: Ragemane's Flipper"")"	
"=HYPERLINK(""https://www.wowhead.com/wotlk/quest=12859"", ""This Just In: Fire Still Hot!"")"	
"=HYPERLINK(""https://www.wowhead.com/wotlk/quest=12861"", ""Trolls Is Gone Crazy!"")"	
"=HYPERLINK(""https://www.wowhead.com/wotlk/quest=12501"", ""Troll Patrol"")"	
"=HYPERLINK(""https://www.wowhead.com/wotlk/quest=12502"", ""Troll Patrol: High Standards"")"	
"=HYPERLINK(""https://www.wowhead.com/wotlk/quest=12503"", ""Defend the Stand"")"	
"=HYPERLINK(""https://www.wowhead.com/wotlk/quest=12504"", ""Argent Crusade, We Are Leaving!"")"	
"=HYPERLINK(""https://www.wowhead.com/wotlk/quest=12506"", ""Trouble at the Altar of Sseratus"")"	
"=HYPERLINK(""https://www.wowhead.com/wotlk/quest=12508"", ""Mopping Up"")"	
"=HYPERLINK(""https://www.wowhead.com/wotlk/quest=12509"", ""Troll Patrol: Intestinal Fortitude"")"	
"=HYPERLINK(""https://www.wowhead.com/wotlk/quest=12510"", ""Precious Elemental Fluids"")"	
"=HYPERLINK(""https://www.wowhead.com/wotlk/quest=12512"", ""Leave No One Behind"")"	
"=HYPERLINK(""https://www.wowhead.com/wotlk/quest=12514"", ""Mushroom Mixer"")"	
"=HYPERLINK(""https://www.wowhead.com/wotlk/quest=12516"", ""Too Much of a Good Thing"")"	
"=HYPERLINK(""https://www.wowhead.com/wotlk/quest=12519"", ""Troll Patrol: Whatdya Want, a Medal?"")"	
"=HYPERLINK(""https://www.wowhead.com/wotlk/quest=12520"", ""Rhino Mastery: The Test"")"	
"=HYPERLINK(""https://www.wowhead.com/wotlk/quest=12522"", ""Need an Engine, Take an Engine"")"	
"=HYPERLINK(""https://www.wowhead.com/wotlk/quest=12523"", ""Have a Part, Give a Part"")"	
"=HYPERLINK(""https://www.wowhead.com/wotlk/quest=12524"", ""Venture Co. Misadventure"")"	
"=HYPERLINK(""https://www.wowhead.com/wotlk/quest=12525"", ""Wipe That Grin Off His Face"")"	
"=HYPERLINK(""https://www.wowhead.com/wotlk/quest=12527"", ""Gluttonous Lurkers"")"	
"=HYPERLINK(""https://www.wowhead.com/wotlk/quest=12541"", ""Troll Patrol: The Alchemist's Apprentice"")"	
"=HYPERLINK(""https://www.wowhead.com/wotlk/quest=12543"", ""An Offering for Soo-rahm"")"	
"=HYPERLINK(""https://www.wowhead.com/wotlk/quest=12544"", ""The Bones of Nozronn"")"	
"=HYPERLINK(""https://www.wowhead.com/wotlk/quest=12549"", ""Dreadsaber Mastery: Becoming a Predator"")"	
"=HYPERLINK(""https://www.wowhead.com/wotlk/quest=12550"", ""Dreadsaber Mastery: Stalking the Prey"")"	
"=HYPERLINK(""https://www.wowhead.com/wotlk/quest=12551"", ""Crocolisk Mastery: The Trial"")"	
"=HYPERLINK(""https://www.wowhead.com/wotlk/quest=12552"", ""Death to the Necromagi"")"	
"=HYPERLINK(""https://www.wowhead.com/wotlk/quest=12553"", ""Skimmer Spinnerets"")"	
"=HYPERLINK(""https://www.wowhead.com/wotlk/quest=12554"", ""Malas the Corrupter"")"	
"=HYPERLINK(""https://www.wowhead.com/wotlk/quest=12555"", ""A Tangled Skein"")"	
"=HYPERLINK(""https://www.wowhead.com/wotlk/quest=12556"", ""Rhino Mastery: The Kill"")"	
"=HYPERLINK(""https://www.wowhead.com/wotlk/quest=12557"", ""Lab Work"")"	
"=HYPERLINK(""https://www.wowhead.com/wotlk/quest=12558"", ""Dreadsaber Mastery: Ready to Pounce"")"	
"=HYPERLINK(""https://www.wowhead.com/wotlk/quest=12560"", ""Crocolisk Mastery: The Plan"")"	
"=HYPERLINK(""https://www.wowhead.com/wotlk/quest=12562"", ""The Drakkari Do Not Need Water Elementals!"")"	
"=HYPERLINK(""https://www.wowhead.com/wotlk/quest=12563"", ""Troll Patrol"")"	
"=HYPERLINK(""https://www.wowhead.com/wotlk/quest=12564"", ""Troll Patrol: Something for the Pain"")"	
"=HYPERLINK(""https://www.wowhead.com/wotlk/quest=12565"", ""The Blessing of Zim'Abwa"")"	
"=HYPERLINK(""https://www.wowhead.com/wotlk/quest=12567"", ""Blessing of Zim'Abwa"")"	
"=HYPERLINK(""https://www.wowhead.com/wotlk/quest=12568"", ""Troll Patrol: Done to Death"")"	
"=HYPERLINK(""https://www.wowhead.com/wotlk/quest=12569"", ""Crocolisk Mastery: The Ambush"")"	
"=HYPERLINK(""https://www.wowhead.com/wotlk/quest=12583"", ""Crashed Sprayer"")"	
"=HYPERLINK(""https://www.wowhead.com/wotlk/quest=12584"", ""Pure Evil"")"	
"=HYPERLINK(""https://www.wowhead.com/wotlk/quest=12585"", ""Troll Patrol: Creature Comforts"")"	
"=HYPERLINK(""https://www.wowhead.com/wotlk/quest=12587"", ""Troll Patrol"")"	
"=HYPERLINK(""https://www.wowhead.com/wotlk/quest=12588"", ""Troll Patrol: Can You Dig It?"")"	
"=HYPERLINK(""https://www.wowhead.com/wotlk/quest=12589"", ""Kick, What Kick?"")"	
"=HYPERLINK(""https://www.wowhead.com/wotlk/quest=12591"", ""Troll Patrol: Throwing Down"")"	
"=HYPERLINK(""https://www.wowhead.com/wotlk/quest=12592"", ""The Great Hunter's Challenge"")"	
"=HYPERLINK(""https://www.wowhead.com/wotlk/quest=12594"", ""Troll Patrol: Couldn't Care Less"")"	
"=HYPERLINK(""https://www.wowhead.com/wotlk/quest=12596"", ""Pa'Troll"")"	
"=HYPERLINK(""https://www.wowhead.com/wotlk/quest=12597"", ""Something for the Pain"")"	
"=HYPERLINK(""https://www.wowhead.com/wotlk/quest=12598"", ""Throwing Down"")"	
"=HYPERLINK(""https://www.wowhead.com/wotlk/quest=12599"", ""Creature Comforts"")"	
"=HYPERLINK(""https://www.wowhead.com/wotlk/quest=12606"", ""Cocooned!"")"	
"=HYPERLINK(""https://www.wowhead.com/wotlk/quest=12609"", ""Stocking the Shelves"")"	
"=HYPERLINK(""https://www.wowhead.com/wotlk/quest=12610"", ""Clipping Their Wings"")"	
"=HYPERLINK(""https://www.wowhead.com/wotlk/quest=12624"", ""It Could Be Anywhere!"")"	
"=HYPERLINK(""https://www.wowhead.com/wotlk/quest=12634"", ""Some Make Lemonade, Some Make Liquor"")"	
"=HYPERLINK(""https://www.wowhead.com/wotlk/quest=12644"", ""Still At It"")"	
"=HYPERLINK(""https://www.wowhead.com/wotlk/quest=12645"", ""The Taste Test"")"	
"=HYPERLINK(""https://www.wowhead.com/wotlk/quest=12654"", ""The Part-time Hunter"")"	
"=HYPERLINK(""https://www.wowhead.com/wotlk/quest=12713"", ""Betrayal"")"	
"=HYPERLINK(""https://www.wowhead.com/wotlk/quest=12740"", ""Parachutes for the Argent Crusade"")"	
"=HYPERLINK(""https://www.wowhead.com/wotlk/quest=12804"", ""A Steak Fit for a Hunter"")"	
"=HYPERLINK(""https://www.wowhead.com/wotlk/quest=12901"", ""Making Something Out Of Nothing"")"	
"=HYPERLINK(""https://www.wowhead.com/wotlk/quest=12903"", ""That's What Friends Are For..."")"	
"=HYPERLINK(""https://www.wowhead.com/wotlk/quest=12904"", ""Light Won't Grant Me Vengeance"")"	
"=HYPERLINK(""https://www.wowhead.com/wotlk/quest=12914"", ""Gymer's Salvation"")"	
"=HYPERLINK(""https://www.wowhead.com/wotlk/quest=12916"", ""Our Only Hope"")"	
"=HYPERLINK(""https://www.wowhead.com/wotlk/quest=12919"", ""The Storm King's Vengeance"")"	
"=HYPERLINK(""https://www.wowhead.com/wotlk/quest=13187"", ""The Faceless Ones"")"	
"=HYPERLINK(""https://www.wowhead.com/wotlk/quest=13204"", ""Funky Fungi"")"	
"=HYPERLINK(""https://www.wowhead.com/wotlk/quest=12529"", ""The Ape Hunter's Slave"")"	
"=HYPERLINK(""https://www.wowhead.com/wotlk/quest=12530"", ""Tormenting the Softknuckles"")"	
"=HYPERLINK(""https://www.wowhead.com/wotlk/quest=12531"", ""The Underground Menace"")"	
"=HYPERLINK(""https://www.wowhead.com/wotlk/quest=12532"", ""Flown the Coop!"")"	
"=HYPERLINK(""https://www.wowhead.com/wotlk/quest=12533"", ""The Wasp Hunter's Apprentice"")"	
"=HYPERLINK(""https://www.wowhead.com/wotlk/quest=12534"", ""The Sapphire Queen"")"	
"=HYPERLINK(""https://www.wowhead.com/wotlk/quest=12535"", ""Mischief in the Making"")"	
"=HYPERLINK(""https://www.wowhead.com/wotlk/quest=12537"", ""Lightning Definitely Strikes Twice"")"	
"=HYPERLINK(""https://www.wowhead.com/wotlk/quest=12538"", ""The Mist Isn't Listening"")"	
"=HYPERLINK(""https://www.wowhead.com/wotlk/quest=12540"", ""Just Following Orders"")"	
"=HYPERLINK(""https://www.wowhead.com/wotlk/quest=12559"", ""Powering the Waygate - The Maker's Perch"")"	
"=HYPERLINK(""https://www.wowhead.com/wotlk/quest=12561"", ""An Issue of Trust"")"	
"=HYPERLINK(""https://www.wowhead.com/wotlk/quest=12571"", ""Make the Bad Snake Go Away"")"	
"=HYPERLINK(""https://www.wowhead.com/wotlk/quest=12572"", ""Gods like Shiny Things"")"	
"=HYPERLINK(""https://www.wowhead.com/wotlk/quest=12575"", ""The Lost Mistwhisper Treasure"")"	
"=HYPERLINK(""https://www.wowhead.com/wotlk/quest=12576"", ""Forced Hand"")"	
"=HYPERLINK(""https://www.wowhead.com/wotlk/quest=12579"", ""Lifeblood of the Mosswalker Shrine"")"	
"=HYPERLINK(""https://www.wowhead.com/wotlk/quest=12580"", ""The Mosswalker Savior"")"	
"=HYPERLINK(""https://www.wowhead.com/wotlk/quest=12581"", ""A Hero's Burden"")"	
"=HYPERLINK(""https://www.wowhead.com/wotlk/quest=12603"", ""Sharpening Your Talons"")"	
"=HYPERLINK(""https://www.wowhead.com/wotlk/quest=12605"", ""Securing the Bait"")"	
"=HYPERLINK(""https://www.wowhead.com/wotlk/quest=12607"", ""A Mammoth Undertaking"")"	
"=HYPERLINK(""https://www.wowhead.com/wotlk/quest=12611"", ""Returned Sevenfold"")"	
"=HYPERLINK(""https://www.wowhead.com/wotlk/quest=12613"", ""Powering the Waygate - The Maker's Overlook"")"	
"=HYPERLINK(""https://www.wowhead.com/wotlk/quest=12614"", ""Post-partum Aggression"")"	
"=HYPERLINK(""https://www.wowhead.com/wotlk/quest=12615"", ""The Blessing of Zim'Torga"")"	
"=HYPERLINK(""https://www.wowhead.com/wotlk/quest=12617"", ""Exterminate the Intruders"")"	
"=HYPERLINK(""https://www.wowhead.com/wotlk/quest=12618"", ""Blessing of Zim'Torga"")"	
"=HYPERLINK(""https://www.wowhead.com/wotlk/quest=12620"", ""The Lifewarden's Wrath"")"	
"=HYPERLINK(""https://www.wowhead.com/wotlk/quest=12621"", ""Freya's Pact"")"	
"=HYPERLINK(""https://www.wowhead.com/wotlk/quest=12622"", ""The Leaders at Jin'Alai"")"	
"=HYPERLINK(""https://www.wowhead.com/wotlk/quest=12627"", ""Breaking Through Jin'Alai"")"	
"=HYPERLINK(""https://www.wowhead.com/wotlk/quest=12632"", ""But First My Offspring"")"	
"=HYPERLINK(""https://www.wowhead.com/wotlk/quest=12635"", ""Relics of the Snow Leopard Goddess"")"	
"=HYPERLINK(""https://www.wowhead.com/wotlk/quest=12639"", ""The Frozen Earth"")"	
"=HYPERLINK(""https://www.wowhead.com/wotlk/quest=12640"", ""Sealing the Rifts"")"	
"=HYPERLINK(""https://www.wowhead.com/wotlk/quest=12646"", ""My Prophet, My Enemy"")"	
"=HYPERLINK(""https://www.wowhead.com/wotlk/quest=12647"", ""An End to the Suffering"")"	
"=HYPERLINK(""https://www.wowhead.com/wotlk/quest=12650"", ""Plundering Their Own"")"	
"=HYPERLINK(""https://www.wowhead.com/wotlk/quest=12655"", ""The Blessing of Zim'Rhuk"")"	
"=HYPERLINK(""https://www.wowhead.com/wotlk/quest=12656"", ""Blessing of Zim'Rhuk"")"	
"=HYPERLINK(""https://www.wowhead.com/wotlk/quest=12658"", ""My Pet Roc"")"	
"=HYPERLINK(""https://www.wowhead.com/wotlk/quest=12659"", ""Scalps!"")"	
"=HYPERLINK(""https://www.wowhead.com/wotlk/quest=12660"", ""Weapons of Destruction"")"	
"=HYPERLINK(""https://www.wowhead.com/wotlk/quest=12662"", ""Bringing Down Heb'Jin"")"	
"=HYPERLINK(""https://www.wowhead.com/wotlk/quest=12665"", ""I Sense a Disturbance"")"	
"=HYPERLINK(""https://www.wowhead.com/wotlk/quest=12666"", ""Preparations for the Underworld"")"	
"=HYPERLINK(""https://www.wowhead.com/wotlk/quest=12668"", ""Foundation for Revenge"")"	
"=HYPERLINK(""https://www.wowhead.com/wotlk/quest=12672"", ""Setting the Stage"")"	
"=HYPERLINK(""https://www.wowhead.com/wotlk/quest=12674"", ""Hell Hath a Fury"")"	
"=HYPERLINK(""https://www.wowhead.com/wotlk/quest=12681"", ""Reagent Agent"")"	
"=HYPERLINK(""https://www.wowhead.com/wotlk/quest=12683"", ""Burning to Help"")"	
"=HYPERLINK(""https://www.wowhead.com/wotlk/quest=12684"", ""Blood of a Dead God"")"	
"=HYPERLINK(""https://www.wowhead.com/wotlk/quest=12685"", ""You Reap What You Sow"")"	
"=HYPERLINK(""https://www.wowhead.com/wotlk/quest=12699"", ""An Embarassing Incident"")"	
"=HYPERLINK(""https://www.wowhead.com/wotlk/quest=12702"", ""Chicken Party!"")"	
"=HYPERLINK(""https://www.wowhead.com/wotlk/quest=12704"", ""Appeasing the Great Rain Stone"")"	
"=HYPERLINK(""https://www.wowhead.com/wotlk/quest=12707"", ""Wooly Justice"")"	
"=HYPERLINK(""https://www.wowhead.com/wotlk/quest=12708"", ""Enchanted Tiki Warriors"")"	
"=HYPERLINK(""https://www.wowhead.com/wotlk/quest=12709"", ""Hexed Caches"")"	
"=HYPERLINK(""https://www.wowhead.com/wotlk/quest=12712"", ""The Key of Warlord Zol'Maz"")"	
"=HYPERLINK(""https://www.wowhead.com/wotlk/quest=12729"", ""The Gods Have Spoken"")"	
"=HYPERLINK(""https://www.wowhead.com/wotlk/quest=12805"", ""Salvaging Life's Strength"")"	
"=HYPERLINK(""https://www.wowhead.com/wotlk/quest=13159"", ""Containment"")"	
"=HYPERLINK(""https://www.wowhead.com/wotlk/quest=13421"", ""Remember Everfrost!"")"	
"=HYPERLINK(""https://www.wowhead.com/wotlk/quest=13549"", ""Tails Up"")"	
"=HYPERLINK(""https://www.wowhead.com/wotlk/quest=13556"", ""Eggs for Dubra'Jin"")"	
"=HYPERLINK(""https://www.wowhead.com/wotlk/quest=12546"", ""Reclamation"")"	
"=HYPERLINK(""https://www.wowhead.com/wotlk/quest=12547"", ""The Activation Rune"")"	
"=HYPERLINK(""https://www.wowhead.com/wotlk/quest=12691"", ""A Timeworn Coffer"")"	
"=HYPERLINK(""https://www.wowhead.com/wotlk/quest=12703"", ""Kartak's Rampage"")"	
"=HYPERLINK(""https://www.wowhead.com/wotlk/quest=12705"", ""Will of the Titans"")"	
"=HYPERLINK(""https://www.wowhead.com/wotlk/quest=12730"", ""Convocation at Zol'Heb"")"	
"=HYPERLINK(""https://www.wowhead.com/wotlk/quest=12759"", ""Tools of War"")"	
"=HYPERLINK(""https://www.wowhead.com/wotlk/quest=12760"", ""Secret Strength of the Frenzyheart"")"	
"=HYPERLINK(""https://www.wowhead.com/wotlk/quest=12761"", ""Mastery of the Crystals"")"	
"=HYPERLINK(""https://www.wowhead.com/wotlk/quest=12762"", ""Power of the Great Ones"")"	
"=HYPERLINK(""https://www.wowhead.com/wotlk/quest=12818"", ""Clean Up"")"	
"=HYPERLINK(""https://www.wowhead.com/wotlk/quest=12819"", ""Just Around the Corner"")"	
"=HYPERLINK(""https://www.wowhead.com/wotlk/quest=12820"", ""A Delicate Touch"")"	
"=HYPERLINK(""https://www.wowhead.com/wotlk/quest=12821"", ""Opening the Backdoor"")"	
"=HYPERLINK(""https://www.wowhead.com/wotlk/quest=12822"", ""Know No Fear"")"	
"=HYPERLINK(""https://www.wowhead.com/wotlk/quest=12823"", ""A Flawless Plan"")"	
"=HYPERLINK(""https://www.wowhead.com/wotlk/quest=12827"", ""Reclaimed Rations"")"	
"=HYPERLINK(""https://www.wowhead.com/wotlk/quest=12828"", ""Ample Inspiration"")"	
"=HYPERLINK(""https://www.wowhead.com/wotlk/quest=12829"", ""Moving In"")"	
"=HYPERLINK(""https://www.wowhead.com/wotlk/quest=12830"", ""Ore Repossession"")"	
"=HYPERLINK(""https://www.wowhead.com/wotlk/quest=12831"", ""Only Partly Forgotten"")"	
"=HYPERLINK(""https://www.wowhead.com/wotlk/quest=12833"", ""Overstock"")"	
"=HYPERLINK(""https://www.wowhead.com/wotlk/quest=12836"", ""Expression of Gratitude"")"	
"=HYPERLINK(""https://www.wowhead.com/wotlk/quest=12865"", ""Loyal Companions"")"	
"=HYPERLINK(""https://www.wowhead.com/wotlk/quest=12866"", ""Stemming the Aggressors"")"	
"=HYPERLINK(""https://www.wowhead.com/wotlk/quest=12867"", ""Baby Stealers"")"	
"=HYPERLINK(""https://www.wowhead.com/wotlk/quest=12868"", ""Sirana Iceshriek"")"	
"=HYPERLINK(""https://www.wowhead.com/wotlk/quest=12869"", ""Pushed Too Far"")"	
"=HYPERLINK(""https://www.wowhead.com/wotlk/quest=12870"", ""Ancient Relics"")"	
"=HYPERLINK(""https://www.wowhead.com/wotlk/quest=12882"", ""Ancient Relics"")"	
"=HYPERLINK(""https://www.wowhead.com/wotlk/quest=13008"", ""Scourge Tactics"")"	
"=HYPERLINK(""https://www.wowhead.com/wotlk/quest=13039"", ""Defending The Vanguard"")"	
"=HYPERLINK(""https://www.wowhead.com/wotlk/quest=13040"", ""Curing The Incurable"")"	
"=HYPERLINK(""https://www.wowhead.com/wotlk/quest=13045"", ""Into The Wild Green Yonder"")"	
"=HYPERLINK(""https://www.wowhead.com/wotlk/quest=13086"", ""The Last Line Of Defense"")"	
"=HYPERLINK(""https://www.wowhead.com/wotlk/quest=13096"", ""Gal'darah Must Pay"")"	
"=HYPERLINK(""https://www.wowhead.com/wotlk/quest=13098"", ""For Posterity"")"	
"=HYPERLINK(""https://www.wowhead.com/wotlk/quest=13110"", ""The Restless Dead"")"	
"=HYPERLINK(""https://www.wowhead.com/wotlk/quest=13111"", ""One of a Kind"")"	
"=HYPERLINK(""https://www.wowhead.com/wotlk/quest=13118"", ""The Purging Of Scourgeholme"")"	
"=HYPERLINK(""https://www.wowhead.com/wotlk/quest=13122"", ""The Scourgestone"")"	
"=HYPERLINK(""https://www.wowhead.com/wotlk/quest=13207"", ""Halls of Stone"")"	
"=HYPERLINK(""https://www.wowhead.com/wotlk/quest=12841"", ""The Crone's Bargain"")"	
"=HYPERLINK(""https://www.wowhead.com/wotlk/quest=12843"", ""They Took Our Men!"")"	
"=HYPERLINK(""https://www.wowhead.com/wotlk/quest=12844"", ""Equipment Recovery"")"	
"=HYPERLINK(""https://www.wowhead.com/wotlk/quest=12906"", ""Discipline"")"	
"=HYPERLINK(""https://www.wowhead.com/wotlk/quest=12907"", ""Examples to be Made"")"	
"=HYPERLINK(""https://www.wowhead.com/wotlk/quest=13000"", ""Emergency Measures"")"	
"=HYPERLINK(""https://www.wowhead.com/wotlk/quest=13125"", ""The Air Stands Still"")"	
"=HYPERLINK(""https://www.wowhead.com/wotlk/quest=13130"", ""The Stone That Started A Revolution"")"	
"=HYPERLINK(""https://www.wowhead.com/wotlk/quest=13135"", ""It Could Kill Us All"")"	
"=HYPERLINK(""https://www.wowhead.com/wotlk/quest=13141"", ""The Battle For Crusaders' Pinnacle"")"	
"=HYPERLINK(""https://www.wowhead.com/wotlk/quest=13422"", ""Maintaining Discipline"")"	
"=HYPERLINK(""https://www.wowhead.com/classic/quest=236"", ""Fueling the Demolishers"")"	
"=HYPERLINK(""https://www.wowhead.com/wotlk/quest=12726"", ""Song of Wind and Water"")"	
"=HYPERLINK(""https://www.wowhead.com/wotlk/quest=12732"", ""The Heartblood's Strength"")"	
"=HYPERLINK(""https://www.wowhead.com/wotlk/quest=12734"", ""Rejek: First Blood"")"	
"=HYPERLINK(""https://www.wowhead.com/wotlk/quest=12735"", ""A Cleansing Song"")"	
"=HYPERLINK(""https://www.wowhead.com/wotlk/quest=12736"", ""Song of Reflection"")"	
"=HYPERLINK(""https://www.wowhead.com/wotlk/quest=12737"", ""Song of Fecundity"")"	
"=HYPERLINK(""https://www.wowhead.com/wotlk/quest=12741"", ""Strength of the Tempest"")"	
"=HYPERLINK(""https://www.wowhead.com/wotlk/quest=12758"", ""A Hero's Headgear"")"	
"=HYPERLINK(""https://www.wowhead.com/wotlk/quest=12810"", ""Blood in the Water"")"	
"=HYPERLINK(""https://www.wowhead.com/wotlk/quest=12813"", ""From Their Corpses, Rise!"")"	
"=HYPERLINK(""https://www.wowhead.com/wotlk/quest=12814"", ""You'll Need a Gryphon"")"	
"=HYPERLINK(""https://www.wowhead.com/wotlk/quest=12815"", ""No Fly Zone"")"	
"=HYPERLINK(""https://www.wowhead.com/wotlk/quest=12838"", ""Intelligence Gathering"")"	
"=HYPERLINK(""https://www.wowhead.com/wotlk/quest=12840"", ""In Strict Confidence"")"	
"=HYPERLINK(""https://www.wowhead.com/wotlk/quest=12847"", ""Second Chances"")"	
"=HYPERLINK(""https://www.wowhead.com/wotlk/quest=12851"", ""Going Bearback"")"	
"=HYPERLINK(""https://www.wowhead.com/wotlk/quest=12852"", ""The Admiral Revealed"")"	
"=HYPERLINK(""https://www.wowhead.com/wotlk/quest=12854"", ""On Brann's Trail"")"	
"=HYPERLINK(""https://www.wowhead.com/wotlk/quest=12855"", ""Sniffing Out the Perpetrator"")"	
"=HYPERLINK(""https://www.wowhead.com/wotlk/quest=12856"", ""Cold Hearted"")"	
"=HYPERLINK(""https://www.wowhead.com/wotlk/quest=12858"", ""Pieces to the Puzzle"")"	
"=HYPERLINK(""https://www.wowhead.com/wotlk/quest=12860"", ""Data Mining"")"	
"=HYPERLINK(""https://www.wowhead.com/wotlk/quest=12872"", ""Norgannon's Shell"")"	
"=HYPERLINK(""https://www.wowhead.com/wotlk/quest=12874"", ""Fervor of the Frostborn"")"	
"=HYPERLINK(""https://www.wowhead.com/wotlk/quest=12876"", ""Unwelcome Guests"")"	
"=HYPERLINK(""https://www.wowhead.com/wotlk/quest=12877"", ""The Lonesome Watcher"")"	
"=HYPERLINK(""https://www.wowhead.com/wotlk/quest=12886"", ""The Drakkensryd"")"	
"=HYPERLINK(""https://www.wowhead.com/wotlk/quest=12887"", ""It's All Fun and Games"")"	
"=HYPERLINK(""https://www.wowhead.com/wotlk/quest=12888"", ""SCRAP-E"")"	
"=HYPERLINK(""https://www.wowhead.com/wotlk/quest=12891"", ""I Have an Idea, But First..."")"	
"=HYPERLINK(""https://www.wowhead.com/wotlk/quest=12892"", ""It's All Fun and Games"")"	
"=HYPERLINK(""https://www.wowhead.com/wotlk/quest=12893"", ""Free Your Mind"")"	
"=HYPERLINK(""https://www.wowhead.com/wotlk/quest=12895"", ""The Missing Bronzebeard"")"	
"=HYPERLINK(""https://www.wowhead.com/wotlk/quest=12896"", ""If He Cannot Be Turned"")"	
"=HYPERLINK(""https://www.wowhead.com/wotlk/quest=12897"", ""If He Cannot Be Turned"")"	
"=HYPERLINK(""https://www.wowhead.com/wotlk/quest=12900"", ""Making a Harness"")"	
"=HYPERLINK(""https://www.wowhead.com/wotlk/quest=12910"", ""Sniffing Out the Perpetrator"")"	
"=HYPERLINK(""https://www.wowhead.com/wotlk/quest=12915"", ""Mending Fences"")"	
"=HYPERLINK(""https://www.wowhead.com/wotlk/quest=12917"", ""Speaking with the Wind's Voice"")"	
"=HYPERLINK(""https://www.wowhead.com/wotlk/quest=12920"", ""Catching up with Brann"")"	
"=HYPERLINK(""https://www.wowhead.com/wotlk/quest=12922"", ""The Refiner's Fire"")"	
"=HYPERLINK(""https://www.wowhead.com/wotlk/quest=12924"", ""Forging an Alliance"")"	
"=HYPERLINK(""https://www.wowhead.com/wotlk/quest=12925"", ""Aberrations"")"	
"=HYPERLINK(""https://www.wowhead.com/wotlk/quest=12926"", ""Pieces of the Puzzle"")"	
"=HYPERLINK(""https://www.wowhead.com/wotlk/quest=12927"", ""Data Mining"")"	
"=HYPERLINK(""https://www.wowhead.com/wotlk/quest=12928"", ""Norgannon's Shell"")"	
"=HYPERLINK(""https://www.wowhead.com/wotlk/quest=12930"", ""Rare Earth"")"	
"=HYPERLINK(""https://www.wowhead.com/wotlk/quest=12931"", ""Fighting Back"")"	
"=HYPERLINK(""https://www.wowhead.com/wotlk/quest=12937"", ""Relief for the Fallen"")"	
"=HYPERLINK(""https://www.wowhead.com/wotlk/quest=12939"", ""Honor Challenge"")"	
"=HYPERLINK(""https://www.wowhead.com/wotlk/quest=12942"", ""Off With Their Black Wings"")"	
"=HYPERLINK(""https://www.wowhead.com/wotlk/quest=12943"", ""Shadow Vault Decree"")"	
"=HYPERLINK(""https://www.wowhead.com/wotlk/quest=12949"", ""Get the Key"")"	
"=HYPERLINK(""https://www.wowhead.com/wotlk/quest=12953"", ""Valkyrion Must Burn"")"	
"=HYPERLINK(""https://www.wowhead.com/wotlk/quest=12955"", ""Eliminate the Competition"")"	
"=HYPERLINK(""https://www.wowhead.com/wotlk/quest=12957"", ""Slaves of the Stormforged"")"	
"=HYPERLINK(""https://www.wowhead.com/wotlk/quest=12964"", ""The Dark Ore"")"	
"=HYPERLINK(""https://www.wowhead.com/wotlk/quest=12965"", ""The Gifts of Loken"")"	
"=HYPERLINK(""https://www.wowhead.com/wotlk/quest=12967"", ""Battling the Elements"")"	
"=HYPERLINK(""https://www.wowhead.com/wotlk/quest=12968"", ""Yulda's Folly"")"	
"=HYPERLINK(""https://www.wowhead.com/wotlk/quest=12969"", ""Is That Your Goblin?"")"	
"=HYPERLINK(""https://www.wowhead.com/wotlk/quest=12970"", ""The Hyldsmeet"")"	
"=HYPERLINK(""https://www.wowhead.com/wotlk/quest=12971"", ""Taking on All Challengers"")"	
"=HYPERLINK(""https://www.wowhead.com/wotlk/quest=12975"", ""In Memoriam"")"	
"=HYPERLINK(""https://www.wowhead.com/wotlk/quest=12977"", ""Blowing Hodir's Horn"")"	
"=HYPERLINK(""https://www.wowhead.com/wotlk/quest=12978"", ""Facing the Storm"")"	
"=HYPERLINK(""https://www.wowhead.com/wotlk/quest=12980"", ""The Armor's Secrets"")"	
"=HYPERLINK(""https://www.wowhead.com/wotlk/quest=12981"", ""Hot and Cold"")"	
"=HYPERLINK(""https://www.wowhead.com/wotlk/quest=12982"", ""Ebon Blade Prisoners"")"	
"=HYPERLINK(""https://www.wowhead.com/wotlk/quest=12983"", ""The Last of Her Kind"")"	
"=HYPERLINK(""https://www.wowhead.com/wotlk/quest=12984"", ""Valduran the Stormborn"")"	
"=HYPERLINK(""https://www.wowhead.com/wotlk/quest=12985"", ""Forging a Head"")"	
"=HYPERLINK(""https://www.wowhead.com/wotlk/quest=12986"", ""Fate of the Titans"")"	
"=HYPERLINK(""https://www.wowhead.com/wotlk/quest=12987"", ""Mounting Hodir's Helm"")"	
"=HYPERLINK(""https://www.wowhead.com/wotlk/quest=12988"", ""Destroy the Forges!"")"	
"=HYPERLINK(""https://www.wowhead.com/wotlk/quest=12989"", ""The Slithering Darkness"")"	
"=HYPERLINK(""https://www.wowhead.com/wotlk/quest=12991"", ""Hit Them Where it Hurts"")"	
"=HYPERLINK(""https://www.wowhead.com/wotlk/quest=12992"", ""Crush Dem Vrykuls!"")"	
"=HYPERLINK(""https://www.wowhead.com/wotlk/quest=12993"", ""A Colossal Threat"")"	
"=HYPERLINK(""https://www.wowhead.com/wotlk/quest=12994"", ""Spy Hunter"")"	
"=HYPERLINK(""https://www.wowhead.com/wotlk/quest=12995"", ""Leave Our Mark"")"	
"=HYPERLINK(""https://www.wowhead.com/wotlk/quest=12996"", ""The Warm-Up "")"	
"=HYPERLINK(""https://www.wowhead.com/wotlk/quest=12997"", ""Into the Pit"")"	
"=HYPERLINK(""https://www.wowhead.com/wotlk/quest=12998"", ""The Heart of the Storm"")"	
"=HYPERLINK(""https://www.wowhead.com/wotlk/quest=13001"", ""Raising Hodir's Spear"")"	
"=HYPERLINK(""https://www.wowhead.com/wotlk/quest=13003"", ""Thrusting Hodir's Spear"")"	
"=HYPERLINK(""https://www.wowhead.com/wotlk/quest=13005"", ""The Earthen Oath"")"	
"=HYPERLINK(""https://www.wowhead.com/wotlk/quest=13006"", ""Polishing the Helm"")"	
"=HYPERLINK(""https://www.wowhead.com/wotlk/quest=13007"", ""The Iron Colossus"")"	
"=HYPERLINK(""https://www.wowhead.com/wotlk/quest=13010"", ""Krolmir, Hammer of Storms"")"	
"=HYPERLINK(""https://www.wowhead.com/wotlk/quest=13011"", ""Jormuttar is Soo Fat..."")"	
"=HYPERLINK(""https://www.wowhead.com/wotlk/quest=13034"", ""The Witness and the Hero"")"	
"=HYPERLINK(""https://www.wowhead.com/wotlk/quest=13035"", ""Loken's Lackeys"")"	
"=HYPERLINK(""https://www.wowhead.com/wotlk/quest=13037"", ""Memories of Stormhoof"")"	
"=HYPERLINK(""https://www.wowhead.com/wotlk/quest=13038"", ""Distortions in Time"")"	
"=HYPERLINK(""https://www.wowhead.com/wotlk/quest=13042"", ""Deep in the Bowels of The Underhalls"")"	
"=HYPERLINK(""https://www.wowhead.com/wotlk/quest=13043"", ""The Sum is Greater than the Parts"")"	
"=HYPERLINK(""https://www.wowhead.com/wotlk/quest=13046"", ""Feeding Arngrim"")"	
"=HYPERLINK(""https://www.wowhead.com/wotlk/quest=13048"", ""Where Time Went Wrong"")"	
"=HYPERLINK(""https://www.wowhead.com/wotlk/quest=13049"", ""The Hero's Arms"")"	
"=HYPERLINK(""https://www.wowhead.com/wotlk/quest=13050"", ""Veranus"")"	
"=HYPERLINK(""https://www.wowhead.com/wotlk/quest=13051"", ""Territorial Trespass"")"	
"=HYPERLINK(""https://www.wowhead.com/wotlk/quest=13055"", ""Cave Medicine"")"	
"=HYPERLINK(""https://www.wowhead.com/wotlk/quest=13056"", ""There's Always Time for Revenge"")"	
"=HYPERLINK(""https://www.wowhead.com/wotlk/quest=13058"", ""Changing the Wind's Course"")"	
"=HYPERLINK(""https://www.wowhead.com/wotlk/quest=13059"", ""Revenge for the Vargul"")"	
"=HYPERLINK(""https://www.wowhead.com/wotlk/quest=13064"", ""Sibling Rivalry"")"	
"=HYPERLINK(""https://www.wowhead.com/wotlk/quest=13069"", ""Shoot 'Em Up"")"	
"=HYPERLINK(""https://www.wowhead.com/wotlk/quest=13071"", ""Vile Like Fire!"")"	
"=HYPERLINK(""https://www.wowhead.com/wotlk/quest=13074"", ""Hope Within the Emerald Nightmare"")"	
"=HYPERLINK(""https://www.wowhead.com/wotlk/quest=13078"", ""Dahlia's Tears"")"	
"=HYPERLINK(""https://www.wowhead.com/wotlk/quest=13084"", ""Vandalizing Jotunheim"")"	
"=HYPERLINK(""https://www.wowhead.com/wotlk/quest=13091"", ""The Art of Being a Water Terror"")"	
"=HYPERLINK(""https://www.wowhead.com/wotlk/quest=13092"", ""Reading the Bones"")"	
"=HYPERLINK(""https://www.wowhead.com/wotlk/quest=13093"", ""Reading the Bones"")"	
"=HYPERLINK(""https://www.wowhead.com/wotlk/quest=13108"", ""Whatever it Takes!"")"	
"=HYPERLINK(""https://www.wowhead.com/wotlk/quest=13109"", ""Diametrically Opposed"")"	
"=HYPERLINK(""https://www.wowhead.com/wotlk/quest=13117"", ""Where Are They Coming From?"")"	
"=HYPERLINK(""https://www.wowhead.com/wotlk/quest=13119"", ""Destroying the Altars"")"	
"=HYPERLINK(""https://www.wowhead.com/wotlk/quest=13120"", ""Death's Gaze"")"	
"=HYPERLINK(""https://www.wowhead.com/wotlk/quest=13121"", ""Through the Eye"")"	
"=HYPERLINK(""https://www.wowhead.com/wotlk/quest=13126"", ""A Unified Front"")"	
"=HYPERLINK(""https://www.wowhead.com/wotlk/quest=13127"", ""Mage-Lord Urom"")"	
"=HYPERLINK(""https://www.wowhead.com/wotlk/quest=13128"", ""A Wing and a Prayer"")"	
"=HYPERLINK(""https://www.wowhead.com/wotlk/quest=13131"", ""Junk in My Trunk"")"	
"=HYPERLINK(""https://www.wowhead.com/wotlk/quest=13132"", ""Vengeance Be Mine!"")"	
"=HYPERLINK(""https://www.wowhead.com/wotlk/quest=13133"", ""Find the Ancient Hero"")"	
"=HYPERLINK(""https://www.wowhead.com/wotlk/quest=13134"", ""Spill Their Blood"")"	
"=HYPERLINK(""https://www.wowhead.com/wotlk/quest=13137"", ""Not-So-Honorable Combat"")"	
"=HYPERLINK(""https://www.wowhead.com/wotlk/quest=13138"", ""I'm Smelting... Smelting!"")"	
"=HYPERLINK(""https://www.wowhead.com/wotlk/quest=13140"", ""The Runesmiths of Malykriss"")"	
"=HYPERLINK(""https://www.wowhead.com/wotlk/quest=13142"", ""Banshee's Revenge"")"	
"=HYPERLINK(""https://www.wowhead.com/wotlk/quest=13143"", ""New Recruit"")"	
"=HYPERLINK(""https://www.wowhead.com/wotlk/quest=13144"", ""Killing Two Scourge With One Skeleton"")"	
"=HYPERLINK(""https://www.wowhead.com/wotlk/quest=13145"", ""The Vile Hold"")"	
"=HYPERLINK(""https://www.wowhead.com/wotlk/quest=13146"", ""Generosity Abounds"")"	
"=HYPERLINK(""https://www.wowhead.com/wotlk/quest=13147"", ""Matchmaker"")"	
"=HYPERLINK(""https://www.wowhead.com/wotlk/quest=13149"", ""Dispelling Illusions"")"	
"=HYPERLINK(""https://www.wowhead.com/wotlk/quest=13151"", ""A Royal Escort"")"	
"=HYPERLINK(""https://www.wowhead.com/wotlk/quest=13152"", ""A Visit to the Doctor"")"	
"=HYPERLINK(""https://www.wowhead.com/wotlk/quest=13153"", ""Warding the Warriors"")"	
"=HYPERLINK(""https://www.wowhead.com/wotlk/quest=13154"", ""Bones and Arrows"")"	
"=HYPERLINK(""https://www.wowhead.com/wotlk/quest=13156"", ""A Rare Herb"")"	
"=HYPERLINK(""https://www.wowhead.com/wotlk/quest=13160"", ""Stunning View"")"	
"=HYPERLINK(""https://www.wowhead.com/wotlk/quest=13161"", ""The Rider of the Unholy"")"	
"=HYPERLINK(""https://www.wowhead.com/wotlk/quest=13162"", ""The Rider of Frost"")"	
"=HYPERLINK(""https://www.wowhead.com/wotlk/quest=13163"", ""The Rider of Blood"")"	
"=HYPERLINK(""https://www.wowhead.com/wotlk/quest=13164"", ""The Fate of Bloodbane"")"	
"=HYPERLINK(""https://www.wowhead.com/wotlk/quest=13169"", ""An Undead's Best Friend"")"	
"=HYPERLINK(""https://www.wowhead.com/wotlk/quest=13170"", ""Honor is for the Weak"")"	
"=HYPERLINK(""https://www.wowhead.com/wotlk/quest=13171"", ""From Whence They Came"")"	
"=HYPERLINK(""https://www.wowhead.com/wotlk/quest=13172"", ""Seeds of Chaos"")"	
"=HYPERLINK(""https://www.wowhead.com/wotlk/quest=13174"", ""Amidst the Confusion"")"	
"=HYPERLINK(""https://www.wowhead.com/wotlk/quest=13177"", ""No Mercy for the Merciless"")"	
"=HYPERLINK(""https://www.wowhead.com/wotlk/quest=13178"", ""Slay them all!"")"	
"=HYPERLINK(""https://www.wowhead.com/wotlk/quest=13179"", ""No Mercy for the Merciless"")"	
"=HYPERLINK(""https://www.wowhead.com/wotlk/quest=13180"", ""Slay them all!"")"	
"=HYPERLINK(""https://www.wowhead.com/wotlk/quest=13185"", ""Stop the Siege"")"	
"=HYPERLINK(""https://www.wowhead.com/wotlk/quest=13186"", ""Stop the Siege"")"	
"=HYPERLINK(""https://www.wowhead.com/wotlk/quest=13190"", ""All Things in Good Time"")"	
"=HYPERLINK(""https://www.wowhead.com/wotlk/quest=13191"", ""Fueling the Demolishers"")"	
"=HYPERLINK(""https://www.wowhead.com/wotlk/quest=13192"", ""Warding the Walls"")"	
"=HYPERLINK(""https://www.wowhead.com/wotlk/quest=13193"", ""Bones and Arrows"")"	
"=HYPERLINK(""https://www.wowhead.com/wotlk/quest=13194"", ""Healing with Roses"")"	
"=HYPERLINK(""https://www.wowhead.com/wotlk/quest=13195"", ""A Rare Herb"")"	
"=HYPERLINK(""https://www.wowhead.com/wotlk/quest=13196"", ""Bones and Arrows"")"	
"=HYPERLINK(""https://www.wowhead.com/wotlk/quest=13197"", ""Fueling the Demolishers"")"	
"=HYPERLINK(""https://www.wowhead.com/wotlk/quest=13198"", ""Warding the Warriors"")"	
"=HYPERLINK(""https://www.wowhead.com/wotlk/quest=13199"", ""Bones and Arrows"")"	
"=HYPERLINK(""https://www.wowhead.com/wotlk/quest=13200"", ""Fueling the Demolishers"")"	
"=HYPERLINK(""https://www.wowhead.com/wotlk/quest=13201"", ""Healing with Roses"")"	
"=HYPERLINK(""https://www.wowhead.com/wotlk/quest=13202"", ""Jinxing the Walls"")"	
"=HYPERLINK(""https://www.wowhead.com/wotlk/quest=13211"", ""By Fire Be Purged"")"	
"=HYPERLINK(""https://www.wowhead.com/wotlk/quest=13212"", ""He's Gone to Pieces"")"	
"=HYPERLINK(""https://www.wowhead.com/wotlk/quest=13220"", ""Putting Olakin Back Together Again"")"	
"=HYPERLINK(""https://www.wowhead.com/wotlk/quest=13222"", ""Defend the Siege"")"	
"=HYPERLINK(""https://www.wowhead.com/wotlk/quest=13223"", ""Defend the Siege"")"	
"=HYPERLINK(""https://www.wowhead.com/wotlk/quest=13228"", ""The Broken Front"")"	
"=HYPERLINK(""https://www.wowhead.com/wotlk/quest=13230"", ""Avenge Me!"")"	
"=HYPERLINK(""https://www.wowhead.com/wotlk/quest=13231"", ""The Broken Front"")"	
"=HYPERLINK(""https://www.wowhead.com/wotlk/quest=13232"", ""Finish Me!"")"	
"=HYPERLINK(""https://www.wowhead.com/wotlk/quest=13235"", ""The Flesh Giant Champion"")"	
"=HYPERLINK(""https://www.wowhead.com/wotlk/quest=13236"", ""Army of the Damned"")"	
"=HYPERLINK(""https://www.wowhead.com/wotlk/quest=13237"", ""Poke and Prod"")"	
"=HYPERLINK(""https://www.wowhead.com/wotlk/quest=13239"", ""Volatility"")"	
"=HYPERLINK(""https://www.wowhead.com/wotlk/quest=13259"", ""Establishing Superiority"")"	
"=HYPERLINK(""https://www.wowhead.com/wotlk/quest=13261"", ""Volatility"")"	
"=HYPERLINK(""https://www.wowhead.com/wotlk/quest=13264"", ""That's Abominable!"")"	
"=HYPERLINK(""https://www.wowhead.com/wotlk/quest=13273"", ""Going After the Core"")"	
"=HYPERLINK(""https://www.wowhead.com/wotlk/quest=13274"", ""The Core's Keeper"")"	
"=HYPERLINK(""https://www.wowhead.com/wotlk/quest=13275"", ""Time to Hide"")"	
"=HYPERLINK(""https://www.wowhead.com/wotlk/quest=13276"", ""That's Abominable!"")"	
"=HYPERLINK(""https://www.wowhead.com/wotlk/quest=13277"", ""Against the Giants"")"	
"=HYPERLINK(""https://www.wowhead.com/wotlk/quest=13278"", ""Coprous the Defiled"")"	
"=HYPERLINK(""https://www.wowhead.com/wotlk/quest=13279"", ""Basic Chemistry"")"	
"=HYPERLINK(""https://www.wowhead.com/wotlk/quest=13280"", ""King of the Mountain"")"	
"=HYPERLINK(""https://www.wowhead.com/wotlk/quest=13281"", ""Neutralizing the Plague"")"	
"=HYPERLINK(""https://www.wowhead.com/wotlk/quest=13283"", ""King of the Mountain"")"	
"=HYPERLINK(""https://www.wowhead.com/wotlk/quest=13284"", ""Assault by Ground"")"	
"=HYPERLINK(""https://www.wowhead.com/wotlk/quest=13285"", ""Forging the Keystone"")"	
"=HYPERLINK(""https://www.wowhead.com/wotlk/quest=13287"", ""Poke and Prod"")"	
"=HYPERLINK(""https://www.wowhead.com/wotlk/quest=13288"", ""That's Abominable!"")"	
"=HYPERLINK(""https://www.wowhead.com/wotlk/quest=13289"", ""That's Abominable!"")"	
"=HYPERLINK(""https://www.wowhead.com/wotlk/quest=13291"", ""Borrowed Technology"")"	
"=HYPERLINK(""https://www.wowhead.com/wotlk/quest=13292"", ""The Solution Solution"")"	
"=HYPERLINK(""https://www.wowhead.com/wotlk/quest=13294"", ""Against the Giants"")"	
"=HYPERLINK(""https://www.wowhead.com/wotlk/quest=13295"", ""Basic Chemistry"")"	
"=HYPERLINK(""https://www.wowhead.com/wotlk/quest=13297"", ""Neutralizing the Plague"")"	
"=HYPERLINK(""https://www.wowhead.com/wotlk/quest=13298"", ""Coprous the Defiled"")"	
"=HYPERLINK(""https://www.wowhead.com/wotlk/quest=13300"", ""Slaves to Saronite"")"	
"=HYPERLINK(""https://www.wowhead.com/wotlk/quest=13301"", ""Assault by Ground"")"	
"=HYPERLINK(""https://www.wowhead.com/wotlk/quest=13302"", ""Slaves to Saronite"")"	
"=HYPERLINK(""https://www.wowhead.com/wotlk/quest=13304"", ""Field Repairs"")"	
"=HYPERLINK(""https://www.wowhead.com/wotlk/quest=13305"", ""Do Your Worst"")"	
"=HYPERLINK(""https://www.wowhead.com/wotlk/quest=13306"", ""Raise the Barricades"")"	
"=HYPERLINK(""https://www.wowhead.com/wotlk/quest=13307"", ""Bloodspattered Banners"")"	
"=HYPERLINK(""https://www.wowhead.com/wotlk/quest=13308"", ""Mind Tricks"")"	
"=HYPERLINK(""https://www.wowhead.com/wotlk/quest=13309"", ""Assault by Air"")"	
"=HYPERLINK(""https://www.wowhead.com/wotlk/quest=13310"", ""Assault by Air"")"	
"=HYPERLINK(""https://www.wowhead.com/wotlk/quest=13312"", ""The Ironwall Rampart"")"	
"=HYPERLINK(""https://www.wowhead.com/wotlk/quest=13313"", ""Blinding the Eyes in the Sky"")"	
"=HYPERLINK(""https://www.wowhead.com/wotlk/quest=13314"", ""Get the Message"")"	
"=HYPERLINK(""https://www.wowhead.com/wotlk/quest=13315"", ""Sneak Preview"")"	
"=HYPERLINK(""https://www.wowhead.com/wotlk/quest=13316"", ""The Guardians of Corp'rethar"")"	
"=HYPERLINK(""https://www.wowhead.com/wotlk/quest=13318"", ""Drag and Drop"")"	
"=HYPERLINK(""https://www.wowhead.com/wotlk/quest=13319"", ""Chain of Command"")"	
"=HYPERLINK(""https://www.wowhead.com/wotlk/quest=13320"", ""Cannot Reproduce"")"	
"=HYPERLINK(""https://www.wowhead.com/wotlk/quest=13321"", ""Retest Now"")"	
"=HYPERLINK(""https://www.wowhead.com/wotlk/quest=13322"", ""Retest Now"")"	
"=HYPERLINK(""https://www.wowhead.com/wotlk/quest=13323"", ""Drag and Drop"")"	
"=HYPERLINK(""https://www.wowhead.com/wotlk/quest=13328"", ""Shatter the Shards"")"	
"=HYPERLINK(""https://www.wowhead.com/wotlk/quest=13329"", ""Before the Gate of Horror"")"	
"=HYPERLINK(""https://www.wowhead.com/wotlk/quest=13330"", ""Blood of the Chosen"")"	
"=HYPERLINK(""https://www.wowhead.com/wotlk/quest=13331"", ""Keeping the Alliance Blind"")"	
"=HYPERLINK(""https://www.wowhead.com/wotlk/quest=13332"", ""Raise the Barricades"")"	
"=HYPERLINK(""https://www.wowhead.com/wotlk/quest=13333"", ""Capture More Dispatches"")"	
"=HYPERLINK(""https://www.wowhead.com/wotlk/quest=13334"", ""Bloodspattered Banners"")"	
"=HYPERLINK(""https://www.wowhead.com/wotlk/quest=13335"", ""Before the Gate of Horror"")"	
"=HYPERLINK(""https://www.wowhead.com/wotlk/quest=13336"", ""Blood of the Chosen"")"	
"=HYPERLINK(""https://www.wowhead.com/wotlk/quest=13337"", ""The Ironwall Rampart"")"	
"=HYPERLINK(""https://www.wowhead.com/wotlk/quest=13338"", ""The Guardians of Corp'rethar"")"	
"=HYPERLINK(""https://www.wowhead.com/wotlk/quest=13339"", ""Shatter the Shards"")"	
"=HYPERLINK(""https://www.wowhead.com/wotlk/quest=13342"", ""Not a Bug"")"	
"=HYPERLINK(""https://www.wowhead.com/wotlk/quest=13343"", ""Mystery of the Infinite, Redux"")"	
"=HYPERLINK(""https://www.wowhead.com/wotlk/quest=13344"", ""Not a Bug"")"	
"=HYPERLINK(""https://www.wowhead.com/wotlk/quest=13345"", ""Need More Info"")"	
"=HYPERLINK(""https://www.wowhead.com/wotlk/quest=13346"", ""No Rest For The Wicked"")"	
"=HYPERLINK(""https://www.wowhead.com/wotlk/quest=13349"", ""Cradle of the Frostbrood"")"	
"=HYPERLINK(""https://www.wowhead.com/wotlk/quest=13350"", ""No Rest For The Wicked"")"	
"=HYPERLINK(""https://www.wowhead.com/wotlk/quest=13351"", ""Sneak Preview"")"	
"=HYPERLINK(""https://www.wowhead.com/wotlk/quest=13352"", ""Drag and Drop"")"	
"=HYPERLINK(""https://www.wowhead.com/wotlk/quest=13353"", ""Drag and Drop"")"	
"=HYPERLINK(""https://www.wowhead.com/wotlk/quest=13354"", ""Chain of Command"")"	
"=HYPERLINK(""https://www.wowhead.com/wotlk/quest=13355"", ""Cannot Reproduce"")"	
"=HYPERLINK(""https://www.wowhead.com/wotlk/quest=13356"", ""Retest Now"")"	
"=HYPERLINK(""https://www.wowhead.com/wotlk/quest=13357"", ""Retest Now"")"	
"=HYPERLINK(""https://www.wowhead.com/wotlk/quest=13358"", ""Not a Bug"")"	
"=HYPERLINK(""https://www.wowhead.com/wotlk/quest=13359"", ""Where Dragons Fell"")"	
"=HYPERLINK(""https://www.wowhead.com/wotlk/quest=13361"", ""The Hunter and the Prince"")"	
"=HYPERLINK(""https://www.wowhead.com/wotlk/quest=13364"", ""Tirion's Gambit"")"	
"=HYPERLINK(""https://www.wowhead.com/wotlk/quest=13365"", ""Not a Bug"")"	
"=HYPERLINK(""https://www.wowhead.com/wotlk/quest=13366"", ""Need More Info"")"	
"=HYPERLINK(""https://www.wowhead.com/wotlk/quest=13367"", ""No Rest For The Wicked"")"	
"=HYPERLINK(""https://www.wowhead.com/wotlk/quest=13368"", ""No Rest For The Wicked"")"	
"=HYPERLINK(""https://www.wowhead.com/wotlk/quest=13373"", ""Fringe Science Benefits"")"	
"=HYPERLINK(""https://www.wowhead.com/wotlk/quest=13374"", ""Amped for Revolt!"")"	
"=HYPERLINK(""https://www.wowhead.com/wotlk/quest=13376"", ""Total Ohmage: The Valley of Lost Hope!"")"	
"=HYPERLINK(""https://www.wowhead.com/wotlk/quest=13380"", ""Leading the Charge"")"	
"=HYPERLINK(""https://www.wowhead.com/wotlk/quest=13381"", ""Watts My Target"")"	
"=HYPERLINK(""https://www.wowhead.com/wotlk/quest=13382"", ""Putting the Hertz: The Valley of Lost Hope"")"	
"=HYPERLINK(""https://www.wowhead.com/wotlk/quest=13384"", ""Judgment at the Eye of Eternity"")"	
"=HYPERLINK(""https://www.wowhead.com/wotlk/quest=13385"", ""Heroic Judgment at the Eye of Eternity"")"	
"=HYPERLINK(""https://www.wowhead.com/wotlk/quest=13387"", ""Securing the Perimeter"")"	
"=HYPERLINK(""https://www.wowhead.com/wotlk/quest=13391"", ""Time to Hide"")"	
"=HYPERLINK(""https://www.wowhead.com/wotlk/quest=13393"", ""Field Repairs"")"	
"=HYPERLINK(""https://www.wowhead.com/wotlk/quest=13394"", ""Do Your Worst"")"	
"=HYPERLINK(""https://www.wowhead.com/wotlk/quest=13395"", ""Army of the Damned"")"	
"=HYPERLINK(""https://www.wowhead.com/wotlk/quest=13397"", ""Sindragosa's Fall"")"	
"=HYPERLINK(""https://www.wowhead.com/wotlk/quest=13398"", ""Where Dragons Fell"")"	
"=HYPERLINK(""https://www.wowhead.com/wotlk/quest=13400"", ""The Hunter and the Prince"")"	
"=HYPERLINK(""https://www.wowhead.com/wotlk/quest=13403"", ""Tirion's Gambit"")"	
"=HYPERLINK(""https://www.wowhead.com/wotlk/quest=13404"", ""Static Shock Troops: the Bombardment"")"	
"=HYPERLINK(""https://www.wowhead.com/wotlk/quest=13406"", ""Riding the Wavelength: The Bombardment"")"	
"=HYPERLINK(""https://www.wowhead.com/wotlk/quest=13413"", ""Aces High!"")"	
"=HYPERLINK(""https://www.wowhead.com/wotlk/quest=13414"", ""Aces High!"")"	
"=HYPERLINK(""https://www.wowhead.com/wotlk/quest=13423"", ""Defending Your Title"")"	
"=HYPERLINK(""https://www.wowhead.com/wotlk/quest=13424"", ""Back to the Pit"")"	
"=HYPERLINK(""https://www.wowhead.com/wotlk/quest=13425"", ""The Aberrations Must Die"")"	
"=HYPERLINK(""https://www.wowhead.com/wotlk/quest=13538"", ""Southern Sabotage"")"	
"=HYPERLINK(""https://www.wowhead.com/wotlk/quest=13539"", ""Toppling the Towers"")"	
"=HYPERLINK(""https://www.wowhead.com/wotlk/quest=13559"", ""Hodir's Tribute"")"	
"=HYPERLINK(""https://www.wowhead.com/wotlk/quest=13592"", ""A Valiant's Field Training"")"	
"=HYPERLINK(""https://www.wowhead.com/wotlk/quest=13600"", ""A Worthy Weapon"")"	
"=HYPERLINK(""https://www.wowhead.com/wotlk/quest=13603"", ""A Blade Fit For A Champion"")"	
"=HYPERLINK(""https://www.wowhead.com/wotlk/quest=13606"", ""Freya's Sigil"")"	
"=HYPERLINK(""https://www.wowhead.com/wotlk/quest=13607"", ""The Celestial Planetarium"")"	
"=HYPERLINK(""https://www.wowhead.com/wotlk/quest=13609"", ""Hodir's Sigil"")"	
"=HYPERLINK(""https://www.wowhead.com/wotlk/quest=13610"", ""Thorim's Sigil"")"	
"=HYPERLINK(""https://www.wowhead.com/wotlk/quest=13611"", ""Mimiron's Sigil"")"	
"=HYPERLINK(""https://www.wowhead.com/wotlk/quest=13616"", ""The Edge Of Winter"")"	
"=HYPERLINK(""https://www.wowhead.com/wotlk/quest=13625"", ""Learning The Reins"")"	
"=HYPERLINK(""https://www.wowhead.com/wotlk/quest=13629"", ""Val'anyr, Hammer of Ancient Kings"")"	
"=HYPERLINK(""https://www.wowhead.com/wotlk/quest=13633"", ""The Black Knight of Westfall?"")"	
"=HYPERLINK(""https://www.wowhead.com/wotlk/quest=13634"", ""The Black Knight of Silverpine?"")"	
"=HYPERLINK(""https://www.wowhead.com/wotlk/quest=13641"", ""The Seer's Crystal"")"	
"=HYPERLINK(""https://www.wowhead.com/wotlk/quest=13643"", ""The Stories Dead Men Tell"")"	
"=HYPERLINK(""https://www.wowhead.com/wotlk/quest=13654"", ""There's Something About the Squire"")"	
"=HYPERLINK(""https://www.wowhead.com/wotlk/quest=13663"", ""The Black Knight's Orders"")"	
"=HYPERLINK(""https://www.wowhead.com/wotlk/quest=13664"", ""The Black Knight's Fall"")"	
"=HYPERLINK(""https://www.wowhead.com/wotlk/quest=13665"", ""The Grand Melee"")"	
"=HYPERLINK(""https://www.wowhead.com/wotlk/quest=13666"", ""A Blade Fit For A Champion"")"	
"=HYPERLINK(""https://www.wowhead.com/wotlk/quest=13669"", ""A Worthy Weapon"")"	
"=HYPERLINK(""https://www.wowhead.com/wotlk/quest=13670"", ""The Edge Of Winter"")"	
"=HYPERLINK(""https://www.wowhead.com/wotlk/quest=13671"", ""Training In The Field"")"	
"=HYPERLINK(""https://www.wowhead.com/wotlk/quest=13672"", ""Up To The Challenge"")"	
"=HYPERLINK(""https://www.wowhead.com/wotlk/quest=13673"", ""A Blade Fit For A Champion"")"	
"=HYPERLINK(""https://www.wowhead.com/wotlk/quest=13674"", ""A Worthy Weapon"")"	
"=HYPERLINK(""https://www.wowhead.com/wotlk/quest=13675"", ""The Edge Of Winter"")"	
"=HYPERLINK(""https://www.wowhead.com/wotlk/quest=13676"", ""Training In The Field"")"	
"=HYPERLINK(""https://www.wowhead.com/wotlk/quest=13677"", ""Learning The Reins"")"	
"=HYPERLINK(""https://www.wowhead.com/wotlk/quest=13678"", ""Up To The Challenge"")"	
"=HYPERLINK(""https://www.wowhead.com/wotlk/quest=13679"", ""The Aspirant's Challenge"")"	
"=HYPERLINK(""https://www.wowhead.com/wotlk/quest=13680"", ""The Aspirant's Challenge"")"	
"=HYPERLINK(""https://www.wowhead.com/wotlk/quest=13697"", ""The Valiant's Charge"")"	
"=HYPERLINK(""https://www.wowhead.com/wotlk/quest=13699"", ""The Valiant's Challenge"")"	
"=HYPERLINK(""https://www.wowhead.com/wotlk/quest=13713"", ""The Valiant's Challenge"")"	
"=HYPERLINK(""https://www.wowhead.com/wotlk/quest=13714"", ""The Valiant's Charge"")"	
"=HYPERLINK(""https://www.wowhead.com/wotlk/quest=13715"", ""The Valiant's Charge"")"	
"=HYPERLINK(""https://www.wowhead.com/wotlk/quest=13716"", ""The Valiant's Charge"")"	
"=HYPERLINK(""https://www.wowhead.com/wotlk/quest=13717"", ""The Valiant's Charge"")"	
"=HYPERLINK(""https://www.wowhead.com/wotlk/quest=13718"", ""The Valiant's Charge"")"	
"=HYPERLINK(""https://www.wowhead.com/wotlk/quest=13719"", ""The Valiant's Charge"")"	
"=HYPERLINK(""https://www.wowhead.com/wotlk/quest=13720"", ""The Valiant's Charge"")"	
"=HYPERLINK(""https://www.wowhead.com/wotlk/quest=13721"", ""The Valiant's Charge"")"	
"=HYPERLINK(""https://www.wowhead.com/wotlk/quest=13722"", ""The Valiant's Charge"")"	
"=HYPERLINK(""https://www.wowhead.com/wotlk/quest=13723"", ""The Valiant's Challenge"")"	
"=HYPERLINK(""https://www.wowhead.com/wotlk/quest=13724"", ""The Valiant's Challenge"")"	
"=HYPERLINK(""https://www.wowhead.com/wotlk/quest=13725"", ""The Valiant's Challenge"")"	
"=HYPERLINK(""https://www.wowhead.com/wotlk/quest=13726"", ""The Valiant's Challenge"")"	
"=HYPERLINK(""https://www.wowhead.com/wotlk/quest=13727"", ""The Valiant's Challenge"")"	
"=HYPERLINK(""https://www.wowhead.com/wotlk/quest=13728"", ""The Valiant's Challenge"")"	
"=HYPERLINK(""https://www.wowhead.com/wotlk/quest=13729"", ""The Valiant's Challenge"")"	
"=HYPERLINK(""https://www.wowhead.com/wotlk/quest=13731"", ""The Valiant's Challenge"")"	
"=HYPERLINK(""https://www.wowhead.com/wotlk/quest=13741"", ""A Blade Fit For A Champion"")"	
"=HYPERLINK(""https://www.wowhead.com/wotlk/quest=13742"", ""A Worthy Weapon"")"	
"=HYPERLINK(""https://www.wowhead.com/wotlk/quest=13743"", ""The Edge Of Winter"")"	
"=HYPERLINK(""https://www.wowhead.com/wotlk/quest=13744"", ""A Valiant's Field Training"")"	
"=HYPERLINK(""https://www.wowhead.com/wotlk/quest=13745"", ""The Grand Melee"")"	
"=HYPERLINK(""https://www.wowhead.com/wotlk/quest=13746"", ""A Blade Fit For A Champion"")"	
"=HYPERLINK(""https://www.wowhead.com/wotlk/quest=13747"", ""A Worthy Weapon"")"	
"=HYPERLINK(""https://www.wowhead.com/wotlk/quest=13748"", ""The Edge Of Winter"")"	
"=HYPERLINK(""https://www.wowhead.com/wotlk/quest=13749"", ""A Valiant's Field Training"")"	
"=HYPERLINK(""https://www.wowhead.com/wotlk/quest=13750"", ""The Grand Melee"")"	
"=HYPERLINK(""https://www.wowhead.com/wotlk/quest=13752"", ""A Blade Fit For A Champion"")"	
"=HYPERLINK(""https://www.wowhead.com/wotlk/quest=13753"", ""A Worthy Weapon"")"	
"=HYPERLINK(""https://www.wowhead.com/wotlk/quest=13754"", ""The Edge Of Winter"")"	
"=HYPERLINK(""https://www.wowhead.com/wotlk/quest=13755"", ""A Valiant's Field Training"")"	
"=HYPERLINK(""https://www.wowhead.com/wotlk/quest=13756"", ""The Grand Melee"")"	
"=HYPERLINK(""https://www.wowhead.com/wotlk/quest=13757"", ""A Blade Fit For A Champion"")"	
"=HYPERLINK(""https://www.wowhead.com/wotlk/quest=13758"", ""A Worthy Weapon"")"	
"=HYPERLINK(""https://www.wowhead.com/wotlk/quest=13759"", ""The Edge Of Winter"")"	
"=HYPERLINK(""https://www.wowhead.com/wotlk/quest=13760"", ""A Valiant's Field Training"")"	
"=HYPERLINK(""https://www.wowhead.com/wotlk/quest=13761"", ""The Grand Melee"")"	
"=HYPERLINK(""https://www.wowhead.com/wotlk/quest=13762"", ""A Blade Fit For A Champion"")"	
"=HYPERLINK(""https://www.wowhead.com/wotlk/quest=13763"", ""A Worthy Weapon"")"	
"=HYPERLINK(""https://www.wowhead.com/wotlk/quest=13764"", ""The Edge Of Winter"")"	
"=HYPERLINK(""https://www.wowhead.com/wotlk/quest=13765"", ""A Valiant's Field Training"")"	
"=HYPERLINK(""https://www.wowhead.com/wotlk/quest=13767"", ""The Grand Melee"")"	
"=HYPERLINK(""https://www.wowhead.com/wotlk/quest=13768"", ""A Blade Fit For A Champion"")"	
"=HYPERLINK(""https://www.wowhead.com/wotlk/quest=13769"", ""A Worthy Weapon"")"	
"=HYPERLINK(""https://www.wowhead.com/wotlk/quest=13770"", ""The Edge Of Winter"")"	
"=HYPERLINK(""https://www.wowhead.com/wotlk/quest=13771"", ""A Valiant's Field Training"")"	
"=HYPERLINK(""https://www.wowhead.com/wotlk/quest=13772"", ""The Grand Melee"")"	
"=HYPERLINK(""https://www.wowhead.com/wotlk/quest=13773"", ""A Blade Fit For A Champion"")"	
"=HYPERLINK(""https://www.wowhead.com/wotlk/quest=13774"", ""A Worthy Weapon"")"	
"=HYPERLINK(""https://www.wowhead.com/wotlk/quest=13775"", ""The Edge Of Winter"")"	
"=HYPERLINK(""https://www.wowhead.com/wotlk/quest=13776"", ""A Valiant's Field Training"")"	
"=HYPERLINK(""https://www.wowhead.com/wotlk/quest=13777"", ""The Grand Melee"")"	
"=HYPERLINK(""https://www.wowhead.com/wotlk/quest=13778"", ""A Blade Fit For A Champion"")"	
"=HYPERLINK(""https://www.wowhead.com/wotlk/quest=13779"", ""A Worthy Weapon"")"	
"=HYPERLINK(""https://www.wowhead.com/wotlk/quest=13780"", ""The Edge Of Winter"")"	
"=HYPERLINK(""https://www.wowhead.com/wotlk/quest=13781"", ""A Valiant's Field Training"")"	
"=HYPERLINK(""https://www.wowhead.com/wotlk/quest=13782"", ""The Grand Melee"")"	
"=HYPERLINK(""https://www.wowhead.com/wotlk/quest=13783"", ""A Blade Fit For A Champion"")"	
"=HYPERLINK(""https://www.wowhead.com/wotlk/quest=13784"", ""A Worthy Weapon"")"	
"=HYPERLINK(""https://www.wowhead.com/wotlk/quest=13785"", ""The Edge Of Winter"")"	
"=HYPERLINK(""https://www.wowhead.com/wotlk/quest=13786"", ""A Valiant's Field Training"")"	
"=HYPERLINK(""https://www.wowhead.com/wotlk/quest=13787"", ""The Grand Melee"")"	
"=HYPERLINK(""https://www.wowhead.com/wotlk/quest=13821"", ""Heroic: Freya's Sigil"")"	
"=HYPERLINK(""https://www.wowhead.com/wotlk/quest=13822"", ""Heroic: Hodir's Sigil"")"	
"=HYPERLINK(""https://www.wowhead.com/wotlk/quest=13823"", ""Heroic: Thorim's Sigil"")"	
"=HYPERLINK(""https://www.wowhead.com/wotlk/quest=13824"", ""Heroic: Mimiron's Sigil"")"	
"=HYPERLINK(""https://www.wowhead.com/wotlk/quest=13828"", ""Mastery Of Melee"")"	
"=HYPERLINK(""https://www.wowhead.com/wotlk/quest=13829"", ""Mastery Of Melee"")"	
"=HYPERLINK(""https://www.wowhead.com/wotlk/quest=13835"", ""Mastery Of The Shield-Breaker"")"	
"=HYPERLINK(""https://www.wowhead.com/wotlk/quest=13837"", ""Mastery Of The Charge"")"	
"=HYPERLINK(""https://www.wowhead.com/wotlk/quest=13838"", ""Mastery Of The Shield-Breaker"")"	
"=HYPERLINK(""https://www.wowhead.com/wotlk/quest=13839"", ""Mastery Of The Charge"")"	
"=HYPERLINK(""https://www.wowhead.com/wotlk/quest=13847"", ""At The Enemy's Gates"")"	
"=HYPERLINK(""https://www.wowhead.com/wotlk/quest=13851"", ""At The Enemy's Gates"")"	
"=HYPERLINK(""https://www.wowhead.com/wotlk/quest=13852"", ""At The Enemy's Gates"")"	
"=HYPERLINK(""https://www.wowhead.com/wotlk/quest=13854"", ""At The Enemy's Gates"")"	
"=HYPERLINK(""https://www.wowhead.com/wotlk/quest=13855"", ""At The Enemy's Gates"")"	
"=HYPERLINK(""https://www.wowhead.com/wotlk/quest=13856"", ""At The Enemy's Gates"")"	
"=HYPERLINK(""https://www.wowhead.com/wotlk/quest=13857"", ""At The Enemy's Gates"")"	
"=HYPERLINK(""https://www.wowhead.com/wotlk/quest=13858"", ""At The Enemy's Gates"")"	
"=HYPERLINK(""https://www.wowhead.com/wotlk/quest=13859"", ""At The Enemy's Gates"")"	
"=HYPERLINK(""https://www.wowhead.com/wotlk/quest=13860"", ""At The Enemy's Gates"")"	
"=HYPERLINK(""https://www.wowhead.com/wotlk/quest=14017"", ""The Black Knight's Fate"")"	
"=HYPERLINK(""https://www.wowhead.com/wotlk/quest=14074"", ""A Leg Up"")"	
"=HYPERLINK(""https://www.wowhead.com/wotlk/quest=14076"", ""Breakfast Of Champions"")"	
"=HYPERLINK(""https://www.wowhead.com/wotlk/quest=14077"", ""The Light's Mercy"")"	
"=HYPERLINK(""https://www.wowhead.com/wotlk/quest=14080"", ""Stop The Aggressors"")"	
"=HYPERLINK(""https://www.wowhead.com/wotlk/quest=14090"", ""Gormok Wants His Snobolds"")"	
"=HYPERLINK(""https://www.wowhead.com/wotlk/quest=14092"", ""Breakfast Of Champions"")"	
"=HYPERLINK(""https://www.wowhead.com/wotlk/quest=14096"", ""You've Really Done It This Time, Kul"")"	
"=HYPERLINK(""https://www.wowhead.com/wotlk/quest=14101"", ""Drottinn Hrothgar"")"	
"=HYPERLINK(""https://www.wowhead.com/wotlk/quest=14102"", ""Mistcaller Yngvar"")"	
"=HYPERLINK(""https://www.wowhead.com/wotlk/quest=14104"", ""Ornolf The Scarred"")"	
"=HYPERLINK(""https://www.wowhead.com/wotlk/quest=14105"", ""Deathspeaker Kharos"")"	
"=HYPERLINK(""https://www.wowhead.com/wotlk/quest=14107"", ""The Fate Of The Fallen"")"	
"=HYPERLINK(""https://www.wowhead.com/wotlk/quest=14108"", ""Get Kraken!"")"	
"=HYPERLINK(""https://www.wowhead.com/wotlk/quest=14112"", ""What Do You Feed a Yeti, Anyway?"")"	
"=HYPERLINK(""https://www.wowhead.com/wotlk/quest=14136"", ""Rescue at Sea"")"	
"=HYPERLINK(""https://www.wowhead.com/wotlk/quest=14140"", ""Stop The Aggressors"")"	
"=HYPERLINK(""https://www.wowhead.com/wotlk/quest=14141"", ""Gormok Wants His Snobolds"")"	
"=HYPERLINK(""https://www.wowhead.com/wotlk/quest=14142"", ""You've Really Done It This Time, Kul"")"	
"=HYPERLINK(""https://www.wowhead.com/wotlk/quest=14143"", ""A Leg Up"")"	
"=HYPERLINK(""https://www.wowhead.com/wotlk/quest=14144"", ""The Light's Mercy"")"	
"=HYPERLINK(""https://www.wowhead.com/wotlk/quest=14145"", ""What Do You Feed a Yeti, Anyway?"")"	
"=HYPERLINK(""https://www.wowhead.com/wotlk/quest=14152"", ""Rescue at Sea"")"	
"=HYPERLINK(""https://www.wowhead.com/wotlk/quest=14444"", ""What The Dragons Know"")"	
"=HYPERLINK(""https://www.wowhead.com/wotlk/quest=14457"", ""The Sunreaver Plan"")"	
"=HYPERLINK(""https://www.wowhead.com/wotlk/quest=20438"", ""A Suitable Disguise"")"	
"=HYPERLINK(""https://www.wowhead.com/wotlk/quest=20439"", ""A Meeting With The Magister"")"	
"=HYPERLINK(""https://www.wowhead.com/wotlk/quest=24442"", ""Battle Plans Of The Kvaldir"")"	
"=HYPERLINK(""https://www.wowhead.com/wotlk/quest=24451"", ""An Audience With The Arcanist"")"	
"=HYPERLINK(""https://www.wowhead.com/wotlk/quest=24461"", ""Reforging The Sword"")"	
"=HYPERLINK(""https://www.wowhead.com/wotlk/quest=24476"", ""Tempering The Blade"")"	
"=HYPERLINK(""https://www.wowhead.com/wotlk/quest=24480"", ""The Halls Of Reflection"")"	
"=HYPERLINK(""https://www.wowhead.com/wotlk/quest=24498"", ""The Path to the Citadel"")"	
"=HYPERLINK(""https://www.wowhead.com/wotlk/quest=24499"", ""Echoes of Tortured Souls"")"	
"=HYPERLINK(""https://www.wowhead.com/wotlk/quest=24500"", ""Wrath of the Lich King"")"	
"=HYPERLINK(""https://www.wowhead.com/wotlk/quest=24507"", ""The Path to the Citadel"")"	
"=HYPERLINK(""https://www.wowhead.com/wotlk/quest=24511"", ""Echoes of Tortured Souls"")"	
"=HYPERLINK(""https://www.wowhead.com/wotlk/quest=24535"", ""Thalorien Dawnseeker"")"	
"=HYPERLINK(""https://www.wowhead.com/wotlk/quest=24555"", ""What The Dragons Know"")"	
"=HYPERLINK(""https://www.wowhead.com/wotlk/quest=24556"", ""A Suitable Disguise"")"	
"=HYPERLINK(""https://www.wowhead.com/wotlk/quest=24557"", ""The Silver Covenant's Scheme"")"	
"=HYPERLINK(""https://www.wowhead.com/wotlk/quest=24559"", ""Reforging The Sword"")"	
"=HYPERLINK(""https://www.wowhead.com/wotlk/quest=24560"", ""Tempering The Blade"")"	
"=HYPERLINK(""https://www.wowhead.com/wotlk/quest=24561"", ""The Halls Of Reflection"")"	
"=HYPERLINK(""https://www.wowhead.com/wotlk/quest=24563"", ""Thalorien Dawnseeker"")"	
"=HYPERLINK(""https://www.wowhead.com/wotlk/quest=24579"", ""Sartharion Must Die!"")"	
"=HYPERLINK(""https://www.wowhead.com/wotlk/quest=24580"", ""Anub'Rekhan Must Die!"")"	
"=HYPERLINK(""https://www.wowhead.com/wotlk/quest=24581"", ""Noth the Plaguebringer Must Die!"")"	
"=HYPERLINK(""https://www.wowhead.com/wotlk/quest=24582"", ""Instructor Razuvious Must Die!"")"	
"=HYPERLINK(""https://www.wowhead.com/wotlk/quest=24583"", ""Patchwerk Must Die!"")"	
"=HYPERLINK(""https://www.wowhead.com/wotlk/quest=24584"", ""Malygos Must Die!"")"	
"=HYPERLINK(""https://www.wowhead.com/wotlk/quest=24585"", ""Flame Leviathan Must Die!"")"	
"=HYPERLINK(""https://www.wowhead.com/wotlk/quest=24586"", ""Razorscale Must Die!"")"	
"=HYPERLINK(""https://www.wowhead.com/wotlk/quest=24587"", ""Ignis the Furnace Master Must Die!"")"	
"=HYPERLINK(""https://www.wowhead.com/wotlk/quest=24588"", ""XT-002 Deconstructor Must Die!"")"	
"=HYPERLINK(""https://www.wowhead.com/wotlk/quest=24589"", ""Lord Jaraxxus Must Die!"")"	
"=HYPERLINK(""https://www.wowhead.com/wotlk/quest=24590"", ""Lord Marrowgar Must Die!"")"	
"=HYPERLINK(""https://www.wowhead.com/wotlk/quest=24710"", ""Deliverance from the Pit"")"	
"=HYPERLINK(""https://www.wowhead.com/wotlk/quest=24712"", ""Deliverance from the Pit"")"	
"=HYPERLINK(""https://www.wowhead.com/wotlk/quest=24802"", ""Wrath of the Lich King"")"	
"=HYPERLINK(""https://www.wowhead.com/wotlk/quest=24819"", ""A Change of Heart"")"	
"=HYPERLINK(""https://www.wowhead.com/wotlk/quest=24820"", ""A Change of Heart"")"	
"=HYPERLINK(""https://www.wowhead.com/wotlk/quest=24821"", ""A Change of Heart"")"	
"=HYPERLINK(""https://www.wowhead.com/wotlk/quest=24822"", ""A Change of Heart"")"	
"=HYPERLINK(""https://www.wowhead.com/wotlk/quest=24823"", ""Path of Destruction"")"	
"=HYPERLINK(""https://www.wowhead.com/wotlk/quest=24825"", ""Path of Wisdom"")"	
"=HYPERLINK(""https://www.wowhead.com/wotlk/quest=24826"", ""Path of Vengeance"")"	
"=HYPERLINK(""https://www.wowhead.com/wotlk/quest=24827"", ""Path of Courage"")"	
"=HYPERLINK(""https://www.wowhead.com/wotlk/quest=24828"", ""Path of Destruction"")"	
"=HYPERLINK(""https://www.wowhead.com/wotlk/quest=24829"", ""Path of Destruction"")"	
"=HYPERLINK(""https://www.wowhead.com/wotlk/quest=24830"", ""Path of Wisdom"")"	
"=HYPERLINK(""https://www.wowhead.com/wotlk/quest=24831"", ""Path of Wisdom"")"	
"=HYPERLINK(""https://www.wowhead.com/wotlk/quest=24832"", ""Path of Vengeance"")"	
"=HYPERLINK(""https://www.wowhead.com/wotlk/quest=24833"", ""Path of Vengeance"")"	
"=HYPERLINK(""https://www.wowhead.com/wotlk/quest=24834"", ""Path of Courage"")"	
"=HYPERLINK(""https://www.wowhead.com/wotlk/quest=24835"", ""Path of Courage"")"	
"=HYPERLINK(""https://www.wowhead.com/wotlk/quest=24836"", ""A Change of Heart"")"	
"=HYPERLINK(""https://www.wowhead.com/wotlk/quest=24837"", ""A Change of Heart"")"	
"=HYPERLINK(""https://www.wowhead.com/wotlk/quest=24838"", ""A Change of Heart"")"	
"=HYPERLINK(""https://www.wowhead.com/wotlk/quest=24839"", ""A Change of Heart"")"	
"=HYPERLINK(""https://www.wowhead.com/wotlk/quest=24840"", ""A Change of Heart"")"	
"=HYPERLINK(""https://www.wowhead.com/wotlk/quest=24841"", ""A Change of Heart"")"	
"=HYPERLINK(""https://www.wowhead.com/wotlk/quest=24842"", ""A Change of Heart"")"	
"=HYPERLINK(""https://www.wowhead.com/wotlk/quest=24843"", ""A Change of Heart"")"	
"=HYPERLINK(""https://www.wowhead.com/wotlk/quest=24844"", ""A Change of Heart"")"	
"=HYPERLINK(""https://www.wowhead.com/wotlk/quest=24845"", ""A Change of Heart"")"	
"=HYPERLINK(""https://www.wowhead.com/wotlk/quest=24846"", ""A Change of Heart"")"	
"=HYPERLINK(""https://www.wowhead.com/wotlk/quest=24847"", ""A Change of Heart"")"	
"=HYPERLINK(""https://www.wowhead.com/wotlk/quest=24869"", ""Deprogramming"")"	
"=HYPERLINK(""https://www.wowhead.com/wotlk/quest=24870"", ""Securing the Ramparts"")"	
"=HYPERLINK(""https://www.wowhead.com/wotlk/quest=24871"", ""Securing the Ramparts"")"	
"=HYPERLINK(""https://www.wowhead.com/wotlk/quest=24872"", ""Respite for a Tormented Soul"")"	
"=HYPERLINK(""https://www.wowhead.com/wotlk/quest=24874"", ""Blood Quickening"")"	
"=HYPERLINK(""https://www.wowhead.com/wotlk/quest=24875"", ""Deprogramming"")"	
"=HYPERLINK(""https://www.wowhead.com/wotlk/quest=24876"", ""Securing the Ramparts"")"	
"=HYPERLINK(""https://www.wowhead.com/wotlk/quest=24877"", ""Securing the Ramparts"")"	
"=HYPERLINK(""https://www.wowhead.com/wotlk/quest=24879"", ""Blood Quickening"")"	
"=HYPERLINK(""https://www.wowhead.com/wotlk/quest=24880"", ""Respite for a Tormented Soul"")"	
"=HYPERLINK(""https://www.wowhead.com/wotlk/quest=24912"", ""Empowerment"")"	
"=HYPERLINK(""https://www.wowhead.com/wotlk/quest=24915"", ""Mograine's Reunion"")"	
"=HYPERLINK(""https://www.wowhead.com/wotlk/quest=24916"", ""Jaina's Locket"")"	
"=HYPERLINK(""https://www.wowhead.com/wotlk/quest=24917"", ""Muradin's Lament"")"	
"=HYPERLINK(""https://www.wowhead.com/wotlk/quest=24918"", ""Sylvanas' Vengeance"")"	
"=HYPERLINK(""https://www.wowhead.com/wotlk/quest=24919"", ""The Lightbringer's Redemption"")"	
"=HYPERLINK(""https://www.wowhead.com/wotlk/quest=25239"", ""Path of Might"")"	
"=HYPERLINK(""https://www.wowhead.com/wotlk/quest=25240"", ""Path of Might"")"	
"=HYPERLINK(""https://www.wowhead.com/wotlk/quest=25242"", ""Path of Might"")"	
"=HYPERLINK(""https://www.wowhead.com/wotlk/quest=25246"", ""A Change of Heart"")"	
"=HYPERLINK(""https://www.wowhead.com/wotlk/quest=25247"", ""A Change of Heart"")"	
"=HYPERLINK(""https://www.wowhead.com/wotlk/quest=25248"", ""A Change of Heart"")"	
"=HYPERLINK(""https://www.wowhead.com/wotlk/quest=25249"", ""A Change of Heart"")"	
"=HYPERLINK(""https://www.wowhead.com/wotlk/quest=26034"", ""The Twilight Destroyer"")"	
"=HYPERLINK(""https://www.wowhead.com/classic/quest=30"", ""Trial of the Sea Lion"")"	
"=HYPERLINK(""https://www.wowhead.com/classic/quest=63"", ""Call of Water"")"	
"=HYPERLINK(""https://www.wowhead.com/classic/quest=272"", ""Trial of the Sea Lion"")"	
"=HYPERLINK(""https://www.wowhead.com/classic/quest=1103"", ""Call of Water"")"	
"=HYPERLINK(""https://www.wowhead.com/classic/quest=1471"", ""The Binding"")"	
"=HYPERLINK(""https://www.wowhead.com/classic/quest=1473"", ""Creature of the Void"")"	
"=HYPERLINK(""https://www.wowhead.com/classic/quest=1474"", ""The Binding"")"	
"=HYPERLINK(""https://www.wowhead.com/classic/quest=1476"", ""Hearts of the Pure"")"	
"=HYPERLINK(""https://www.wowhead.com/classic/quest=1498"", ""Path of Defense"")"	
"=HYPERLINK(""https://www.wowhead.com/classic/quest=1501"", ""Creature of the Void"")"	
"=HYPERLINK(""https://www.wowhead.com/classic/quest=1504"", ""The Binding"")"	
"=HYPERLINK(""https://www.wowhead.com/classic/quest=1513"", ""The Binding"")"	
"=HYPERLINK(""https://www.wowhead.com/classic/quest=1525"", ""Call of Fire"")"	
"=HYPERLINK(""https://www.wowhead.com/classic/quest=1526"", ""Call of Fire"")"	
"=HYPERLINK(""https://www.wowhead.com/classic/quest=1534"", ""Call of Water"")"	
"=HYPERLINK(""https://www.wowhead.com/classic/quest=1535"", ""Call of Water"")"	
"=HYPERLINK(""https://www.wowhead.com/classic/quest=1536"", ""Call of Water"")"	
"=HYPERLINK(""https://www.wowhead.com/classic/quest=1644"", ""The Tome of Divinity"")"	
"=HYPERLINK(""https://www.wowhead.com/classic/quest=1648"", ""The Tome of Divinity"")"	
"=HYPERLINK(""https://www.wowhead.com/classic/quest=1678"", ""Vejrek"")"	
"=HYPERLINK(""https://www.wowhead.com/classic/quest=1683"", ""Vorlus Vilehoof"")"	
"=HYPERLINK(""https://www.wowhead.com/classic/quest=1688"", ""Surena Caledon"")"	
"=HYPERLINK(""https://www.wowhead.com/classic/quest=1689"", ""The Binding"")"	
"=HYPERLINK(""https://www.wowhead.com/classic/quest=1719"", ""The Affray"")"	
"=HYPERLINK(""https://www.wowhead.com/classic/quest=1738"", ""Heartswood"")"	
"=HYPERLINK(""https://www.wowhead.com/classic/quest=1739"", ""The Binding"")"	
"=HYPERLINK(""https://www.wowhead.com/classic/quest=1784"", ""The Tome of Divinity"")"	
"=HYPERLINK(""https://www.wowhead.com/classic/quest=1787"", ""The Tome of Divinity"")"	
"=HYPERLINK(""https://www.wowhead.com/classic/quest=1795"", ""The Binding"")"	
"=HYPERLINK(""https://www.wowhead.com/classic/quest=1802"", ""Tome of the Cabal"")"	
"=HYPERLINK(""https://www.wowhead.com/classic/quest=1803"", ""Tome of the Cabal"")"	
"=HYPERLINK(""https://www.wowhead.com/classic/quest=1804"", ""Tome of the Cabal"")"	
"=HYPERLINK(""https://www.wowhead.com/classic/quest=1805"", ""Tome of the Cabal"")"	
"=HYPERLINK(""https://www.wowhead.com/classic/quest=1819"", ""Ulag the Cleaver"")"	
"=HYPERLINK(""https://www.wowhead.com/classic/quest=2359"", ""Klaven's Tower"")"	
"=HYPERLINK(""https://www.wowhead.com/classic/quest=2478"", ""Mission: Possible But Not Probable"")"	
"=HYPERLINK(""https://www.wowhead.com/classic/quest=6001"", ""Body and Heart"")"	
"=HYPERLINK(""https://www.wowhead.com/classic/quest=6002"", ""Body and Heart"")"	
"=HYPERLINK(""https://www.wowhead.com/classic/quest=6122"", ""The Principal Source"")"	
"=HYPERLINK(""https://www.wowhead.com/classic/quest=6123"", ""Gathering the Cure"")"	
"=HYPERLINK(""https://www.wowhead.com/classic/quest=6124"", ""Curing the Sick"")"	
"=HYPERLINK(""https://www.wowhead.com/classic/quest=6127"", ""The Principal Source"")"	
"=HYPERLINK(""https://www.wowhead.com/classic/quest=6128"", ""Gathering the Cure"")"	
"=HYPERLINK(""https://www.wowhead.com/classic/quest=6129"", ""Curing the Sick"")"	
"=HYPERLINK(""https://www.wowhead.com/classic/quest=7463"", ""Arcane Refreshment"")"	
"=HYPERLINK(""https://www.wowhead.com/classic/quest=7563"", ""Rage of Blood"")"	
"=HYPERLINK(""https://www.wowhead.com/classic/quest=7581"", ""The Prison's Bindings"")"	
"=HYPERLINK(""https://www.wowhead.com/classic/quest=7582"", ""The Prison's Casing"")"	
"=HYPERLINK(""https://www.wowhead.com/classic/quest=7583"", ""Suppression"")"	
"=HYPERLINK(""https://www.wowhead.com/classic/quest=7602"", ""Flawless Fel Essence"")"	
"=HYPERLINK(""https://www.wowhead.com/classic/quest=7603"", ""Kroshius' Infernal Core"")"	
"=HYPERLINK(""https://www.wowhead.com/classic/quest=7624"", ""Ulathek the Traitor"")"	
"=HYPERLINK(""https://www.wowhead.com/classic/quest=7625"", ""Xorothian Stardust"")"	
"=HYPERLINK(""https://www.wowhead.com/classic/quest=7626"", ""Bell of Dethmoora"")"	
"=HYPERLINK(""https://www.wowhead.com/classic/quest=7627"", ""Wheel of the Black March"")"	
"=HYPERLINK(""https://www.wowhead.com/classic/quest=7628"", ""Doomsday Candle"")"	
"=HYPERLINK(""https://www.wowhead.com/classic/quest=7629"", ""Imp Delivery"")"	
"=HYPERLINK(""https://www.wowhead.com/classic/quest=7630"", ""Arcanite"")"	
"=HYPERLINK(""https://www.wowhead.com/classic/quest=7640"", ""Exorcising Terrordale"")"	
"=HYPERLINK(""https://www.wowhead.com/classic/quest=7642"", ""Collection of Goods"")"	
"=HYPERLINK(""https://www.wowhead.com/classic/quest=7643"", ""Ancient Equine Spirit"")"	
"=HYPERLINK(""https://www.wowhead.com/classic/quest=7645"", ""Manna-Enriched Horse Feed"")"	
"=HYPERLINK(""https://www.wowhead.com/classic/quest=7646"", ""The Divination Scryer"")"	
"=HYPERLINK(""https://www.wowhead.com/classic/quest=7647"", ""Judgment and Redemption"")"	
"=HYPERLINK(""https://www.wowhead.com/tbc/quest=9364"", ""Fragmented Magic"")"	
"=HYPERLINK(""https://www.wowhead.com/tbc/quest=9450"", ""Call of Earth"")"	
"=HYPERLINK(""https://www.wowhead.com/tbc/quest=9465"", ""Call of Fire"")"	
"=HYPERLINK(""https://www.wowhead.com/tbc/quest=9467"", ""Call of Fire"")"	
"=HYPERLINK(""https://www.wowhead.com/tbc/quest=9503"", ""Call of Water"")"	
"=HYPERLINK(""https://www.wowhead.com/tbc/quest=9504"", ""Call of Water"")"	
"=HYPERLINK(""https://www.wowhead.com/tbc/quest=9508"", ""Call of Water"")"	
"=HYPERLINK(""https://www.wowhead.com/tbc/quest=9600"", ""Redemption"")"	
"=HYPERLINK(""https://www.wowhead.com/tbc/quest=9619"", ""The Rune of Summoning"")"	
"=HYPERLINK(""https://www.wowhead.com/tbc/quest=9678"", ""The First Trial"")"	
"=HYPERLINK(""https://www.wowhead.com/tbc/quest=9684"", ""Claiming the Light"")"	
"=HYPERLINK(""https://www.wowhead.com/tbc/quest=9685"", ""Redeeming the Dead"")"	
"=HYPERLINK(""https://www.wowhead.com/tbc/quest=9723"", ""A Gesture of Commitment"")"	
"=HYPERLINK(""https://www.wowhead.com/tbc/quest=9725"", ""A Demonstration of Loyalty"")"	
"=HYPERLINK(""https://www.wowhead.com/tbc/quest=9735"", ""True Masters of the Light"")"	
"=HYPERLINK(""https://www.wowhead.com/tbc/quest=9736"", ""True Masters of the Light"")"	
"=HYPERLINK(""https://www.wowhead.com/tbc/quest=9737"", ""True Masters of the Light"")"	
"=HYPERLINK(""https://www.wowhead.com/tbc/quest=10961"", ""The Ward of Wakening"")"	
"=HYPERLINK(""https://www.wowhead.com/tbc/quest=10965"", ""No Mere Dream"")"	
"=HYPERLINK(""https://www.wowhead.com/tbc/quest=10980"", ""The Book of the Raven"")"	
"=HYPERLINK(""https://www.wowhead.com/tbc/quest=10987"", ""To Catch A Sparrowhawk"")"	
"=HYPERLINK(""https://www.wowhead.com/tbc/quest=10988"", ""The Raven Stones"")"	
"=HYPERLINK(""https://www.wowhead.com/tbc/quest=10990"", ""The Eagle's Essence"")"	
"=HYPERLINK(""https://www.wowhead.com/tbc/quest=10991"", ""The Falcon's Essence"")"	
"=HYPERLINK(""https://www.wowhead.com/tbc/quest=10992"", ""The Hawk's Essence"")"	
"=HYPERLINK(""https://www.wowhead.com/tbc/quest=10994"", ""Chasing the Moonstone"")"	
"=HYPERLINK(""https://www.wowhead.com/tbc/quest=11001"", ""Vanquish the Raven God"")"	
"=HYPERLINK(""https://www.wowhead.com/classic/quest=1516"", ""Call of Earth"")"	
"=HYPERLINK(""https://www.wowhead.com/classic/quest=1517"", ""Call of Earth"")"	
"=HYPERLINK(""https://www.wowhead.com/classic/quest=1519"", ""Call of Earth"")"	
"=HYPERLINK(""https://www.wowhead.com/classic/quest=1520"", ""Call of Earth"")"	
"=HYPERLINK(""https://www.wowhead.com/classic/quest=5621"", ""Garments of the Moon"")"	
"=HYPERLINK(""https://www.wowhead.com/classic/quest=5624"", ""Garments of the Light"")"	
"=HYPERLINK(""https://www.wowhead.com/classic/quest=5625"", ""Garments of the Light"")"	
"=HYPERLINK(""https://www.wowhead.com/classic/quest=5648"", ""Garments of Spirituality"")"	
"=HYPERLINK(""https://www.wowhead.com/classic/quest=5650"", ""Garments of Darkness"")"	
"=HYPERLINK(""https://www.wowhead.com/tbc/quest=9489"", ""Cleansing the Scar"")"	
"=HYPERLINK(""https://www.wowhead.com/tbc/quest=9586"", ""Help Tavara"")"	
"=HYPERLINK(""https://www.wowhead.com/classic/quest=1503"", ""Forged Steel"")"	
"=HYPERLINK(""https://www.wowhead.com/classic/quest=1667"", ""Dead-tooth Jack"")"	
"=HYPERLINK(""https://www.wowhead.com/classic/quest=1686"", ""The Shade of Elura"")"	
"=HYPERLINK(""https://www.wowhead.com/classic/quest=1861"", ""Mirror Lake"")"	
"=HYPERLINK(""https://www.wowhead.com/classic/quest=1880"", ""Mage-tastic Gizmonitor"")"	
"=HYPERLINK(""https://www.wowhead.com/classic/quest=1882"", ""The Balnir Farmstead"")"	
"=HYPERLINK(""https://www.wowhead.com/classic/quest=1884"", ""Ju-Ju Heaps"")"	
"=HYPERLINK(""https://www.wowhead.com/classic/quest=2206"", ""Snatch and Grab"")"	
"=HYPERLINK(""https://www.wowhead.com/classic/quest=2242"", ""Destiny Calls"")"	
"=HYPERLINK(""https://www.wowhead.com/tbc/quest=9402"", ""Fetch!"")"	
"=HYPERLINK(""https://www.wowhead.com/tbc/quest=9403"", ""The Purest Water"")"	
"=HYPERLINK(""https://www.wowhead.com/tbc/quest=9404"", ""Recently Living"")"	
"=HYPERLINK(""https://www.wowhead.com/tbc/quest=9582"", ""Strength of One"")"	
"=HYPERLINK(""https://www.wowhead.com/classic/quest=1681"", ""Ironband's Compound"")"	
"=HYPERLINK(""https://www.wowhead.com/classic/quest=1821"", ""Agamand Heirlooms"")"	
"=HYPERLINK(""https://www.wowhead.com/tbc/quest=9595"", ""Control"")"	
"=HYPERLINK(""https://www.wowhead.com/tbc/quest=9460"", ""Combining Forces"")"	
"=HYPERLINK(""https://www.wowhead.com/classic/quest=1858"", ""The Shattered Hand"")"	
"=HYPERLINK(""https://www.wowhead.com/classic/quest=1963"", ""The Shattered Hand"")"	
"=HYPERLINK(""https://www.wowhead.com/wotlk/quest=14420"", ""The Deathstalkers"")"	
"=HYPERLINK(""https://www.wowhead.com/wotlk/quest=14421"", ""The Deathstalkers"")"	
"=HYPERLINK(""https://www.wowhead.com/classic/quest=1921"", ""Gathering Materials"")"	
"=HYPERLINK(""https://www.wowhead.com/classic/quest=1961"", ""Gathering Materials"")"	
"=HYPERLINK(""https://www.wowhead.com/classic/quest=1920"", ""Investigate the Blue Recluse"")"	
"=HYPERLINK(""https://www.wowhead.com/classic/quest=1960"", ""Investigate the Alchemist Shop"")"	
"=HYPERLINK(""https://www.wowhead.com/classic/quest=1998"", ""Fenwick Thatros"")"	
"=HYPERLINK(""https://www.wowhead.com/tbc/quest=9487"", ""Arcane Reavers"")"	
"=HYPERLINK(""https://www.wowhead.com/tbc/quest=9488"", ""A Simple Robe"")"	
"=HYPERLINK(""https://www.wowhead.com/classic/quest=2381"", ""Plundering the Plunderers"")"	
"=HYPERLINK(""https://www.wowhead.com/tbc/quest=9491"", ""Greed"")"	
"=HYPERLINK(""https://www.wowhead.com/tbc/quest=10548"", ""The Sad Truth"")"	
"=HYPERLINK(""https://www.wowhead.com/classic/quest=1824"", ""Trial at the Field of Giants"")"	
"=HYPERLINK(""https://www.wowhead.com/classic/quest=1999"", ""Tools of the Trade"")"	
"=HYPERLINK(""https://www.wowhead.com/classic/quest=2282"", ""Alther's Mill"")"	
"=HYPERLINK(""https://www.wowhead.com/classic/quest=2609"", ""The Touch of Zanzil"")"	
"=HYPERLINK(""https://www.wowhead.com/classic/quest=1442"", ""Seeking the Kor Gem"")"	
"=HYPERLINK(""https://www.wowhead.com/classic/quest=1654"", ""The Test of Righteousness"")"	
"=HYPERLINK(""https://www.wowhead.com/classic/quest=1655"", ""Bailor's Ore Shipment"")"	
"=HYPERLINK(""https://www.wowhead.com/classic/quest=1699"", ""The Rethban Gauntlet"")"	
"=HYPERLINK(""https://www.wowhead.com/classic/quest=2358"", ""Horns of Nez'ra"")"	
"=HYPERLINK(""https://www.wowhead.com/tbc/quest=9692"", ""The Path of the Adept"")"	
"=HYPERLINK(""https://www.wowhead.com/classic/quest=6681"", ""The Manor, Ravenholdt"")"	
"=HYPERLINK(""https://www.wowhead.com/classic/quest=1740"", ""The Orb of Soran'ruk"")"	
"=HYPERLINK(""https://www.wowhead.com/classic/quest=1940"", ""Pristine Spider Silk"")"	
"=HYPERLINK(""https://www.wowhead.com/classic/quest=1944"", ""Waters of Xavian"")"	
"=HYPERLINK(""https://www.wowhead.com/classic/quest=1945"", ""Laughing Sisters"")"	
"=HYPERLINK(""https://www.wowhead.com/classic/quest=1701"", ""Fire Hardened Mail"")"	
"=HYPERLINK(""https://www.wowhead.com/classic/quest=1705"", ""Burning Blood"")"	
"=HYPERLINK(""https://www.wowhead.com/classic/quest=1938"", ""Ur's Treatise on Shadow Magic"")"	
"=HYPERLINK(""https://www.wowhead.com/classic/quest=1708"", ""Iron Coral"")"	
"=HYPERLINK(""https://www.wowhead.com/classic/quest=1710"", ""Sunscorched Shells"")"	
"=HYPERLINK(""https://www.wowhead.com/classic/quest=1838"", ""Brutal Armor"")"	
"=HYPERLINK(""https://www.wowhead.com/classic/quest=1842"", ""Satyr Hooves"")"	
"=HYPERLINK(""https://www.wowhead.com/classic/quest=1844"", ""Chimaeric Horn"")"	
"=HYPERLINK(""https://www.wowhead.com/classic/quest=1846"", ""Dragonmaw Shinbones"")"	
"=HYPERLINK(""https://www.wowhead.com/wotlk/quest=14100"", ""Relic of the Earthen Ring"")"	
"=HYPERLINK(""https://www.wowhead.com/wotlk/quest=14111"", ""Relic of the Earthen Ring"")"	
"=HYPERLINK(""https://www.wowhead.com/classic/quest=1796"", ""Components for the Enchanted Gold Bloodrobe"")"	
"=HYPERLINK(""https://www.wowhead.com/classic/quest=4781"", ""Components for the Enchanted Gold Bloodrobe"")"	
"=HYPERLINK(""https://www.wowhead.com/classic/quest=1714"", ""Essence of the Exile"")"	
"=HYPERLINK(""https://www.wowhead.com/classic/quest=4783"", ""Components for the Enchanted Gold Bloodrobe"")"	
"=HYPERLINK(""https://www.wowhead.com/classic/quest=4784"", ""Components for the Enchanted Gold Bloodrobe"")"	
"=HYPERLINK(""https://www.wowhead.com/classic/quest=1712"", ""Cyclonian"")"	
"=HYPERLINK(""https://www.wowhead.com/classic/quest=1713"", ""The Summoning"")"	
"=HYPERLINK(""https://www.wowhead.com/classic/quest=1799"", ""Fragments of the Orb of Orahil"")"	
"=HYPERLINK(""https://www.wowhead.com/classic/quest=1948"", ""Items of Power"")"	
"=HYPERLINK(""https://www.wowhead.com/classic/quest=1951"", ""Rituals of Power"")"	
"=HYPERLINK(""https://www.wowhead.com/classic/quest=1954"", ""The Infernal Orb"")"	
"=HYPERLINK(""https://www.wowhead.com/classic/quest=1955"", ""The Exorcism"")"	
"=HYPERLINK(""https://www.wowhead.com/classic/quest=1956"", ""Power in Uldaman"")"	
"=HYPERLINK(""https://www.wowhead.com/classic/quest=1957"", ""Mana Surges"")"	
"=HYPERLINK(""https://www.wowhead.com/classic/quest=4961"", ""Cleansing of the Orb of Orahil"")"	
"=HYPERLINK(""https://www.wowhead.com/classic/quest=4962"", ""Shard of a Felhound"")"	
"=HYPERLINK(""https://www.wowhead.com/classic/quest=4963"", ""Shard of an Infernal"")"	
"=HYPERLINK(""https://www.wowhead.com/classic/quest=8153"", ""Courser Antlers"")"	
"=HYPERLINK(""https://www.wowhead.com/classic/quest=8231"", ""Wavethrashing"")"	
"=HYPERLINK(""https://www.wowhead.com/classic/quest=8232"", ""The Green Drake"")"	
"=HYPERLINK(""https://www.wowhead.com/classic/quest=8234"", ""Sealed Azure Bag"")"	
"=HYPERLINK(""https://www.wowhead.com/classic/quest=8235"", ""Encoded Fragments"")"	
"=HYPERLINK(""https://www.wowhead.com/classic/quest=8236"", ""The Azure Key"")"	
"=HYPERLINK(""https://www.wowhead.com/classic/quest=8251"", ""Magic Dust"")"	
"=HYPERLINK(""https://www.wowhead.com/classic/quest=8252"", ""The Siren's Coral"")"	
"=HYPERLINK(""https://www.wowhead.com/classic/quest=8253"", ""Destroy Morphaz"")"	
"=HYPERLINK(""https://www.wowhead.com/classic/quest=8255"", ""Of Coursers We Know"")"	
"=HYPERLINK(""https://www.wowhead.com/classic/quest=8256"", ""The Ichor of Undeath"")"	
"=HYPERLINK(""https://www.wowhead.com/classic/quest=8257"", ""Blood of Morphaz"")"	
"=HYPERLINK(""https://www.wowhead.com/classic/quest=8410"", ""Elemental Mastery"")"	
"=HYPERLINK(""https://www.wowhead.com/classic/quest=8412"", ""Spirit Totem"")"	
"=HYPERLINK(""https://www.wowhead.com/classic/quest=8413"", ""Da Voodoo"")"	
"=HYPERLINK(""https://www.wowhead.com/classic/quest=8414"", ""Dispelling Evil"")"	
"=HYPERLINK(""https://www.wowhead.com/classic/quest=8418"", ""Forging the Mightstone"")"	
"=HYPERLINK(""https://www.wowhead.com/classic/quest=8419"", ""An Imp's Request"")"	
"=HYPERLINK(""https://www.wowhead.com/classic/quest=8420"", ""Hot and Itchy"")"	
"=HYPERLINK(""https://www.wowhead.com/classic/quest=8421"", ""The Wrong Stuff"")"	
"=HYPERLINK(""https://www.wowhead.com/classic/quest=8422"", ""Trolls of a Feather"")"	
"=HYPERLINK(""https://www.wowhead.com/classic/quest=8423"", ""Warrior Kinship"")"	
"=HYPERLINK(""https://www.wowhead.com/classic/quest=8424"", ""War on the Shadowsworn"")"	
"=HYPERLINK(""https://www.wowhead.com/classic/quest=8425"", ""Voodoo Feathers"")"	
"=HYPERLINK(""https://www.wowhead.com/tbc/quest=9052"", ""Bloodpetal Poison"")"	
"=HYPERLINK(""https://www.wowhead.com/tbc/quest=9053"", ""A Better Ingredient"")"	
"=HYPERLINK(""https://www.wowhead.com/tbc/quest=10590"", ""Prove Your Hatred"")"	
"=HYPERLINK(""https://www.wowhead.com/tbc/quest=10593"", ""Ancient Evil"")"	
"=HYPERLINK(""https://www.wowhead.com/wotlk/quest=12619"", ""The Emblazoned Runeblade"")"	
"=HYPERLINK(""https://www.wowhead.com/wotlk/quest=12641"", ""Death Comes From On High"")"	
"=HYPERLINK(""https://www.wowhead.com/wotlk/quest=12678"", ""If Chaos Drives, Let Suffering Hold The Reins"")"	
"=HYPERLINK(""https://www.wowhead.com/wotlk/quest=12679"", ""Tonight We Dine In Havenshire"")"	
"=HYPERLINK(""https://www.wowhead.com/wotlk/quest=12680"", ""Grand Theft Palomino"")"	
"=HYPERLINK(""https://www.wowhead.com/wotlk/quest=12698"", ""The Gift That Keeps On Giving"")"	
"=HYPERLINK(""https://www.wowhead.com/wotlk/quest=12701"", ""Massacre At Light's Point"")"	
"=HYPERLINK(""https://www.wowhead.com/wotlk/quest=12716"", ""The Plaguebringer's Request"")"	
"=HYPERLINK(""https://www.wowhead.com/wotlk/quest=12718"", ""More Skulls For Brew"")"	
"=HYPERLINK(""https://www.wowhead.com/wotlk/quest=12719"", ""Nowhere To Run And Nowhere To Hide"")"	
"=HYPERLINK(""https://www.wowhead.com/wotlk/quest=12722"", ""Lambs To The Slaughter"")"	
"=HYPERLINK(""https://www.wowhead.com/wotlk/quest=12724"", ""The Path Of The Righteous Crusader"")"	
"=HYPERLINK(""https://www.wowhead.com/wotlk/quest=12727"", ""Bloody Breakout"")"	
"=HYPERLINK(""https://www.wowhead.com/wotlk/quest=12733"", ""Death's Challenge"")"	
"=HYPERLINK(""https://www.wowhead.com/wotlk/quest=12739"", ""A Special Surprise"")"	
"=HYPERLINK(""https://www.wowhead.com/wotlk/quest=12742"", ""A Special Surprise"")"	
"=HYPERLINK(""https://www.wowhead.com/wotlk/quest=12743"", ""A Special Surprise"")"	
"=HYPERLINK(""https://www.wowhead.com/wotlk/quest=12744"", ""A Special Surprise"")"	
"=HYPERLINK(""https://www.wowhead.com/wotlk/quest=12745"", ""A Special Surprise"")"	
"=HYPERLINK(""https://www.wowhead.com/wotlk/quest=12746"", ""A Special Surprise"")"	
"=HYPERLINK(""https://www.wowhead.com/wotlk/quest=12747"", ""A Special Surprise"")"	
"=HYPERLINK(""https://www.wowhead.com/wotlk/quest=12748"", ""A Special Surprise"")"	
"=HYPERLINK(""https://www.wowhead.com/wotlk/quest=12749"", ""A Special Surprise"")"	
"=HYPERLINK(""https://www.wowhead.com/wotlk/quest=12750"", ""A Special Surprise"")"	
"=HYPERLINK(""https://www.wowhead.com/wotlk/quest=12754"", ""Ambush At The Overlook"")"	
"=HYPERLINK(""https://www.wowhead.com/wotlk/quest=12779"", ""An End To All Things..."")"	
"=HYPERLINK(""https://www.wowhead.com/wotlk/quest=12801"", ""The Light of Dawn"")"	
"=HYPERLINK(""https://www.wowhead.com/wotlk/quest=12848"", ""The Endless Hunger"")"	
"=HYPERLINK(""https://www.wowhead.com/wotlk/quest=13166"", ""The Battle For The Ebon Hold"")"	
"=HYPERLINK(""https://www.wowhead.com/classic/quest=6701"", ""Syndicate Emblems"")"	
"=HYPERLINK(""https://www.wowhead.com/classic/quest=7634"", ""Ancient Sinew Wrapped Lamina"")"	
"=HYPERLINK(""https://www.wowhead.com/classic/quest=7635"", ""A Proper String"")"	
"=HYPERLINK(""https://www.wowhead.com/classic/quest=7636"", ""Stave of the Ancients"")"	
"=HYPERLINK(""https://www.wowhead.com/classic/quest=7667"", ""Material Assistance"")"	
"=HYPERLINK(""https://www.wowhead.com/classic/quest=8042"", ""Strength of Mount Mugamba"")"	
"=HYPERLINK(""https://www.wowhead.com/classic/quest=8043"", ""Strength of Mount Mugamba"")"	
"=HYPERLINK(""https://www.wowhead.com/classic/quest=8044"", ""The Rage of Mugamba"")"	
"=HYPERLINK(""https://www.wowhead.com/classic/quest=8046"", ""The Heathen's Brand"")"	
"=HYPERLINK(""https://www.wowhead.com/classic/quest=8047"", ""The Heathen's Brand"")"	
"=HYPERLINK(""https://www.wowhead.com/classic/quest=8048"", ""The Hero's Brand"")"	
"=HYPERLINK(""https://www.wowhead.com/classic/quest=8050"", ""The Eye of Zuldazar"")"	
"=HYPERLINK(""https://www.wowhead.com/classic/quest=8051"", ""The Eye of Zuldazar"")"	
"=HYPERLINK(""https://www.wowhead.com/classic/quest=8052"", ""The All-Seeing Eye of Zuldazar"")"	
"=HYPERLINK(""https://www.wowhead.com/classic/quest=8053"", ""Paragons of Power: The Freethinker's Armguards"")"	
"=HYPERLINK(""https://www.wowhead.com/classic/quest=8054"", ""Paragons of Power: The Freethinker's Belt"")"	
"=HYPERLINK(""https://www.wowhead.com/classic/quest=8055"", ""Paragons of Power: The Freethinker's Breastplate"")"	
"=HYPERLINK(""https://www.wowhead.com/classic/quest=8056"", ""Paragons of Power: The Augur's Bracers"")"	
"=HYPERLINK(""https://www.wowhead.com/classic/quest=8057"", ""Paragons of Power: The Haruspex's Bracers"")"	
"=HYPERLINK(""https://www.wowhead.com/classic/quest=8058"", ""Paragons of Power: The Vindicator's Armguards"")"	
"=HYPERLINK(""https://www.wowhead.com/classic/quest=8059"", ""Paragons of Power: The Demoniac's Wraps"")"	
"=HYPERLINK(""https://www.wowhead.com/classic/quest=8060"", ""Paragons of Power: The Illusionist's Wraps"")"	
"=HYPERLINK(""https://www.wowhead.com/classic/quest=8061"", ""Paragons of Power: The Confessor's Wraps"")"	
"=HYPERLINK(""https://www.wowhead.com/classic/quest=8062"", ""Paragons of Power: The Predator's Bracers"")"	
"=HYPERLINK(""https://www.wowhead.com/classic/quest=8063"", ""Paragons of Power: The Madcap's Bracers"")"	
"=HYPERLINK(""https://www.wowhead.com/classic/quest=8064"", ""Paragons of Power: The Haruspex's Belt"")"	
"=HYPERLINK(""https://www.wowhead.com/classic/quest=8065"", ""Paragons of Power: The Haruspex's Tunic"")"	
"=HYPERLINK(""https://www.wowhead.com/classic/quest=8066"", ""Paragons of Power: The Predator's Belt"")"	
"=HYPERLINK(""https://www.wowhead.com/classic/quest=8067"", ""Paragons of Power: The Predator's Mantle"")"	
"=HYPERLINK(""https://www.wowhead.com/classic/quest=8068"", ""Paragons of Power: The Illusionist's Mantle"")"	
"=HYPERLINK(""https://www.wowhead.com/classic/quest=8069"", ""Paragons of Power: The Illusionist's Robes"")"	
"=HYPERLINK(""https://www.wowhead.com/classic/quest=8070"", ""Paragons of Power: The Confessor's Bindings"")"	
"=HYPERLINK(""https://www.wowhead.com/classic/quest=8071"", ""Paragons of Power: The Confessor's Mantle"")"	
"=HYPERLINK(""https://www.wowhead.com/classic/quest=8072"", ""Paragons of Power: The Madcap's Mantle"")"	
"=HYPERLINK(""https://www.wowhead.com/classic/quest=8073"", ""Paragons of Power: The Madcap's Tunic"")"	
"=HYPERLINK(""https://www.wowhead.com/classic/quest=8074"", ""Paragons of Power: The Augur's Belt"")"	
"=HYPERLINK(""https://www.wowhead.com/classic/quest=8075"", ""Paragons of Power: The Augur's Hauberk"")"	
"=HYPERLINK(""https://www.wowhead.com/classic/quest=8076"", ""Paragons of Power: The Demoniac's Mantle"")"	
"=HYPERLINK(""https://www.wowhead.com/classic/quest=8077"", ""Paragons of Power: The Demoniac's Robes"")"	
"=HYPERLINK(""https://www.wowhead.com/classic/quest=8078"", ""Paragons of Power: The Vindicator's Belt"")"	
"=HYPERLINK(""https://www.wowhead.com/classic/quest=8079"", ""Paragons of Power: The Vindicator's Breastplate"")"	
"=HYPERLINK(""https://www.wowhead.com/classic/quest=8102"", ""The Pebble of Kajaro"")"	
"=HYPERLINK(""https://www.wowhead.com/classic/quest=8103"", ""The Pebble of Kajaro"")"	
"=HYPERLINK(""https://www.wowhead.com/classic/quest=8104"", ""The Jewel of Kajaro"")"	
"=HYPERLINK(""https://www.wowhead.com/classic/quest=8107"", ""Kezan's Taint"")"	
"=HYPERLINK(""https://www.wowhead.com/classic/quest=8108"", ""Kezan's Taint"")"	
"=HYPERLINK(""https://www.wowhead.com/classic/quest=8109"", ""Kezan's Unstoppable Taint"")"	
"=HYPERLINK(""https://www.wowhead.com/classic/quest=8111"", ""Enchanted South Seas Kelp"")"	
"=HYPERLINK(""https://www.wowhead.com/classic/quest=8112"", ""Enchanted South Seas Kelp"")"	
"=HYPERLINK(""https://www.wowhead.com/classic/quest=8113"", ""Pristine Enchanted South Seas Kelp"")"	
"=HYPERLINK(""https://www.wowhead.com/classic/quest=8117"", ""Vision of Voodress"")"	
"=HYPERLINK(""https://www.wowhead.com/classic/quest=8118"", ""Vision of Voodress"")"	
"=HYPERLINK(""https://www.wowhead.com/classic/quest=8119"", ""The Unmarred Vision of Voodress"")"	
"=HYPERLINK(""https://www.wowhead.com/classic/quest=8142"", ""Zandalarian Shadow Talisman"")"	
"=HYPERLINK(""https://www.wowhead.com/classic/quest=8143"", ""Zandalarian Shadow Talisman"")"	
"=HYPERLINK(""https://www.wowhead.com/classic/quest=8144"", ""Zandalarian Shadow Mastery Talisman"")"	
"=HYPERLINK(""https://www.wowhead.com/classic/quest=8146"", ""The Maelstrom's Tendril"")"	
"=HYPERLINK(""https://www.wowhead.com/classic/quest=8147"", ""The Maelstrom's Tendril"")"	
"=HYPERLINK(""https://www.wowhead.com/classic/quest=8148"", ""Maelstrom's Wrath"")"	
"=HYPERLINK(""https://www.wowhead.com/classic/quest=8184"", ""Presence of Might"")"	
"=HYPERLINK(""https://www.wowhead.com/classic/quest=8185"", ""Syncretist's Sigil"")"	
"=HYPERLINK(""https://www.wowhead.com/classic/quest=8186"", ""Death's Embrace"")"	
"=HYPERLINK(""https://www.wowhead.com/classic/quest=8187"", ""Falcon's Call"")"	
"=HYPERLINK(""https://www.wowhead.com/classic/quest=8188"", ""Vodouisant's Vigilant Embrace"")"	
"=HYPERLINK(""https://www.wowhead.com/classic/quest=8189"", ""Presence of Sight"")"	
"=HYPERLINK(""https://www.wowhead.com/classic/quest=8190"", ""Hoodoo Hex"")"	
"=HYPERLINK(""https://www.wowhead.com/classic/quest=8191"", ""Prophetic Aura"")"	
"=HYPERLINK(""https://www.wowhead.com/classic/quest=8192"", ""Animist's Caress"")"	
"=HYPERLINK(""https://www.wowhead.com/classic/quest=8258"", ""The Darkreaver Menace"")"	
"=HYPERLINK(""https://www.wowhead.com/classic/quest=8544"", ""Conqueror's Spaulders"")"	
"=HYPERLINK(""https://www.wowhead.com/classic/quest=8556"", ""Signet of Unyielding Strength"")"	
"=HYPERLINK(""https://www.wowhead.com/classic/quest=8557"", ""Drape of Unyielding Strength"")"	
"=HYPERLINK(""https://www.wowhead.com/classic/quest=8558"", ""Sickle of Unyielding Strength"")"	
"=HYPERLINK(""https://www.wowhead.com/classic/quest=8559"", ""Conqueror's Greaves"")"	
"=HYPERLINK(""https://www.wowhead.com/classic/quest=8560"", ""Conqueror's Legguards"")"	
"=HYPERLINK(""https://www.wowhead.com/classic/quest=8561"", ""Conqueror's Crown"")"	
"=HYPERLINK(""https://www.wowhead.com/classic/quest=8562"", ""Conqueror's Breastplate"")"	
"=HYPERLINK(""https://www.wowhead.com/classic/quest=8592"", ""Tiara of the Oracle"")"	
"=HYPERLINK(""https://www.wowhead.com/classic/quest=8593"", ""Trousers of the Oracle"")"	
"=HYPERLINK(""https://www.wowhead.com/classic/quest=8594"", ""Mantle of the Oracle"")"	
"=HYPERLINK(""https://www.wowhead.com/classic/quest=8596"", ""Footwraps of the Oracle"")"	
"=HYPERLINK(""https://www.wowhead.com/classic/quest=8602"", ""Stormcaller's Pauldrons"")"	
"=HYPERLINK(""https://www.wowhead.com/classic/quest=8603"", ""Vestments of the Oracle"")"	
"=HYPERLINK(""https://www.wowhead.com/classic/quest=8621"", ""Stormcaller's Footguards"")"	
"=HYPERLINK(""https://www.wowhead.com/classic/quest=8622"", ""Stormcaller's Hauberk"")"	
"=HYPERLINK(""https://www.wowhead.com/classic/quest=8623"", ""Stormcaller's Diadem"")"	
"=HYPERLINK(""https://www.wowhead.com/classic/quest=8624"", ""Stormcaller's Leggings"")"	
"=HYPERLINK(""https://www.wowhead.com/classic/quest=8625"", ""Enigma Shoulderpads"")"	
"=HYPERLINK(""https://www.wowhead.com/classic/quest=8626"", ""Striker's Footguards"")"	
"=HYPERLINK(""https://www.wowhead.com/classic/quest=8627"", ""Avenger's Breastplate"")"	
"=HYPERLINK(""https://www.wowhead.com/classic/quest=8628"", ""Avenger's Crown"")"	
"=HYPERLINK(""https://www.wowhead.com/classic/quest=8629"", ""Avenger's Legguards"")"	
"=HYPERLINK(""https://www.wowhead.com/classic/quest=8630"", ""Avenger's Pauldrons"")"	
"=HYPERLINK(""https://www.wowhead.com/classic/quest=8631"", ""Enigma Leggings"")"	
"=HYPERLINK(""https://www.wowhead.com/classic/quest=8632"", ""Enigma Circlet"")"	
"=HYPERLINK(""https://www.wowhead.com/classic/quest=8633"", ""Enigma Robes"")"	
"=HYPERLINK(""https://www.wowhead.com/classic/quest=8634"", ""Enigma Boots"")"	
"=HYPERLINK(""https://www.wowhead.com/classic/quest=8637"", ""Deathdealer's Boots"")"	
"=HYPERLINK(""https://www.wowhead.com/classic/quest=8638"", ""Deathdealer's Vest"")"	
"=HYPERLINK(""https://www.wowhead.com/classic/quest=8639"", ""Deathdealer's Helm"")"	
"=HYPERLINK(""https://www.wowhead.com/classic/quest=8640"", ""Deathdealer's Leggings"")"	
"=HYPERLINK(""https://www.wowhead.com/classic/quest=8641"", ""Deathdealer's Spaulders"")"	
"=HYPERLINK(""https://www.wowhead.com/classic/quest=8655"", ""Avenger's Greaves"")"	
"=HYPERLINK(""https://www.wowhead.com/classic/quest=8656"", ""Striker's Hauberk"")"	
"=HYPERLINK(""https://www.wowhead.com/classic/quest=8657"", ""Striker's Diadem"")"	
"=HYPERLINK(""https://www.wowhead.com/classic/quest=8658"", ""Striker's Leggings"")"	
"=HYPERLINK(""https://www.wowhead.com/classic/quest=8659"", ""Striker's Pauldrons"")"	
"=HYPERLINK(""https://www.wowhead.com/classic/quest=8660"", ""Doomcaller's Footwraps"")"	
"=HYPERLINK(""https://www.wowhead.com/classic/quest=8661"", ""Doomcaller's Robes"")"	
"=HYPERLINK(""https://www.wowhead.com/classic/quest=8662"", ""Doomcaller's Circlet"")"	
"=HYPERLINK(""https://www.wowhead.com/classic/quest=8663"", ""Doomcaller's Trousers"")"	
"=HYPERLINK(""https://www.wowhead.com/classic/quest=8664"", ""Doomcaller's Mantle"")"	
"=HYPERLINK(""https://www.wowhead.com/classic/quest=8665"", ""Genesis Boots"")"	
"=HYPERLINK(""https://www.wowhead.com/classic/quest=8666"", ""Genesis Vest"")"	
"=HYPERLINK(""https://www.wowhead.com/classic/quest=8667"", ""Genesis Helm"")"	
"=HYPERLINK(""https://www.wowhead.com/classic/quest=8668"", ""Genesis Trousers"")"	
"=HYPERLINK(""https://www.wowhead.com/classic/quest=8669"", ""Genesis Shoulderpads"")"	
"=HYPERLINK(""https://www.wowhead.com/classic/quest=8689"", ""Shroud of Infinite Wisdom"")"	
"=HYPERLINK(""https://www.wowhead.com/classic/quest=8690"", ""Cloak of the Gathering Storm"")"	
"=HYPERLINK(""https://www.wowhead.com/classic/quest=8691"", ""Drape of Vaulted Secrets"")"	
"=HYPERLINK(""https://www.wowhead.com/classic/quest=8692"", ""Cloak of Unending Life"")"	
"=HYPERLINK(""https://www.wowhead.com/classic/quest=8693"", ""Cloak of Veiled Shadows"")"	
"=HYPERLINK(""https://www.wowhead.com/classic/quest=8694"", ""Shroud of Unspoken Names"")"	
"=HYPERLINK(""https://www.wowhead.com/classic/quest=8695"", ""Cape of Eternal Justice"")"	
"=HYPERLINK(""https://www.wowhead.com/classic/quest=8696"", ""Cloak of the Unseen Path"")"	
"=HYPERLINK(""https://www.wowhead.com/classic/quest=8697"", ""Ring of Infinite Wisdom"")"	
"=HYPERLINK(""https://www.wowhead.com/classic/quest=8698"", ""Ring of the Gathering Storm"")"	
"=HYPERLINK(""https://www.wowhead.com/classic/quest=8699"", ""Band of Vaulted Secrets"")"	
"=HYPERLINK(""https://www.wowhead.com/classic/quest=8700"", ""Band of Unending Life"")"	
"=HYPERLINK(""https://www.wowhead.com/classic/quest=8701"", ""Band of Veiled Shadows"")"	
"=HYPERLINK(""https://www.wowhead.com/classic/quest=8702"", ""Ring of Unspoken Names"")"	
"=HYPERLINK(""https://www.wowhead.com/classic/quest=8703"", ""Ring of Eternal Justice"")"	
"=HYPERLINK(""https://www.wowhead.com/classic/quest=8704"", ""Signet of the Unseen Path"")"	
"=HYPERLINK(""https://www.wowhead.com/classic/quest=8705"", ""Gavel of Infinite Wisdom"")"	
"=HYPERLINK(""https://www.wowhead.com/classic/quest=8706"", ""Hammer of the Gathering Storm"")"	
"=HYPERLINK(""https://www.wowhead.com/classic/quest=8707"", ""Blade of Vaulted Secrets"")"	
"=HYPERLINK(""https://www.wowhead.com/classic/quest=8708"", ""Mace of Unending Life"")"	
"=HYPERLINK(""https://www.wowhead.com/classic/quest=8709"", ""Dagger of Veiled Shadows"")"	
"=HYPERLINK(""https://www.wowhead.com/classic/quest=8710"", ""Kris of Unspoken Names"")"	
"=HYPERLINK(""https://www.wowhead.com/classic/quest=8711"", ""Blade of Eternal Justice"")"	
"=HYPERLINK(""https://www.wowhead.com/classic/quest=8712"", ""Scythe of the Unseen Path"")"	
"=HYPERLINK(""https://www.wowhead.com/classic/quest=8905"", ""An Earnest Proposition"")"	
"=HYPERLINK(""https://www.wowhead.com/classic/quest=8906"", ""An Earnest Proposition"")"	
"=HYPERLINK(""https://www.wowhead.com/classic/quest=8907"", ""An Earnest Proposition"")"	
"=HYPERLINK(""https://www.wowhead.com/classic/quest=8908"", ""An Earnest Proposition"")"	
"=HYPERLINK(""https://www.wowhead.com/classic/quest=8909"", ""An Earnest Proposition"")"	
"=HYPERLINK(""https://www.wowhead.com/classic/quest=8910"", ""An Earnest Proposition"")"	
"=HYPERLINK(""https://www.wowhead.com/classic/quest=8911"", ""An Earnest Proposition"")"	
"=HYPERLINK(""https://www.wowhead.com/classic/quest=8912"", ""An Earnest Proposition"")"	
"=HYPERLINK(""https://www.wowhead.com/classic/quest=8913"", ""An Earnest Proposition"")"	
"=HYPERLINK(""https://www.wowhead.com/classic/quest=8914"", ""An Earnest Proposition"")"	
"=HYPERLINK(""https://www.wowhead.com/classic/quest=8915"", ""An Earnest Proposition"")"	
"=HYPERLINK(""https://www.wowhead.com/classic/quest=8916"", ""An Earnest Proposition"")"	
"=HYPERLINK(""https://www.wowhead.com/classic/quest=8917"", ""An Earnest Proposition"")"	
"=HYPERLINK(""https://www.wowhead.com/classic/quest=8918"", ""An Earnest Proposition"")"	
"=HYPERLINK(""https://www.wowhead.com/classic/quest=8919"", ""An Earnest Proposition"")"	
"=HYPERLINK(""https://www.wowhead.com/classic/quest=8920"", ""An Earnest Proposition"")"	
"=HYPERLINK(""https://www.wowhead.com/classic/quest=8926"", ""Just Compensation"")"	
"=HYPERLINK(""https://www.wowhead.com/classic/quest=8927"", ""Just Compensation"")"	
"=HYPERLINK(""https://www.wowhead.com/classic/quest=8931"", ""Just Compensation"")"	
"=HYPERLINK(""https://www.wowhead.com/classic/quest=8932"", ""Just Compensation"")"	
"=HYPERLINK(""https://www.wowhead.com/classic/quest=8933"", ""Just Compensation"")"	
"=HYPERLINK(""https://www.wowhead.com/classic/quest=8934"", ""Just Compensation"")"	
"=HYPERLINK(""https://www.wowhead.com/classic/quest=8935"", ""Just Compensation"")"	
"=HYPERLINK(""https://www.wowhead.com/classic/quest=8936"", ""Just Compensation"")"	
"=HYPERLINK(""https://www.wowhead.com/classic/quest=8937"", ""Just Compensation"")"	
"=HYPERLINK(""https://www.wowhead.com/classic/quest=8938"", ""Just Compensation"")"	
"=HYPERLINK(""https://www.wowhead.com/classic/quest=8939"", ""Just Compensation"")"	
"=HYPERLINK(""https://www.wowhead.com/classic/quest=8940"", ""Just Compensation"")"	
"=HYPERLINK(""https://www.wowhead.com/classic/quest=8941"", ""Just Compensation"")"	
"=HYPERLINK(""https://www.wowhead.com/classic/quest=8942"", ""Just Compensation"")"	
"=HYPERLINK(""https://www.wowhead.com/classic/quest=8943"", ""Just Compensation"")"	
"=HYPERLINK(""https://www.wowhead.com/classic/quest=8944"", ""Just Compensation"")"	
"=HYPERLINK(""https://www.wowhead.com/classic/quest=8951"", ""Anthion's Parting Words"")"	
"=HYPERLINK(""https://www.wowhead.com/classic/quest=8952"", ""Anthion's Parting Words"")"	
"=HYPERLINK(""https://www.wowhead.com/classic/quest=8953"", ""Anthion's Parting Words"")"	
"=HYPERLINK(""https://www.wowhead.com/classic/quest=8954"", ""Anthion's Parting Words"")"	
"=HYPERLINK(""https://www.wowhead.com/classic/quest=8955"", ""Anthion's Parting Words"")"	
"=HYPERLINK(""https://www.wowhead.com/classic/quest=8956"", ""Anthion's Parting Words"")"	
"=HYPERLINK(""https://www.wowhead.com/classic/quest=8957"", ""Anthion's Parting Words"")"	
"=HYPERLINK(""https://www.wowhead.com/classic/quest=8958"", ""Anthion's Parting Words"")"	
"=HYPERLINK(""https://www.wowhead.com/classic/quest=8959"", ""Anthion's Parting Words"")"	
"=HYPERLINK(""https://www.wowhead.com/classic/quest=8962"", ""Components of Importance"")"	
"=HYPERLINK(""https://www.wowhead.com/classic/quest=8963"", ""Components of Importance"")"	
"=HYPERLINK(""https://www.wowhead.com/classic/quest=8964"", ""Components of Importance"")"	
"=HYPERLINK(""https://www.wowhead.com/classic/quest=8965"", ""Components of Importance"")"	
"=HYPERLINK(""https://www.wowhead.com/classic/quest=8966"", ""The Left Piece of Lord Valthalak's Amulet"")"	
"=HYPERLINK(""https://www.wowhead.com/classic/quest=8967"", ""The Left Piece of Lord Valthalak's Amulet"")"	
"=HYPERLINK(""https://www.wowhead.com/classic/quest=8968"", ""The Left Piece of Lord Valthalak's Amulet"")"	
"=HYPERLINK(""https://www.wowhead.com/classic/quest=8969"", ""The Left Piece of Lord Valthalak's Amulet"")"	
"=HYPERLINK(""https://www.wowhead.com/classic/quest=8985"", ""More Components of Importance"")"	
"=HYPERLINK(""https://www.wowhead.com/classic/quest=8986"", ""More Components of Importance"")"	
"=HYPERLINK(""https://www.wowhead.com/classic/quest=8987"", ""More Components of Importance"")"	
"=HYPERLINK(""https://www.wowhead.com/classic/quest=8988"", ""More Components of Importance"")"	
"=HYPERLINK(""https://www.wowhead.com/classic/quest=8989"", ""The Right Piece of Lord Valthalak's Amulet"")"	
"=HYPERLINK(""https://www.wowhead.com/classic/quest=8990"", ""The Right Piece of Lord Valthalak's Amulet"")"	
"=HYPERLINK(""https://www.wowhead.com/classic/quest=8991"", ""The Right Piece of Lord Valthalak's Amulet"")"	
"=HYPERLINK(""https://www.wowhead.com/classic/quest=8992"", ""The Right Piece of Lord Valthalak's Amulet"")"	
"=HYPERLINK(""https://www.wowhead.com/classic/quest=8999"", ""Saving the Best for Last"")"	
"=HYPERLINK(""https://www.wowhead.com/tbc/quest=9000"", ""Saving the Best for Last"")"	
"=HYPERLINK(""https://www.wowhead.com/tbc/quest=9001"", ""Saving the Best for Last"")"	
"=HYPERLINK(""https://www.wowhead.com/tbc/quest=9002"", ""Saving the Best for Last"")"	
"=HYPERLINK(""https://www.wowhead.com/tbc/quest=9003"", ""Saving the Best for Last"")"	
"=HYPERLINK(""https://www.wowhead.com/tbc/quest=9004"", ""Saving the Best for Last"")"	
"=HYPERLINK(""https://www.wowhead.com/tbc/quest=9005"", ""Saving the Best for Last"")"	
"=HYPERLINK(""https://www.wowhead.com/tbc/quest=9006"", ""Saving the Best for Last"")"	
"=HYPERLINK(""https://www.wowhead.com/tbc/quest=9007"", ""Saving the Best for Last"")"	
"=HYPERLINK(""https://www.wowhead.com/tbc/quest=9008"", ""Saving the Best for Last"")"	
"=HYPERLINK(""https://www.wowhead.com/tbc/quest=9009"", ""Saving the Best for Last"")"	
"=HYPERLINK(""https://www.wowhead.com/tbc/quest=9010"", ""Saving the Best for Last"")"	
"=HYPERLINK(""https://www.wowhead.com/tbc/quest=9011"", ""Saving the Best for Last"")"	
"=HYPERLINK(""https://www.wowhead.com/tbc/quest=9012"", ""Saving the Best for Last"")"	
"=HYPERLINK(""https://www.wowhead.com/tbc/quest=9013"", ""Saving the Best for Last"")"	
"=HYPERLINK(""https://www.wowhead.com/tbc/quest=9014"", ""Saving the Best for Last"")"	
"=HYPERLINK(""https://www.wowhead.com/tbc/quest=9016"", ""Anthion's Parting Words"")"	
"=HYPERLINK(""https://www.wowhead.com/tbc/quest=9017"", ""Anthion's Parting Words"")"	
"=HYPERLINK(""https://www.wowhead.com/tbc/quest=9018"", ""Anthion's Parting Words"")"	
"=HYPERLINK(""https://www.wowhead.com/tbc/quest=9019"", ""Anthion's Parting Words"")"	
"=HYPERLINK(""https://www.wowhead.com/tbc/quest=9020"", ""Anthion's Parting Words"")"	
"=HYPERLINK(""https://www.wowhead.com/tbc/quest=9021"", ""Anthion's Parting Words"")"	
"=HYPERLINK(""https://www.wowhead.com/tbc/quest=9022"", ""Anthion's Parting Words"")"	
"=HYPERLINK(""https://www.wowhead.com/tbc/quest=9045"", ""Redemption Headpiece"")"	
"=HYPERLINK(""https://www.wowhead.com/tbc/quest=9234"", ""Icebane Gauntlets"")"	
"=HYPERLINK(""https://www.wowhead.com/tbc/quest=9235"", ""Icebane Bracers"")"	
"=HYPERLINK(""https://www.wowhead.com/tbc/quest=9236"", ""Icebane Breastplate"")"	
"=HYPERLINK(""https://www.wowhead.com/tbc/quest=9238"", ""Glacial Wrists"")"	
"=HYPERLINK(""https://www.wowhead.com/tbc/quest=9239"", ""Glacial Gloves"")"	
"=HYPERLINK(""https://www.wowhead.com/tbc/quest=9240"", ""Glacial Vest"")"	
"=HYPERLINK(""https://www.wowhead.com/tbc/quest=9241"", ""Polar Bracers"")"	
"=HYPERLINK(""https://www.wowhead.com/tbc/quest=9242"", ""Polar Gloves"")"	
"=HYPERLINK(""https://www.wowhead.com/tbc/quest=9243"", ""Polar Tunic"")"	
"=HYPERLINK(""https://www.wowhead.com/tbc/quest=9244"", ""Icy Scale Bracers"")"	
"=HYPERLINK(""https://www.wowhead.com/tbc/quest=9245"", ""Icy Scale Gauntlets"")"	
"=HYPERLINK(""https://www.wowhead.com/tbc/quest=9246"", ""Icy Scale Breastplate"")"	
"=HYPERLINK(""https://www.wowhead.com/tbc/quest=9362"", ""Warlord Krellian"")"	
"=HYPERLINK(""https://www.wowhead.com/tbc/quest=10492"", ""An Earnest Proposition"")"	
"=HYPERLINK(""https://www.wowhead.com/tbc/quest=10493"", ""An Earnest Proposition"")"	
"=HYPERLINK(""https://www.wowhead.com/tbc/quest=10494"", ""Just Compensation"")"	
"=HYPERLINK(""https://www.wowhead.com/tbc/quest=10495"", ""Just Compensation"")"	
"=HYPERLINK(""https://www.wowhead.com/tbc/quest=10496"", ""Anthion's Parting Words"")"	
"=HYPERLINK(""https://www.wowhead.com/tbc/quest=10497"", ""Anthion's Parting Words"")"	
"=HYPERLINK(""https://www.wowhead.com/tbc/quest=10498"", ""Saving the Best for Last"")"	
"=HYPERLINK(""https://www.wowhead.com/tbc/quest=10499"", ""Saving the Best for Last"")"	
"=HYPERLINK(""https://www.wowhead.com/wotlk/quest=13410"", ""Hellfire Fortifications"")"	
"=HYPERLINK(""https://www.wowhead.com/wotlk/quest=13411"", ""Hellfire Fortifications"")"	
"=HYPERLINK(""https://www.wowhead.com/tbc/quest=11010"", ""Bombing Run"")"	
"=HYPERLINK(""https://www.wowhead.com/tbc/quest=11102"", ""Bombing Run"")"	
"=HYPERLINK(""https://www.wowhead.com/wotlk/quest=12172"", ""Attunement to Dalaran"")"	
"=HYPERLINK(""https://www.wowhead.com/wotlk/quest=12173"", ""Attunement to Dalaran"")"	
"=HYPERLINK(""https://www.wowhead.com/wotlk/quest=13682"", ""Threat From Above"")"	
"=HYPERLINK(""https://www.wowhead.com/wotlk/quest=13788"", ""Threat From Above"")"	
"=HYPERLINK(""https://www.wowhead.com/wotlk/quest=13789"", ""Taking Battle To The Enemy"")"	
"=HYPERLINK(""https://www.wowhead.com/wotlk/quest=13790"", ""Among the Champions"")"	
"=HYPERLINK(""https://www.wowhead.com/wotlk/quest=13791"", ""Taking Battle To The Enemy"")"	
"=HYPERLINK(""https://www.wowhead.com/wotlk/quest=13793"", ""Among the Champions"")"	
"=HYPERLINK(""https://www.wowhead.com/wotlk/quest=13809"", ""Threat From Above"")"	
"=HYPERLINK(""https://www.wowhead.com/wotlk/quest=13810"", ""Taking Battle To The Enemy"")"	
"=HYPERLINK(""https://www.wowhead.com/wotlk/quest=13811"", ""Among the Champions"")"	
"=HYPERLINK(""https://www.wowhead.com/wotlk/quest=13812"", ""Threat From Above"")"	
"=HYPERLINK(""https://www.wowhead.com/wotlk/quest=13813"", ""Taking Battle To The Enemy"")"	
"=HYPERLINK(""https://www.wowhead.com/wotlk/quest=13814"", ""Among the Champions"")"	
"=HYPERLINK(""https://www.wowhead.com/wotlk/quest=13861"", ""Battle Before The Citadel"")"	
"=HYPERLINK(""https://www.wowhead.com/wotlk/quest=13862"", ""Battle Before The Citadel"")"	
"=HYPERLINK(""https://www.wowhead.com/wotlk/quest=13863"", ""Battle Before The Citadel"")"	
"=HYPERLINK(""https://www.wowhead.com/wotlk/quest=13864"", ""Battle Before The Citadel"")"	
"=HYPERLINK(""https://www.wowhead.com/wotlk/quest=24545"", ""The Sacred and the Corrupt"")"	
"=HYPERLINK(""https://www.wowhead.com/wotlk/quest=24547"", ""A Feast of Souls"")"	
"=HYPERLINK(""https://www.wowhead.com/wotlk/quest=24548"", ""The Splintered Throne"")"	
"=HYPERLINK(""https://www.wowhead.com/wotlk/quest=24553"", ""The Purification of Quel'Delar"")"	
"=HYPERLINK(""https://www.wowhead.com/wotlk/quest=24564"", ""The Purification of Quel'Delar"")"	
"=HYPERLINK(""https://www.wowhead.com/wotlk/quest=24594"", ""The Purification of Quel'Delar"")"	
"=HYPERLINK(""https://www.wowhead.com/wotlk/quest=24595"", ""The Purification of Quel'Delar"")"	
"=HYPERLINK(""https://www.wowhead.com/wotlk/quest=24596"", ""The Purification of Quel'Delar"")"	
"=HYPERLINK(""https://www.wowhead.com/wotlk/quest=24598"", ""The Purification of Quel'Delar"")"	
"=HYPERLINK(""https://www.wowhead.com/wotlk/quest=24748"", ""The Lich King's Last Stand"")"	
